"title","start_time","end_time","description","exercise_title","superset_id","exercise_notes","set_index","set_type","weight_kg","reps","distance_km","duration_seconds","rpe"
"Upper","Jul 15, 2026, 7:55 PM","Jul 15, 2026, 8:37 PM","Sped through this one after socializing with the lifting club. I think the reason why my bench ia declining is im not doing enough proper chest work","Bench Press (Barbell)",,"",0,"warmup",20,20,,,
"Upper","Jul 15, 2026, 7:55 PM","Jul 15, 2026, 8:37 PM","Sped through this one after socializing with the lifting club. I think the reason why my bench ia declining is im not doing enough proper chest work","Bench Press (Barbell)",,"",1,"warmup",60,8,,,
"Upper","Jul 15, 2026, 7:55 PM","Jul 15, 2026, 8:37 PM","Sped through this one after socializing with the lifting club. I think the reason why my bench ia declining is im not doing enough proper chest work","Bench Press (Barbell)",,"",2,"warmup",90,3,,,
"Upper","Jul 15, 2026, 7:55 PM","Jul 15, 2026, 8:37 PM","Sped through this one after socializing with the lifting club. I think the reason why my bench ia declining is im not doing enough proper chest work","Bench Press (Barbell)",,"",3,"normal",100,4,,,
"Upper","Jul 15, 2026, 7:55 PM","Jul 15, 2026, 8:37 PM","Sped through this one after socializing with the lifting club. I think the reason why my bench ia declining is im not doing enough proper chest work","Bench Press (Barbell)",,"",4,"normal",90,7,,,
"Upper","Jul 15, 2026, 7:55 PM","Jul 15, 2026, 8:37 PM","Sped through this one after socializing with the lifting club. I think the reason why my bench ia declining is im not doing enough proper chest work","Seated Row (Machine)",,"",0,"normal",75,12,,,
"Upper","Jul 15, 2026, 7:55 PM","Jul 15, 2026, 8:37 PM","Sped through this one after socializing with the lifting club. I think the reason why my bench ia declining is im not doing enough proper chest work","Seated Row (Machine)",,"",1,"normal",75,12,,,
"Upper","Jul 15, 2026, 7:55 PM","Jul 15, 2026, 8:37 PM","Sped through this one after socializing with the lifting club. I think the reason why my bench ia declining is im not doing enough proper chest work","Seated Row (Machine)",,"",2,"normal",75,10,,,
"Upper","Jul 15, 2026, 7:55 PM","Jul 15, 2026, 8:37 PM","Sped through this one after socializing with the lifting club. I think the reason why my bench ia declining is im not doing enough proper chest work","Chest Fly (Machine)",,"",0,"normal",70,12,,,
"Upper","Jul 15, 2026, 7:55 PM","Jul 15, 2026, 8:37 PM","Sped through this one after socializing with the lifting club. I think the reason why my bench ia declining is im not doing enough proper chest work","Chest Fly (Machine)",,"",1,"normal",90,11,,,
"Upper","Jul 15, 2026, 7:55 PM","Jul 15, 2026, 8:37 PM","Sped through this one after socializing with the lifting club. I think the reason why my bench ia declining is im not doing enough proper chest work","Chest Fly (Machine)",,"",2,"normal",90,9,,,
"Upper","Jul 15, 2026, 7:55 PM","Jul 15, 2026, 8:37 PM","Sped through this one after socializing with the lifting club. I think the reason why my bench ia declining is im not doing enough proper chest work","Lat Pulldown (Cable)",,"",0,"warmup",48,12,,,
"Upper","Jul 15, 2026, 7:55 PM","Jul 15, 2026, 8:37 PM","Sped through this one after socializing with the lifting club. I think the reason why my bench ia declining is im not doing enough proper chest work","Lat Pulldown (Cable)",,"",1,"normal",96,9,,,
"Upper","Jul 15, 2026, 7:55 PM","Jul 15, 2026, 8:37 PM","Sped through this one after socializing with the lifting club. I think the reason why my bench ia declining is im not doing enough proper chest work","Lat Pulldown (Cable)",,"",2,"normal",96,7,,,
"Upper","Jul 15, 2026, 7:55 PM","Jul 15, 2026, 8:37 PM","Sped through this one after socializing with the lifting club. I think the reason why my bench ia declining is im not doing enough proper chest work","Chest Press (Machine)",,"This machine is crazy heavy for what it says it is",0,"normal",68,9,,,
"Upper","Jul 15, 2026, 7:55 PM","Jul 15, 2026, 8:37 PM","Sped through this one after socializing with the lifting club. I think the reason why my bench ia declining is im not doing enough proper chest work","Chest Press (Machine)",,"This machine is crazy heavy for what it says it is",1,"normal",68,12,,,
"Lower","Jul 14, 2026, 8:57 PM","Jul 14, 2026, 9:59 PM","Super easy low volume leg day. Dont want to be tired tmr at the lifting club","Lying Leg Curl (Machine)",,"",0,"warmup",35,12,,,
"Lower","Jul 14, 2026, 8:57 PM","Jul 14, 2026, 9:59 PM","Super easy low volume leg day. Dont want to be tired tmr at the lifting club","Lying Leg Curl (Machine)",,"",1,"normal",80,12,,,
"Lower","Jul 14, 2026, 8:57 PM","Jul 14, 2026, 9:59 PM","Super easy low volume leg day. Dont want to be tired tmr at the lifting club","Lying Leg Curl (Machine)",,"",2,"normal",90,10,,,
"Lower","Jul 14, 2026, 8:57 PM","Jul 14, 2026, 9:59 PM","Super easy low volume leg day. Dont want to be tired tmr at the lifting club","Lying Leg Curl (Machine)",,"",3,"normal",90,8,,,
"Lower","Jul 14, 2026, 8:57 PM","Jul 14, 2026, 9:59 PM","Super easy low volume leg day. Dont want to be tired tmr at the lifting club","Calf Press (Machine)",,"",0,"warmup",90,12,,,
"Lower","Jul 14, 2026, 8:57 PM","Jul 14, 2026, 9:59 PM","Super easy low volume leg day. Dont want to be tired tmr at the lifting club","Calf Press (Machine)",,"",1,"normal",160,14,,,
"Lower","Jul 14, 2026, 8:57 PM","Jul 14, 2026, 9:59 PM","Super easy low volume leg day. Dont want to be tired tmr at the lifting club","Calf Press (Machine)",,"",2,"normal",160,14,,,
"Lower","Jul 14, 2026, 8:57 PM","Jul 14, 2026, 9:59 PM","Super easy low volume leg day. Dont want to be tired tmr at the lifting club","Calf Press (Machine)",,"",3,"normal",160,12,,,
"Lower","Jul 14, 2026, 8:57 PM","Jul 14, 2026, 9:59 PM","Super easy low volume leg day. Dont want to be tired tmr at the lifting club","Leg Extension (Machine)",,"",0,"warmup",55,12,,,
"Lower","Jul 14, 2026, 8:57 PM","Jul 14, 2026, 9:59 PM","Super easy low volume leg day. Dont want to be tired tmr at the lifting club","Leg Extension (Machine)",,"",1,"normal",115,12,,,
"Lower","Jul 14, 2026, 8:57 PM","Jul 14, 2026, 9:59 PM","Super easy low volume leg day. Dont want to be tired tmr at the lifting club","Leg Extension (Machine)",,"",2,"normal",120,8,,,
"Lower","Jul 14, 2026, 8:57 PM","Jul 14, 2026, 9:59 PM","Super easy low volume leg day. Dont want to be tired tmr at the lifting club","Leg Extension (Machine)",,"",3,"normal",115,12,,,
"Lower","Jul 14, 2026, 8:57 PM","Jul 14, 2026, 9:59 PM","Super easy low volume leg day. Dont want to be tired tmr at the lifting club","Cable Crunch",,"",0,"normal",47.5,15,,,
"Lower","Jul 14, 2026, 8:57 PM","Jul 14, 2026, 9:59 PM","Super easy low volume leg day. Dont want to be tired tmr at the lifting club","Cable Crunch",,"",1,"normal",50,15,,,
"Lower","Jul 14, 2026, 8:57 PM","Jul 14, 2026, 9:59 PM","Super easy low volume leg day. Dont want to be tired tmr at the lifting club","Cable Crunch",,"",2,"normal",50,12,,,
"Pull","Jul 12, 2026, 8:14 PM","Jul 12, 2026, 9:14 PM","","Bent Over Row (Barbell)",,"",0,"warmup",45.5,12,,,
"Pull","Jul 12, 2026, 8:14 PM","Jul 12, 2026, 9:14 PM","","Bent Over Row (Barbell)",,"",1,"normal",75.5,11,,,
"Pull","Jul 12, 2026, 8:14 PM","Jul 12, 2026, 9:14 PM","","Bent Over Row (Barbell)",,"",2,"normal",55.5,12,,,
"Pull","Jul 12, 2026, 8:14 PM","Jul 12, 2026, 9:14 PM","","Seated Row (Machine)",,"",0,"normal",63,12,,,
"Pull","Jul 12, 2026, 8:14 PM","Jul 12, 2026, 9:14 PM","","Seated Row (Machine)",,"",1,"normal",70,15,,,
"Pull","Jul 12, 2026, 8:14 PM","Jul 12, 2026, 9:14 PM","","Seated Row (Machine)",,"",2,"normal",70,12,,,
"Pull","Jul 12, 2026, 8:14 PM","Jul 12, 2026, 9:14 PM","","Behind the Back Wrist Curl (Barbell)",,"",0,"normal",35,12,,,
"Pull","Jul 12, 2026, 8:14 PM","Jul 12, 2026, 9:14 PM","","Behind the Back Wrist Curl (Barbell)",,"",1,"normal",35,16,,,
"Pull","Jul 12, 2026, 8:14 PM","Jul 12, 2026, 9:14 PM","","Behind the Back Wrist Curl (Barbell)",,"",2,"normal",37.5,20,,,
"Pull","Jul 12, 2026, 8:14 PM","Jul 12, 2026, 9:14 PM","","Iso-Lateral High Row (Machine)",,"",0,"warmup",60,17,,,
"Pull","Jul 12, 2026, 8:14 PM","Jul 12, 2026, 9:14 PM","","Iso-Lateral High Row (Machine)",,"",1,"normal",100,12,,,
"Pull","Jul 12, 2026, 8:14 PM","Jul 12, 2026, 9:14 PM","","Iso-Lateral High Row (Machine)",,"",2,"normal",130,10,,,
"Pull","Jul 12, 2026, 8:14 PM","Jul 12, 2026, 9:14 PM","","Iso-Lateral High Row (Machine)",,"",3,"normal",110,12,,,
"Pull","Jul 12, 2026, 8:14 PM","Jul 12, 2026, 9:14 PM","","Preacher Curl (Machine)",,"",0,"normal",68,12,,,
"Pull","Jul 12, 2026, 8:14 PM","Jul 12, 2026, 9:14 PM","","Preacher Curl (Machine)",,"",1,"normal",68,10,,,
"Pull","Jul 12, 2026, 8:14 PM","Jul 12, 2026, 9:14 PM","","Preacher Curl (Machine)",,"",2,"normal",68,9,,,
"Push","Jul 11, 2026, 6:02 PM","Jul 11, 2026, 7:02 PM","Rushed before dinner workout","Bench Press (Barbell)",,"Went down and did pause reps at 70kg",0,"warmup",20,20,,,
"Push","Jul 11, 2026, 6:02 PM","Jul 11, 2026, 7:02 PM","Rushed before dinner workout","Bench Press (Barbell)",,"Went down and did pause reps at 70kg",1,"warmup",60,8,,,
"Push","Jul 11, 2026, 6:02 PM","Jul 11, 2026, 7:02 PM","Rushed before dinner workout","Bench Press (Barbell)",,"Went down and did pause reps at 70kg",2,"warmup",90,2,,,
"Push","Jul 11, 2026, 6:02 PM","Jul 11, 2026, 7:02 PM","Rushed before dinner workout","Bench Press (Barbell)",,"Went down and did pause reps at 70kg",3,"normal",100,4,,,
"Push","Jul 11, 2026, 6:02 PM","Jul 11, 2026, 7:02 PM","Rushed before dinner workout","Bench Press (Barbell)",,"Went down and did pause reps at 70kg",4,"normal",90,7,,,
"Push","Jul 11, 2026, 6:02 PM","Jul 11, 2026, 7:02 PM","Rushed before dinner workout","Bench Press (Barbell)",,"Went down and did pause reps at 70kg",5,"normal",70,14,,,
"Push","Jul 11, 2026, 6:02 PM","Jul 11, 2026, 7:02 PM","Rushed before dinner workout","Overhead Press (Barbell)",,"",0,"warmup",20,8,,,
"Push","Jul 11, 2026, 6:02 PM","Jul 11, 2026, 7:02 PM","Rushed before dinner workout","Overhead Press (Barbell)",,"",1,"normal",40,10,,,
"Push","Jul 11, 2026, 6:02 PM","Jul 11, 2026, 7:02 PM","Rushed before dinner workout","Overhead Press (Barbell)",,"",2,"normal",40,8,,,
"Push","Jul 11, 2026, 6:02 PM","Jul 11, 2026, 7:02 PM","Rushed before dinner workout","Overhead Press (Barbell)",,"",3,"normal",40,8,,,
"Push","Jul 11, 2026, 6:02 PM","Jul 11, 2026, 7:02 PM","Rushed before dinner workout","Triceps Pushdown",,"",0,"normal",45,13,,,
"Push","Jul 11, 2026, 6:02 PM","Jul 11, 2026, 7:02 PM","Rushed before dinner workout","Triceps Pushdown",,"",1,"normal",45,14,,,
"Push","Jul 11, 2026, 6:02 PM","Jul 11, 2026, 7:02 PM","Rushed before dinner workout","Triceps Pushdown",,"",2,"normal",45,10,,,
"Push","Jul 11, 2026, 6:02 PM","Jul 11, 2026, 7:02 PM","Rushed before dinner workout","Chest Dip",,"",0,"normal",,12,,,
"Push","Jul 11, 2026, 6:02 PM","Jul 11, 2026, 7:02 PM","Rushed before dinner workout","Chest Dip",,"",1,"normal",,12,,,
"Push","Jul 11, 2026, 6:02 PM","Jul 11, 2026, 7:02 PM","Rushed before dinner workout","Chest Dip",,"",2,"normal",,11,,,
"Push","Jul 8, 2026, 9:43 PM","Jul 8, 2026, 10:57 PM","Short and sweet today. I hit legs yesterday so i was so tired and had to go easy","Incline Bench Press (Dumbbell)",,"All the benches are taken and ots about time i take a little break from benching every single session so its time for some incline dumbell",0,"warmup",20,12,,,
"Push","Jul 8, 2026, 9:43 PM","Jul 8, 2026, 10:57 PM","Short and sweet today. I hit legs yesterday so i was so tired and had to go easy","Incline Bench Press (Dumbbell)",,"All the benches are taken and ots about time i take a little break from benching every single session so its time for some incline dumbell",1,"warmup",28,4,,,
"Push","Jul 8, 2026, 9:43 PM","Jul 8, 2026, 10:57 PM","Short and sweet today. I hit legs yesterday so i was so tired and had to go easy","Incline Bench Press (Dumbbell)",,"All the benches are taken and ots about time i take a little break from benching every single session so its time for some incline dumbell",2,"normal",36,6,,,
"Push","Jul 8, 2026, 9:43 PM","Jul 8, 2026, 10:57 PM","Short and sweet today. I hit legs yesterday so i was so tired and had to go easy","Incline Bench Press (Dumbbell)",,"All the benches are taken and ots about time i take a little break from benching every single session so its time for some incline dumbell",3,"normal",36,7,,,
"Push","Jul 8, 2026, 9:43 PM","Jul 8, 2026, 10:57 PM","Short and sweet today. I hit legs yesterday so i was so tired and had to go easy","Incline Bench Press (Dumbbell)",,"All the benches are taken and ots about time i take a little break from benching every single session so its time for some incline dumbell",4,"normal",36,5,,,
"Push","Jul 8, 2026, 9:43 PM","Jul 8, 2026, 10:57 PM","Short and sweet today. I hit legs yesterday so i was so tired and had to go easy","Chest Fly (Machine)",,"I need to stop coming to the gym the day after legs. I have had to drop the weight 20 kgs to get a full set",0,"warmup",40,12,,,
"Push","Jul 8, 2026, 9:43 PM","Jul 8, 2026, 10:57 PM","Short and sweet today. I hit legs yesterday so i was so tired and had to go easy","Chest Fly (Machine)",,"I need to stop coming to the gym the day after legs. I have had to drop the weight 20 kgs to get a full set",1,"normal",90,6,,,
"Push","Jul 8, 2026, 9:43 PM","Jul 8, 2026, 10:57 PM","Short and sweet today. I hit legs yesterday so i was so tired and had to go easy","Chest Fly (Machine)",,"I need to stop coming to the gym the day after legs. I have had to drop the weight 20 kgs to get a full set",2,"normal",80,12,,,
"Push","Jul 8, 2026, 9:43 PM","Jul 8, 2026, 10:57 PM","Short and sweet today. I hit legs yesterday so i was so tired and had to go easy","Chest Fly (Machine)",,"I need to stop coming to the gym the day after legs. I have had to drop the weight 20 kgs to get a full set",3,"normal",80,12,,,
"Push","Jul 8, 2026, 9:43 PM","Jul 8, 2026, 10:57 PM","Short and sweet today. I hit legs yesterday so i was so tired and had to go easy","Triceps Pushdown",,"",0,"normal",45,16,,,
"Push","Jul 8, 2026, 9:43 PM","Jul 8, 2026, 10:57 PM","Short and sweet today. I hit legs yesterday so i was so tired and had to go easy","Triceps Pushdown",,"",1,"normal",45,13,,,
"Push","Jul 8, 2026, 9:43 PM","Jul 8, 2026, 10:57 PM","Short and sweet today. I hit legs yesterday so i was so tired and had to go easy","Triceps Pushdown",,"",2,"normal",45,14,,,
"Push","Jul 8, 2026, 9:43 PM","Jul 8, 2026, 10:57 PM","Short and sweet today. I hit legs yesterday so i was so tired and had to go easy","Lateral Raise (Dumbbell)",,"Like these actually",0,"warmup",8,12,,,
"Push","Jul 8, 2026, 9:43 PM","Jul 8, 2026, 10:57 PM","Short and sweet today. I hit legs yesterday so i was so tired and had to go easy","Lateral Raise (Dumbbell)",,"Like these actually",1,"normal",12,12,,,
"Push","Jul 8, 2026, 9:43 PM","Jul 8, 2026, 10:57 PM","Short and sweet today. I hit legs yesterday so i was so tired and had to go easy","Lateral Raise (Dumbbell)",,"Like these actually",2,"normal",12,12,,,
"Lower","Jul 7, 2026, 6:47 PM","Jul 7, 2026, 8:11 PM","Went les mills good leg day","Lying Leg Curl (Machine)",,"",0,"warmup",46,12,,,
"Lower","Jul 7, 2026, 6:47 PM","Jul 7, 2026, 8:11 PM","Went les mills good leg day","Lying Leg Curl (Machine)",,"",1,"normal",81,11,,,
"Lower","Jul 7, 2026, 6:47 PM","Jul 7, 2026, 8:11 PM","Went les mills good leg day","Lying Leg Curl (Machine)",,"",2,"normal",81,9,,,
"Lower","Jul 7, 2026, 6:47 PM","Jul 7, 2026, 8:11 PM","Went les mills good leg day","Squat (Barbell)",,"",0,"warmup",20,12,,,
"Lower","Jul 7, 2026, 6:47 PM","Jul 7, 2026, 8:11 PM","Went les mills good leg day","Squat (Barbell)",,"",1,"warmup",60,8,,,
"Lower","Jul 7, 2026, 6:47 PM","Jul 7, 2026, 8:11 PM","Went les mills good leg day","Squat (Barbell)",,"",2,"normal",100,3,,,
"Lower","Jul 7, 2026, 6:47 PM","Jul 7, 2026, 8:11 PM","Went les mills good leg day","Squat (Barbell)",,"",3,"normal",120,8,,,
"Lower","Jul 7, 2026, 6:47 PM","Jul 7, 2026, 8:11 PM","Went les mills good leg day","Squat (Barbell)",,"",4,"normal",120,7,,,
"Lower","Jul 7, 2026, 6:47 PM","Jul 7, 2026, 8:11 PM","Went les mills good leg day","Squat (Barbell)",,"",5,"normal",100,16,,,
"Lower","Jul 7, 2026, 6:47 PM","Jul 7, 2026, 8:11 PM","Went les mills good leg day","Leg Extension (Machine)",,"",0,"warmup",87,10,,,
"Lower","Jul 7, 2026, 6:47 PM","Jul 7, 2026, 8:11 PM","Went les mills good leg day","Leg Extension (Machine)",,"",1,"normal",117,10,,,
"Lower","Jul 7, 2026, 6:47 PM","Jul 7, 2026, 8:11 PM","Went les mills good leg day","Leg Extension (Machine)",,"",2,"normal",110,12,,,
"Lower","Jul 7, 2026, 6:47 PM","Jul 7, 2026, 8:11 PM","Went les mills good leg day","Cable Crunch",,"",0,"normal",46,12,,,
"Lower","Jul 7, 2026, 6:47 PM","Jul 7, 2026, 8:11 PM","Went les mills good leg day","Cable Crunch",,"",1,"normal",46,13,,,
"Lower","Jul 7, 2026, 6:47 PM","Jul 7, 2026, 8:11 PM","Went les mills good leg day","Cable Crunch",,"",2,"normal",46,12,,,
"Lower","Jul 7, 2026, 6:47 PM","Jul 7, 2026, 8:11 PM","Went les mills good leg day","Standing Calf Raise (Machine)",,"",0,"warmup",105,12,,,
"Lower","Jul 7, 2026, 6:47 PM","Jul 7, 2026, 8:11 PM","Went les mills good leg day","Standing Calf Raise (Machine)",,"",1,"normal",155,10,,,
"Lower","Jul 7, 2026, 6:47 PM","Jul 7, 2026, 8:11 PM","Went les mills good leg day","Standing Calf Raise (Machine)",,"",2,"normal",155,12,,,
"Lower","Jul 7, 2026, 6:47 PM","Jul 7, 2026, 8:11 PM","Went les mills good leg day","Side Bend (Dumbbell)",,"",0,"normal",32,12,,,
"Lower","Jul 7, 2026, 6:47 PM","Jul 7, 2026, 8:11 PM","Went les mills good leg day","Side Bend (Dumbbell)",,"",1,"normal",32,15,,,
"Upper","Jul 5, 2026, 9:37 PM","Jul 5, 2026, 11:02 PM","Was so tired coming in and the entrie way through this workout. Going to try fix my sleep and take 2 rest days","Bench Press (Barbell)",,"Idk why but ive been able to do less and less even though ive been doing the same stuff. Gonna lower the weight and bang out some reps",0,"warmup",20,20,,,
"Upper","Jul 5, 2026, 9:37 PM","Jul 5, 2026, 11:02 PM","Was so tired coming in and the entrie way through this workout. Going to try fix my sleep and take 2 rest days","Bench Press (Barbell)",,"Idk why but ive been able to do less and less even though ive been doing the same stuff. Gonna lower the weight and bang out some reps",1,"warmup",60,8,,,
"Upper","Jul 5, 2026, 9:37 PM","Jul 5, 2026, 11:02 PM","Was so tired coming in and the entrie way through this workout. Going to try fix my sleep and take 2 rest days","Bench Press (Barbell)",,"Idk why but ive been able to do less and less even though ive been doing the same stuff. Gonna lower the weight and bang out some reps",2,"warmup",90,2,,,
"Upper","Jul 5, 2026, 9:37 PM","Jul 5, 2026, 11:02 PM","Was so tired coming in and the entrie way through this workout. Going to try fix my sleep and take 2 rest days","Bench Press (Barbell)",,"Idk why but ive been able to do less and less even though ive been doing the same stuff. Gonna lower the weight and bang out some reps",3,"normal",100,4,,,
"Upper","Jul 5, 2026, 9:37 PM","Jul 5, 2026, 11:02 PM","Was so tired coming in and the entrie way through this workout. Going to try fix my sleep and take 2 rest days","Bench Press (Barbell)",,"Idk why but ive been able to do less and less even though ive been doing the same stuff. Gonna lower the weight and bang out some reps",4,"normal",92.5,6,,,
"Upper","Jul 5, 2026, 9:37 PM","Jul 5, 2026, 11:02 PM","Was so tired coming in and the entrie way through this workout. Going to try fix my sleep and take 2 rest days","Bench Press (Barbell)",,"Idk why but ive been able to do less and less even though ive been doing the same stuff. Gonna lower the weight and bang out some reps",5,"normal",82.5,11,,,
"Upper","Jul 5, 2026, 9:37 PM","Jul 5, 2026, 11:02 PM","Was so tired coming in and the entrie way through this workout. Going to try fix my sleep and take 2 rest days","Seated Row (Machine)",,"",0,"normal",60,12,,,
"Upper","Jul 5, 2026, 9:37 PM","Jul 5, 2026, 11:02 PM","Was so tired coming in and the entrie way through this workout. Going to try fix my sleep and take 2 rest days","Seated Row (Machine)",,"",1,"normal",60,12,,,
"Upper","Jul 5, 2026, 9:37 PM","Jul 5, 2026, 11:02 PM","Was so tired coming in and the entrie way through this workout. Going to try fix my sleep and take 2 rest days","Lat Pulldown (Machine)",,"",0,"warmup",64,12,,,
"Upper","Jul 5, 2026, 9:37 PM","Jul 5, 2026, 11:02 PM","Was so tired coming in and the entrie way through this workout. Going to try fix my sleep and take 2 rest days","Lat Pulldown (Machine)",,"",1,"normal",111,11,,,
"Upper","Jul 5, 2026, 9:37 PM","Jul 5, 2026, 11:02 PM","Was so tired coming in and the entrie way through this workout. Going to try fix my sleep and take 2 rest days","Lat Pulldown (Machine)",,"",2,"normal",111,9,,,
"Upper","Jul 5, 2026, 9:37 PM","Jul 5, 2026, 11:02 PM","Was so tired coming in and the entrie way through this workout. Going to try fix my sleep and take 2 rest days","Seated Shoulder Press (Machine)",,"",0,"normal",71,13,,,
"Upper","Jul 5, 2026, 9:37 PM","Jul 5, 2026, 11:02 PM","Was so tired coming in and the entrie way through this workout. Going to try fix my sleep and take 2 rest days","Seated Shoulder Press (Machine)",,"",1,"normal",84,7,,,
"Lower","Jul 4, 2026, 1:56 PM","Jul 4, 2026, 3:00 PM","Very tired but good leg day with this one","Seated Leg Curl (Machine)",,"",0,"warmup",40,20,,,
"Lower","Jul 4, 2026, 1:56 PM","Jul 4, 2026, 3:00 PM","Very tired but good leg day with this one","Seated Leg Curl (Machine)",,"",1,"normal",75,12,,,
"Lower","Jul 4, 2026, 1:56 PM","Jul 4, 2026, 3:00 PM","Very tired but good leg day with this one","Seated Leg Curl (Machine)",,"",2,"normal",75,12,,,
"Lower","Jul 4, 2026, 1:56 PM","Jul 4, 2026, 3:00 PM","Very tired but good leg day with this one","Hip Adduction (Machine)",,"",0,"normal",102.5,18,,,
"Lower","Jul 4, 2026, 1:56 PM","Jul 4, 2026, 3:00 PM","Very tired but good leg day with this one","Hip Adduction (Machine)",,"",1,"normal",102.5,18,,,
"Lower","Jul 4, 2026, 1:56 PM","Jul 4, 2026, 3:00 PM","Very tired but good leg day with this one","Hip Abduction (Machine)",,"",0,"normal",102.5,30,,,
"Lower","Jul 4, 2026, 1:56 PM","Jul 4, 2026, 3:00 PM","Very tired but good leg day with this one","Hip Abduction (Machine)",,"",1,"normal",102.5,30,,,
"Lower","Jul 4, 2026, 1:56 PM","Jul 4, 2026, 3:00 PM","Very tired but good leg day with this one","Squat (Barbell)",,"",0,"warmup",20,20,,,
"Lower","Jul 4, 2026, 1:56 PM","Jul 4, 2026, 3:00 PM","Very tired but good leg day with this one","Squat (Barbell)",,"",1,"warmup",60,8,,,
"Lower","Jul 4, 2026, 1:56 PM","Jul 4, 2026, 3:00 PM","Very tired but good leg day with this one","Squat (Barbell)",,"",2,"normal",100,4,,,
"Lower","Jul 4, 2026, 1:56 PM","Jul 4, 2026, 3:00 PM","Very tired but good leg day with this one","Squat (Barbell)",,"",3,"normal",120,7,,,
"Lower","Jul 4, 2026, 1:56 PM","Jul 4, 2026, 3:00 PM","Very tired but good leg day with this one","Squat (Barbell)",,"",4,"normal",100,10,,,
"Lower","Jul 4, 2026, 1:56 PM","Jul 4, 2026, 3:00 PM","Very tired but good leg day with this one","Squat (Barbell)",,"",5,"normal",100,10,,,
"Lower","Jul 4, 2026, 1:56 PM","Jul 4, 2026, 3:00 PM","Very tired but good leg day with this one","Leg Press (Machine)",,"",0,"warmup",170,12,,,
"Lower","Jul 4, 2026, 1:56 PM","Jul 4, 2026, 3:00 PM","Very tired but good leg day with this one","Calf Press (Machine)",,"",0,"normal",170,12,,,
"Lower","Jul 4, 2026, 1:56 PM","Jul 4, 2026, 3:00 PM","Very tired but good leg day with this one","Calf Press (Machine)",,"",1,"normal",160,12,,,
"Lower","Jul 4, 2026, 1:56 PM","Jul 4, 2026, 3:00 PM","Very tired but good leg day with this one","Leg Extension (Machine)",,"",0,"normal",115,12,,,
"Lower","Jul 4, 2026, 1:56 PM","Jul 4, 2026, 3:00 PM","Very tired but good leg day with this one","Leg Extension (Machine)",,"",1,"normal",115,9,,,
"Lower","Jul 4, 2026, 1:56 PM","Jul 4, 2026, 3:00 PM","Very tired but good leg day with this one","Leg Extension (Machine)",,"",2,"normal",100,10,,,
"Lower","Jul 4, 2026, 1:56 PM","Jul 4, 2026, 3:00 PM","Very tired but good leg day with this one","Crunch (Machine)",,"",0,"normal",55,12,,,
"Lower","Jul 4, 2026, 1:56 PM","Jul 4, 2026, 3:00 PM","Very tired but good leg day with this one","Crunch (Machine)",,"",1,"normal",55,12,,,
"Upper","Jul 2, 2026, 3:14 PM","Jul 2, 2026, 5:27 PM","Upper body at thorndon with nina. Felt really nice and got some walking in so im quite happy. Even tho ive started cutting everything still feels nice and im going to try keep or even gain strength.","Bench Press (Barbell)",,"Might have gone a bit overboard on the 60s and the 90 warm up felts pretty heavy but otherwise everything felt good",0,"warmup",20,20,,,
"Upper","Jul 2, 2026, 3:14 PM","Jul 2, 2026, 5:27 PM","Upper body at thorndon with nina. Felt really nice and got some walking in so im quite happy. Even tho ive started cutting everything still feels nice and im going to try keep or even gain strength.","Bench Press (Barbell)",,"Might have gone a bit overboard on the 60s and the 90 warm up felts pretty heavy but otherwise everything felt good",1,"warmup",60,12,,,
"Upper","Jul 2, 2026, 3:14 PM","Jul 2, 2026, 5:27 PM","Upper body at thorndon with nina. Felt really nice and got some walking in so im quite happy. Even tho ive started cutting everything still feels nice and im going to try keep or even gain strength.","Bench Press (Barbell)",,"Might have gone a bit overboard on the 60s and the 90 warm up felts pretty heavy but otherwise everything felt good",2,"warmup",90,3,,,
"Upper","Jul 2, 2026, 3:14 PM","Jul 2, 2026, 5:27 PM","Upper body at thorndon with nina. Felt really nice and got some walking in so im quite happy. Even tho ive started cutting everything still feels nice and im going to try keep or even gain strength.","Bench Press (Barbell)",,"Might have gone a bit overboard on the 60s and the 90 warm up felts pretty heavy but otherwise everything felt good",3,"normal",100,5,,,
"Upper","Jul 2, 2026, 3:14 PM","Jul 2, 2026, 5:27 PM","Upper body at thorndon with nina. Felt really nice and got some walking in so im quite happy. Even tho ive started cutting everything still feels nice and im going to try keep or even gain strength.","Bench Press (Barbell)",,"Might have gone a bit overboard on the 60s and the 90 warm up felts pretty heavy but otherwise everything felt good",4,"normal",92.5,8,,,
"Upper","Jul 2, 2026, 3:14 PM","Jul 2, 2026, 5:27 PM","Upper body at thorndon with nina. Felt really nice and got some walking in so im quite happy. Even tho ive started cutting everything still feels nice and im going to try keep or even gain strength.","Bench Press (Barbell)",,"Might have gone a bit overboard on the 60s and the 90 warm up felts pretty heavy but otherwise everything felt good",5,"normal",92.5,8,,,
"Upper","Jul 2, 2026, 3:14 PM","Jul 2, 2026, 5:27 PM","Upper body at thorndon with nina. Felt really nice and got some walking in so im quite happy. Even tho ive started cutting everything still feels nice and im going to try keep or even gain strength.","Triceps Pushdown",,"",0,"normal",52.5,9,,,
"Upper","Jul 2, 2026, 3:14 PM","Jul 2, 2026, 5:27 PM","Upper body at thorndon with nina. Felt really nice and got some walking in so im quite happy. Even tho ive started cutting everything still feels nice and im going to try keep or even gain strength.","Triceps Pushdown",,"",1,"normal",52.5,8,,,
"Upper","Jul 2, 2026, 3:14 PM","Jul 2, 2026, 5:27 PM","Upper body at thorndon with nina. Felt really nice and got some walking in so im quite happy. Even tho ive started cutting everything still feels nice and im going to try keep or even gain strength.","Triceps Pushdown",,"",2,"normal",47.5,10,,,
"Upper","Jul 2, 2026, 3:14 PM","Jul 2, 2026, 5:27 PM","Upper body at thorndon with nina. Felt really nice and got some walking in so im quite happy. Even tho ive started cutting everything still feels nice and im going to try keep or even gain strength.","Iso-Lateral High Row (Machine)",,"",0,"warmup",60,16,,,
"Upper","Jul 2, 2026, 3:14 PM","Jul 2, 2026, 5:27 PM","Upper body at thorndon with nina. Felt really nice and got some walking in so im quite happy. Even tho ive started cutting everything still feels nice and im going to try keep or even gain strength.","Iso-Lateral High Row (Machine)",,"",1,"normal",140,9,,,
"Upper","Jul 2, 2026, 3:14 PM","Jul 2, 2026, 5:27 PM","Upper body at thorndon with nina. Felt really nice and got some walking in so im quite happy. Even tho ive started cutting everything still feels nice and im going to try keep or even gain strength.","Iso-Lateral High Row (Machine)",,"",2,"normal",120,12,,,
"Upper","Jul 2, 2026, 3:14 PM","Jul 2, 2026, 5:27 PM","Upper body at thorndon with nina. Felt really nice and got some walking in so im quite happy. Even tho ive started cutting everything still feels nice and im going to try keep or even gain strength.","Iso-Lateral High Row (Machine)",,"",3,"normal",120,10,,,
"Upper","Jul 2, 2026, 3:14 PM","Jul 2, 2026, 5:27 PM","Upper body at thorndon with nina. Felt really nice and got some walking in so im quite happy. Even tho ive started cutting everything still feels nice and im going to try keep or even gain strength.","Incline Bench Press (Dumbbell)",,"Balance issue in the second set",0,"normal",34,9,,,
"Upper","Jul 2, 2026, 3:14 PM","Jul 2, 2026, 5:27 PM","Upper body at thorndon with nina. Felt really nice and got some walking in so im quite happy. Even tho ive started cutting everything still feels nice and im going to try keep or even gain strength.","Incline Bench Press (Dumbbell)",,"Balance issue in the second set",1,"normal",34,7,,,
"Upper","Jul 2, 2026, 3:14 PM","Jul 2, 2026, 5:27 PM","Upper body at thorndon with nina. Felt really nice and got some walking in so im quite happy. Even tho ive started cutting everything still feels nice and im going to try keep or even gain strength.","Incline Bench Press (Dumbbell)",,"Balance issue in the second set",2,"normal",34,8,,,
"Upper","Jul 2, 2026, 3:14 PM","Jul 2, 2026, 5:27 PM","Upper body at thorndon with nina. Felt really nice and got some walking in so im quite happy. Even tho ive started cutting everything still feels nice and im going to try keep or even gain strength.","T Bar Row",,"",0,"normal",40,12,,,
"Upper","Jul 2, 2026, 3:14 PM","Jul 2, 2026, 5:27 PM","Upper body at thorndon with nina. Felt really nice and got some walking in so im quite happy. Even tho ive started cutting everything still feels nice and im going to try keep or even gain strength.","T Bar Row",,"",1,"normal",70,10,,,
"Upper","Jul 2, 2026, 3:14 PM","Jul 2, 2026, 5:27 PM","Upper body at thorndon with nina. Felt really nice and got some walking in so im quite happy. Even tho ive started cutting everything still feels nice and im going to try keep or even gain strength.","T Bar Row",,"",2,"normal",70,10,,,
"Upper","Jul 2, 2026, 3:14 PM","Jul 2, 2026, 5:27 PM","Upper body at thorndon with nina. Felt really nice and got some walking in so im quite happy. Even tho ive started cutting everything still feels nice and im going to try keep or even gain strength.","T Bar Row",,"",3,"normal",70,10,,,
"Upper","Jul 2, 2026, 3:14 PM","Jul 2, 2026, 5:27 PM","Upper body at thorndon with nina. Felt really nice and got some walking in so im quite happy. Even tho ive started cutting everything still feels nice and im going to try keep or even gain strength.","Seated Triceps Press",,"",0,"normal",85,12,,,
"Upper","Jul 2, 2026, 3:14 PM","Jul 2, 2026, 5:27 PM","Upper body at thorndon with nina. Felt really nice and got some walking in so im quite happy. Even tho ive started cutting everything still feels nice and im going to try keep or even gain strength.","Seated Triceps Press",,"",1,"normal",91,14,,,
"Upper","Jul 2, 2026, 3:14 PM","Jul 2, 2026, 5:27 PM","Upper body at thorndon with nina. Felt really nice and got some walking in so im quite happy. Even tho ive started cutting everything still feels nice and im going to try keep or even gain strength.","Seated Triceps Press",,"",2,"normal",91,12,,,
"Upper","Jul 2, 2026, 3:14 PM","Jul 2, 2026, 5:27 PM","Upper body at thorndon with nina. Felt really nice and got some walking in so im quite happy. Even tho ive started cutting everything still feels nice and im going to try keep or even gain strength.","Bicep Curl (Barbell)",,"",0,"normal",37,8,,,
"Upper","Jul 2, 2026, 3:14 PM","Jul 2, 2026, 5:27 PM","Upper body at thorndon with nina. Felt really nice and got some walking in so im quite happy. Even tho ive started cutting everything still feels nice and im going to try keep or even gain strength.","Bicep Curl (Barbell)",,"",1,"normal",37,6,,,
"Upper","Jul 2, 2026, 3:14 PM","Jul 2, 2026, 5:27 PM","Upper body at thorndon with nina. Felt really nice and got some walking in so im quite happy. Even tho ive started cutting everything still feels nice and im going to try keep or even gain strength.","Bicep Curl (Barbell)",,"",2,"normal",30,13,,,
"Lower","Jun 30, 2026, 3:27 PM","Jun 30, 2026, 4:25 PM","Help me. Might have pushed a little too hard. Feel like im going to puke","Seated Leg Curl (Machine)",,"",0,"warmup",35,20,,,
"Lower","Jun 30, 2026, 3:27 PM","Jun 30, 2026, 4:25 PM","Help me. Might have pushed a little too hard. Feel like im going to puke","Seated Leg Curl (Machine)",,"",1,"normal",75,12,,,
"Lower","Jun 30, 2026, 3:27 PM","Jun 30, 2026, 4:25 PM","Help me. Might have pushed a little too hard. Feel like im going to puke","Seated Leg Curl (Machine)",,"",2,"normal",75,12,,,
"Lower","Jun 30, 2026, 3:27 PM","Jun 30, 2026, 4:25 PM","Help me. Might have pushed a little too hard. Feel like im going to puke","Deadlift (Barbell)",,"Fuck im so out of breath",0,"warmup",20,12,,,
"Lower","Jun 30, 2026, 3:27 PM","Jun 30, 2026, 4:25 PM","Help me. Might have pushed a little too hard. Feel like im going to puke","Deadlift (Barbell)",,"Fuck im so out of breath",1,"warmup",60,12,,,
"Lower","Jun 30, 2026, 3:27 PM","Jun 30, 2026, 4:25 PM","Help me. Might have pushed a little too hard. Feel like im going to puke","Deadlift (Barbell)",,"Fuck im so out of breath",2,"warmup",100,6,,,
"Lower","Jun 30, 2026, 3:27 PM","Jun 30, 2026, 4:25 PM","Help me. Might have pushed a little too hard. Feel like im going to puke","Deadlift (Barbell)",,"Fuck im so out of breath",3,"warmup",140,3,,,
"Lower","Jun 30, 2026, 3:27 PM","Jun 30, 2026, 4:25 PM","Help me. Might have pushed a little too hard. Feel like im going to puke","Deadlift (Barbell)",,"Fuck im so out of breath",4,"normal",170,6,,,
"Lower","Jun 30, 2026, 3:27 PM","Jun 30, 2026, 4:25 PM","Help me. Might have pushed a little too hard. Feel like im going to puke","Deadlift (Barbell)",,"Fuck im so out of breath",5,"normal",140,11,,,
"Lower","Jun 30, 2026, 3:27 PM","Jun 30, 2026, 4:25 PM","Help me. Might have pushed a little too hard. Feel like im going to puke","Deadlift (Barbell)",,"Fuck im so out of breath",6,"normal",140,12,,,
"Lower","Jun 30, 2026, 3:27 PM","Jun 30, 2026, 4:25 PM","Help me. Might have pushed a little too hard. Feel like im going to puke","Leg Extension (Machine)",,"",0,"normal",111,15,,,
"Lower","Jun 30, 2026, 3:27 PM","Jun 30, 2026, 4:25 PM","Help me. Might have pushed a little too hard. Feel like im going to puke","Leg Extension (Machine)",,"",1,"normal",111,14,,,
"Lower","Jun 30, 2026, 3:27 PM","Jun 30, 2026, 4:25 PM","Help me. Might have pushed a little too hard. Feel like im going to puke","Crunch (Machine)",,"",0,"normal",55,10,,,
"Lower","Jun 30, 2026, 3:27 PM","Jun 30, 2026, 4:25 PM","Help me. Might have pushed a little too hard. Feel like im going to puke","Crunch (Machine)",,"",1,"normal",55,8,,,
"Pull","Jun 29, 2026, 8:54 PM","Jun 29, 2026, 10:37 PM","Really worn down i think i need to focus more on what im putting in my body and being more active throughout the day","Lat Pulldown (Machine)",,"No straps today cause i got burns down my arms. Holy nerf. Last set did pause reps",0,"warmup",43,18,,,
"Pull","Jun 29, 2026, 8:54 PM","Jun 29, 2026, 10:37 PM","Really worn down i think i need to focus more on what im putting in my body and being more active throughout the day","Lat Pulldown (Machine)",,"No straps today cause i got burns down my arms. Holy nerf. Last set did pause reps",1,"warmup",91,5,,,
"Pull","Jun 29, 2026, 8:54 PM","Jun 29, 2026, 10:37 PM","Really worn down i think i need to focus more on what im putting in my body and being more active throughout the day","Lat Pulldown (Machine)",,"No straps today cause i got burns down my arms. Holy nerf. Last set did pause reps",2,"normal",111,9,,,
"Pull","Jun 29, 2026, 8:54 PM","Jun 29, 2026, 10:37 PM","Really worn down i think i need to focus more on what im putting in my body and being more active throughout the day","Lat Pulldown (Machine)",,"No straps today cause i got burns down my arms. Holy nerf. Last set did pause reps",3,"normal",98,12,,,
"Pull","Jun 29, 2026, 8:54 PM","Jun 29, 2026, 10:37 PM","Really worn down i think i need to focus more on what im putting in my body and being more active throughout the day","Lat Pulldown (Machine)",,"No straps today cause i got burns down my arms. Holy nerf. Last set did pause reps",4,"normal",98,12,,,
"Pull","Jun 29, 2026, 8:54 PM","Jun 29, 2026, 10:37 PM","Really worn down i think i need to focus more on what im putting in my body and being more active throughout the day","Seated Cable Row - Bar Grip",,"",0,"warmup",40,10,,,
"Pull","Jun 29, 2026, 8:54 PM","Jun 29, 2026, 10:37 PM","Really worn down i think i need to focus more on what im putting in my body and being more active throughout the day","Seated Cable Row - Bar Grip",,"",1,"normal",90,9,,,
"Pull","Jun 29, 2026, 8:54 PM","Jun 29, 2026, 10:37 PM","Really worn down i think i need to focus more on what im putting in my body and being more active throughout the day","Seated Cable Row - Bar Grip",,"",2,"normal",80,12,,,
"Pull","Jun 29, 2026, 8:54 PM","Jun 29, 2026, 10:37 PM","Really worn down i think i need to focus more on what im putting in my body and being more active throughout the day","Seated Cable Row - Bar Grip",,"",3,"normal",80,13,,,
"Pull","Jun 29, 2026, 8:54 PM","Jun 29, 2026, 10:37 PM","Really worn down i think i need to focus more on what im putting in my body and being more active throughout the day","Preacher Curl (Dumbbell)",,"",0,"normal",22,9,,,
"Pull","Jun 29, 2026, 8:54 PM","Jun 29, 2026, 10:37 PM","Really worn down i think i need to focus more on what im putting in my body and being more active throughout the day","Preacher Curl (Dumbbell)",,"",1,"normal",22,8,,,
"Pull","Jun 29, 2026, 8:54 PM","Jun 29, 2026, 10:37 PM","Really worn down i think i need to focus more on what im putting in my body and being more active throughout the day","Preacher Curl (Dumbbell)",,"",2,"normal",18,12,,,
"Pull","Jun 29, 2026, 8:54 PM","Jun 29, 2026, 10:37 PM","Really worn down i think i need to focus more on what im putting in my body and being more active throughout the day","Behind the Back Wrist Curl (Barbell)",,"Doing it ngwa style idk what thwy are called. Way harder",0,"normal",30,16,,,
"Pull","Jun 29, 2026, 8:54 PM","Jun 29, 2026, 10:37 PM","Really worn down i think i need to focus more on what im putting in my body and being more active throughout the day","Behind the Back Wrist Curl (Barbell)",,"Doing it ngwa style idk what thwy are called. Way harder",1,"normal",40,11,,,
"Pull","Jun 29, 2026, 8:54 PM","Jun 29, 2026, 10:37 PM","Really worn down i think i need to focus more on what im putting in my body and being more active throughout the day","Behind the Back Wrist Curl (Barbell)",,"Doing it ngwa style idk what thwy are called. Way harder",2,"normal",40,12,,,
"Pull","Jun 29, 2026, 8:54 PM","Jun 29, 2026, 10:37 PM","Really worn down i think i need to focus more on what im putting in my body and being more active throughout the day","Shrug (Dumbbell)",,"Sacrificed the burns and put on straps after the first set",0,"normal",36,11,,,
"Pull","Jun 29, 2026, 8:54 PM","Jun 29, 2026, 10:37 PM","Really worn down i think i need to focus more on what im putting in my body and being more active throughout the day","Shrug (Dumbbell)",,"Sacrificed the burns and put on straps after the first set",1,"normal",36,13,,,
"Pull","Jun 29, 2026, 8:54 PM","Jun 29, 2026, 10:37 PM","Really worn down i think i need to focus more on what im putting in my body and being more active throughout the day","Shrug (Dumbbell)",,"Sacrificed the burns and put on straps after the first set",2,"normal",36,12,,,
"Push","Jun 28, 2026, 9:04 PM","Jun 28, 2026, 10:23 PM","Dissapointing push day feeling tired and weak. Lets see us get better for the next one","Bench Press (Barbell)",,"Not feeling thw strongest after my warm ups. Will keep it within a comfortable range today",0,"warmup",40,16,,,
"Push","Jun 28, 2026, 9:04 PM","Jun 28, 2026, 10:23 PM","Dissapointing push day feeling tired and weak. Lets see us get better for the next one","Bench Press (Barbell)",,"Not feeling thw strongest after my warm ups. Will keep it within a comfortable range today",1,"warmup",80,8,,,
"Push","Jun 28, 2026, 9:04 PM","Jun 28, 2026, 10:23 PM","Dissapointing push day feeling tired and weak. Lets see us get better for the next one","Bench Press (Barbell)",,"Not feeling thw strongest after my warm ups. Will keep it within a comfortable range today",2,"warmup",95,2,,,
"Push","Jun 28, 2026, 9:04 PM","Jun 28, 2026, 10:23 PM","Dissapointing push day feeling tired and weak. Lets see us get better for the next one","Bench Press (Barbell)",,"Not feeling thw strongest after my warm ups. Will keep it within a comfortable range today",3,"normal",100,4,,,
"Push","Jun 28, 2026, 9:04 PM","Jun 28, 2026, 10:23 PM","Dissapointing push day feeling tired and weak. Lets see us get better for the next one","Bench Press (Barbell)",,"Not feeling thw strongest after my warm ups. Will keep it within a comfortable range today",4,"normal",90,8,,,
"Push","Jun 28, 2026, 9:04 PM","Jun 28, 2026, 10:23 PM","Dissapointing push day feeling tired and weak. Lets see us get better for the next one","Chest Press (Machine)",,"Strength down just tired will be better next time",0,"warmup",64,6,,,
"Push","Jun 28, 2026, 9:04 PM","Jun 28, 2026, 10:23 PM","Dissapointing push day feeling tired and weak. Lets see us get better for the next one","Chest Press (Machine)",,"Strength down just tired will be better next time",1,"normal",105,8,,,
"Push","Jun 28, 2026, 9:04 PM","Jun 28, 2026, 10:23 PM","Dissapointing push day feeling tired and weak. Lets see us get better for the next one","Chest Press (Machine)",,"Strength down just tired will be better next time",2,"normal",98,12,,,
"Push","Jun 28, 2026, 9:04 PM","Jun 28, 2026, 10:23 PM","Dissapointing push day feeling tired and weak. Lets see us get better for the next one","Chest Press (Machine)",,"Strength down just tired will be better next time",3,"normal",98,12,,,
"Push","Jun 28, 2026, 9:04 PM","Jun 28, 2026, 10:23 PM","Dissapointing push day feeling tired and weak. Lets see us get better for the next one","Triceps Pushdown",,"",0,"normal",45,12,,,
"Push","Jun 28, 2026, 9:04 PM","Jun 28, 2026, 10:23 PM","Dissapointing push day feeling tired and weak. Lets see us get better for the next one","Triceps Pushdown",,"",1,"normal",45,14,,,
"Push","Jun 28, 2026, 9:04 PM","Jun 28, 2026, 10:23 PM","Dissapointing push day feeling tired and weak. Lets see us get better for the next one","Cable Crunch",,"",0,"normal",40,12,,,
"Push","Jun 28, 2026, 9:04 PM","Jun 28, 2026, 10:23 PM","Dissapointing push day feeling tired and weak. Lets see us get better for the next one","Cable Crunch",,"",1,"normal",40,13,,,
"Lower","Jun 26, 2026, 4:15 PM","Jun 26, 2026, 5:57 PM","Really solid leg day but my legs are really tight","Lying Leg Curl (Machine)",,"Hammies feeling so much better",0,"warmup",40,12,,,
"Lower","Jun 26, 2026, 4:15 PM","Jun 26, 2026, 5:57 PM","Really solid leg day but my legs are really tight","Lying Leg Curl (Machine)",,"Hammies feeling so much better",1,"normal",80,10,,,
"Lower","Jun 26, 2026, 4:15 PM","Jun 26, 2026, 5:57 PM","Really solid leg day but my legs are really tight","Lying Leg Curl (Machine)",,"Hammies feeling so much better",2,"normal",80,10,,,
"Lower","Jun 26, 2026, 4:15 PM","Jun 26, 2026, 5:57 PM","Really solid leg day but my legs are really tight","Hip Adduction (Machine)",,"Diff machine in pounds and less pullies",0,"normal",92.5,12,,,
"Lower","Jun 26, 2026, 4:15 PM","Jun 26, 2026, 5:57 PM","Really solid leg day but my legs are really tight","Hip Adduction (Machine)",,"Diff machine in pounds and less pullies",1,"normal",90,10,,,
"Lower","Jun 26, 2026, 4:15 PM","Jun 26, 2026, 5:57 PM","Really solid leg day but my legs are really tight","Hip Adduction (Machine)",,"Diff machine in pounds and less pullies",2,"normal",90,8,,,
"Lower","Jun 26, 2026, 4:15 PM","Jun 26, 2026, 5:57 PM","Really solid leg day but my legs are really tight","Calf Press (Machine)",,"On plate leg press. Went way slower on the 2nd and 3rd set cause the weight im goated",0,"normal",140,30,,,
"Lower","Jun 26, 2026, 4:15 PM","Jun 26, 2026, 5:57 PM","Really solid leg day but my legs are really tight","Calf Press (Machine)",,"On plate leg press. Went way slower on the 2nd and 3rd set cause the weight im goated",1,"normal",140,20,,,
"Lower","Jun 26, 2026, 4:15 PM","Jun 26, 2026, 5:57 PM","Really solid leg day but my legs are really tight","Calf Press (Machine)",,"On plate leg press. Went way slower on the 2nd and 3rd set cause the weight im goated",2,"normal",140,20,,,
"Lower","Jun 26, 2026, 4:15 PM","Jun 26, 2026, 5:57 PM","Really solid leg day but my legs are really tight","Cable Crunch",,"",0,"normal",47.5,12,,,
"Lower","Jun 26, 2026, 4:15 PM","Jun 26, 2026, 5:57 PM","Really solid leg day but my legs are really tight","Cable Crunch",,"",1,"normal",47.5,12,,,
"Lower","Jun 26, 2026, 4:15 PM","Jun 26, 2026, 5:57 PM","Really solid leg day but my legs are really tight","Cable Crunch",,"",2,"normal",47.5,12,,,
"Lower","Jun 26, 2026, 4:15 PM","Jun 26, 2026, 5:57 PM","Really solid leg day but my legs are really tight","Pendulum Squat (Machine)",,"Old machine assuming base weight is 20. Still really light might have to load this thing up",0,"warmup",20,12,,,
"Lower","Jun 26, 2026, 4:15 PM","Jun 26, 2026, 5:57 PM","Really solid leg day but my legs are really tight","Pendulum Squat (Machine)",,"Old machine assuming base weight is 20. Still really light might have to load this thing up",1,"normal",100,12,,,
"Lower","Jun 26, 2026, 4:15 PM","Jun 26, 2026, 5:57 PM","Really solid leg day but my legs are really tight","Pendulum Squat (Machine)",,"Old machine assuming base weight is 20. Still really light might have to load this thing up",2,"normal",180,20,,,
"Lower","Jun 26, 2026, 4:15 PM","Jun 26, 2026, 5:57 PM","Really solid leg day but my legs are really tight","Pendulum Squat (Machine)",,"Old machine assuming base weight is 20. Still really light might have to load this thing up",3,"normal",220,12,,,
"Lower","Jun 26, 2026, 4:15 PM","Jun 26, 2026, 5:57 PM","Really solid leg day but my legs are really tight","Pendulum Squat (Machine)",,"Old machine assuming base weight is 20. Still really light might have to load this thing up",4,"normal",220,12,,,
"Pull","Jun 24, 2026, 8:16 PM","Jun 24, 2026, 9:25 PM","","Lat Pulldown (Cable)",,"",0,"warmup",50,10,,,
"Pull","Jun 24, 2026, 8:16 PM","Jun 24, 2026, 9:25 PM","","Lat Pulldown (Cable)",,"",1,"warmup",82,6,,,
"Pull","Jun 24, 2026, 8:16 PM","Jun 24, 2026, 9:25 PM","","Lat Pulldown (Cable)",,"",2,"warmup",95,3,,,
"Pull","Jun 24, 2026, 8:16 PM","Jun 24, 2026, 9:25 PM","","Lat Pulldown (Cable)",,"",3,"normal",100,11,,,
"Pull","Jun 24, 2026, 8:16 PM","Jun 24, 2026, 9:25 PM","","Lat Pulldown (Cable)",,"",4,"normal",100,9,,,
"Pull","Jun 24, 2026, 8:16 PM","Jun 24, 2026, 9:25 PM","","Lat Pulldown (Machine)",,"Different machine",0,"warmup",60,12,,,
"Pull","Jun 24, 2026, 8:16 PM","Jun 24, 2026, 9:25 PM","","Lat Pulldown (Machine)",,"Different machine",1,"normal",100,16,,,
"Pull","Jun 24, 2026, 8:16 PM","Jun 24, 2026, 9:25 PM","","Lat Pulldown (Machine)",,"Different machine",2,"normal",100,12,,,
"Pull","Jun 24, 2026, 8:16 PM","Jun 24, 2026, 9:25 PM","","Preacher Curl (Dumbbell)",,"",0,"normal",20,10,,,
"Pull","Jun 24, 2026, 8:16 PM","Jun 24, 2026, 9:25 PM","","Preacher Curl (Dumbbell)",,"",1,"normal",20,8,,,
"Pull","Jun 24, 2026, 8:16 PM","Jun 24, 2026, 9:25 PM","","Behind the Back Wrist Curl (Barbell)",,"",0,"normal",52.5,19,,,
"Pull","Jun 24, 2026, 8:16 PM","Jun 24, 2026, 9:25 PM","","Behind the Back Wrist Curl (Barbell)",,"",1,"normal",52.5,16,,,
"Pull","Jun 24, 2026, 8:16 PM","Jun 24, 2026, 9:25 PM","","T Bar Row",,"",0,"normal",50,12,,,
"Pull","Jun 24, 2026, 8:16 PM","Jun 24, 2026, 9:25 PM","","T Bar Row",,"",1,"normal",50,14,,,
"Pull","Jun 24, 2026, 8:16 PM","Jun 24, 2026, 9:25 PM","","T Bar Row",,"",2,"normal",50,12,,,
"Push","Jun 23, 2026, 9:13 PM","Jun 23, 2026, 10:38 PM","First day back after getting sick. Still not feeling quite 100 but tried to go back into full gear. Probably not a good idea. In napier for a week","Bench Press (Barbell)",,"Week off sick pretty happy with first day back",0,"warmup",20,20,,,
"Push","Jun 23, 2026, 9:13 PM","Jun 23, 2026, 10:38 PM","First day back after getting sick. Still not feeling quite 100 but tried to go back into full gear. Probably not a good idea. In napier for a week","Bench Press (Barbell)",,"Week off sick pretty happy with first day back",1,"warmup",60,8,,,
"Push","Jun 23, 2026, 9:13 PM","Jun 23, 2026, 10:38 PM","First day back after getting sick. Still not feeling quite 100 but tried to go back into full gear. Probably not a good idea. In napier for a week","Bench Press (Barbell)",,"Week off sick pretty happy with first day back",2,"warmup",90,3,,,
"Push","Jun 23, 2026, 9:13 PM","Jun 23, 2026, 10:38 PM","First day back after getting sick. Still not feeling quite 100 but tried to go back into full gear. Probably not a good idea. In napier for a week","Bench Press (Barbell)",,"Week off sick pretty happy with first day back",3,"normal",100,5,,,
"Push","Jun 23, 2026, 9:13 PM","Jun 23, 2026, 10:38 PM","First day back after getting sick. Still not feeling quite 100 but tried to go back into full gear. Probably not a good idea. In napier for a week","Bench Press (Barbell)",,"Week off sick pretty happy with first day back",4,"normal",90,8,,,
"Push","Jun 23, 2026, 9:13 PM","Jun 23, 2026, 10:38 PM","First day back after getting sick. Still not feeling quite 100 but tried to go back into full gear. Probably not a good idea. In napier for a week","Bench Press (Barbell)",,"Week off sick pretty happy with first day back",5,"normal",90,7,,,
"Push","Jun 23, 2026, 9:13 PM","Jun 23, 2026, 10:38 PM","First day back after getting sick. Still not feeling quite 100 but tried to go back into full gear. Probably not a good idea. In napier for a week","Overhead Press (Barbell)",,"Maybe pushing a bit out of my weight class. Still new to this one so i need to maybe take it a bit slower",0,"warmup",20,12,,,
"Push","Jun 23, 2026, 9:13 PM","Jun 23, 2026, 10:38 PM","First day back after getting sick. Still not feeling quite 100 but tried to go back into full gear. Probably not a good idea. In napier for a week","Overhead Press (Barbell)",,"Maybe pushing a bit out of my weight class. Still new to this one so i need to maybe take it a bit slower",1,"normal",60,3,,,
"Push","Jun 23, 2026, 9:13 PM","Jun 23, 2026, 10:38 PM","First day back after getting sick. Still not feeling quite 100 but tried to go back into full gear. Probably not a good idea. In napier for a week","Overhead Press (Barbell)",,"Maybe pushing a bit out of my weight class. Still new to this one so i need to maybe take it a bit slower",2,"normal",40,10,,,
"Push","Jun 23, 2026, 9:13 PM","Jun 23, 2026, 10:38 PM","First day back after getting sick. Still not feeling quite 100 but tried to go back into full gear. Probably not a good idea. In napier for a week","Overhead Press (Barbell)",,"Maybe pushing a bit out of my weight class. Still new to this one so i need to maybe take it a bit slower",3,"normal",40,11,,,
"Push","Jun 23, 2026, 9:13 PM","Jun 23, 2026, 10:38 PM","First day back after getting sick. Still not feeling quite 100 but tried to go back into full gear. Probably not a good idea. In napier for a week","Chest Fly (Machine)",,"Maybe im pushing too hard i need to check the ego",0,"normal",100,8,,,
"Push","Jun 23, 2026, 9:13 PM","Jun 23, 2026, 10:38 PM","First day back after getting sick. Still not feeling quite 100 but tried to go back into full gear. Probably not a good idea. In napier for a week","Chest Fly (Machine)",,"Maybe im pushing too hard i need to check the ego",1,"normal",95,9,,,
"Push","Jun 23, 2026, 9:13 PM","Jun 23, 2026, 10:38 PM","First day back after getting sick. Still not feeling quite 100 but tried to go back into full gear. Probably not a good idea. In napier for a week","Chest Fly (Machine)",,"Maybe im pushing too hard i need to check the ego",2,"normal",95,6,,,
"Push","Jun 23, 2026, 9:13 PM","Jun 23, 2026, 10:38 PM","First day back after getting sick. Still not feeling quite 100 but tried to go back into full gear. Probably not a good idea. In napier for a week","Lateral Raise (Cable)",,"But tired by this point",0,"normal",10,12,,,
"Push","Jun 23, 2026, 9:13 PM","Jun 23, 2026, 10:38 PM","First day back after getting sick. Still not feeling quite 100 but tried to go back into full gear. Probably not a good idea. In napier for a week","Lateral Raise (Cable)",,"But tired by this point",1,"normal",10,12,,,
"Push","Jun 23, 2026, 9:13 PM","Jun 23, 2026, 10:38 PM","First day back after getting sick. Still not feeling quite 100 but tried to go back into full gear. Probably not a good idea. In napier for a week","Lateral Raise (Cable)",,"But tired by this point",2,"normal",10,9,,,
"Push","Jun 23, 2026, 9:13 PM","Jun 23, 2026, 10:38 PM","First day back after getting sick. Still not feeling quite 100 but tried to go back into full gear. Probably not a good idea. In napier for a week","Triceps Pushdown",,"Different cable felt way harder",0,"normal",50,7,,,
"Push","Jun 23, 2026, 9:13 PM","Jun 23, 2026, 10:38 PM","First day back after getting sick. Still not feeling quite 100 but tried to go back into full gear. Probably not a good idea. In napier for a week","Triceps Pushdown",,"Different cable felt way harder",1,"normal",50,6,,,
"Push","Jun 23, 2026, 9:13 PM","Jun 23, 2026, 10:38 PM","First day back after getting sick. Still not feeling quite 100 but tried to go back into full gear. Probably not a good idea. In napier for a week","Triceps Pushdown",,"Different cable felt way harder",2,"normal",40,17,,,
"Push","Jun 17, 2026, 4:08 PM","Jun 17, 2026, 7:08 PM","Forgot to end workout whoops. Solid push day 💪","Bench Press (Barbell)",,"Could have had a better prep got pretty consistent results. First top set pretty much got 6",0,"warmup",20,20,,,
"Push","Jun 17, 2026, 4:08 PM","Jun 17, 2026, 7:08 PM","Forgot to end workout whoops. Solid push day 💪","Bench Press (Barbell)",,"Could have had a better prep got pretty consistent results. First top set pretty much got 6",1,"warmup",60,8,,,
"Push","Jun 17, 2026, 4:08 PM","Jun 17, 2026, 7:08 PM","Forgot to end workout whoops. Solid push day 💪","Bench Press (Barbell)",,"Could have had a better prep got pretty consistent results. First top set pretty much got 6",2,"warmup",90,3,,,
"Push","Jun 17, 2026, 4:08 PM","Jun 17, 2026, 7:08 PM","Forgot to end workout whoops. Solid push day 💪","Bench Press (Barbell)",,"Could have had a better prep got pretty consistent results. First top set pretty much got 6",3,"normal",100,5,,,
"Push","Jun 17, 2026, 4:08 PM","Jun 17, 2026, 7:08 PM","Forgot to end workout whoops. Solid push day 💪","Bench Press (Barbell)",,"Could have had a better prep got pretty consistent results. First top set pretty much got 6",4,"normal",100,4,,,
"Push","Jun 17, 2026, 4:08 PM","Jun 17, 2026, 7:08 PM","Forgot to end workout whoops. Solid push day 💪","Bench Press (Barbell)",,"Could have had a better prep got pretty consistent results. First top set pretty much got 6",5,"normal",90,7,,,
"Push","Jun 17, 2026, 4:08 PM","Jun 17, 2026, 7:08 PM","Forgot to end workout whoops. Solid push day 💪","Chest Fly (Machine)",,"",0,"normal",100,7,,,
"Push","Jun 17, 2026, 4:08 PM","Jun 17, 2026, 7:08 PM","Forgot to end workout whoops. Solid push day 💪","Chest Fly (Machine)",,"",1,"normal",90,12,,,
"Push","Jun 17, 2026, 4:08 PM","Jun 17, 2026, 7:08 PM","Forgot to end workout whoops. Solid push day 💪","Single Arm Triceps Pushdown (Cable)",,"",0,"normal",22.5,8,,,
"Push","Jun 17, 2026, 4:08 PM","Jun 17, 2026, 7:08 PM","Forgot to end workout whoops. Solid push day 💪","Single Arm Triceps Pushdown (Cable)",,"",1,"normal",22.5,6,,,
"Push","Jun 17, 2026, 4:08 PM","Jun 17, 2026, 7:08 PM","Forgot to end workout whoops. Solid push day 💪","Triceps Pushdown",,"",0,"normal",50,11,,,
"Push","Jun 17, 2026, 4:08 PM","Jun 17, 2026, 7:08 PM","Forgot to end workout whoops. Solid push day 💪","Triceps Pushdown",,"",1,"normal",50,11,,,
"Push","Jun 17, 2026, 4:08 PM","Jun 17, 2026, 7:08 PM","Forgot to end workout whoops. Solid push day 💪","Overhead Press (Barbell)",,"Ooo wee that was tough",0,"warmup",20,12,,,
"Push","Jun 17, 2026, 4:08 PM","Jun 17, 2026, 7:08 PM","Forgot to end workout whoops. Solid push day 💪","Overhead Press (Barbell)",,"Ooo wee that was tough",1,"normal",50,8,,,
"Push","Jun 17, 2026, 4:08 PM","Jun 17, 2026, 7:08 PM","Forgot to end workout whoops. Solid push day 💪","Overhead Press (Barbell)",,"Ooo wee that was tough",2,"normal",40,12,,,
"Push","Jun 17, 2026, 4:08 PM","Jun 17, 2026, 7:08 PM","Forgot to end workout whoops. Solid push day 💪","Overhead Press (Barbell)",,"Ooo wee that was tough",3,"normal",40,10,,,
"Push","Jun 17, 2026, 4:08 PM","Jun 17, 2026, 7:08 PM","Forgot to end workout whoops. Solid push day 💪","Lateral Raise (Dumbbell)",,"Really slow, really controlled",0,"normal",10,20,,,
"Push","Jun 17, 2026, 4:08 PM","Jun 17, 2026, 7:08 PM","Forgot to end workout whoops. Solid push day 💪","Lateral Raise (Dumbbell)",,"Really slow, really controlled",1,"normal",10,14,,,
"Push","Jun 17, 2026, 4:08 PM","Jun 17, 2026, 7:08 PM","Forgot to end workout whoops. Solid push day 💪","Lateral Raise (Dumbbell)",,"Really slow, really controlled",2,"normal",8,15,,,
"Lower","Jun 16, 2026, 9:34 PM","Jun 16, 2026, 11:39 PM","Done some biking and stretching to finish this one off. Good deadlift focused sesh today","Seated Leg Curl (Machine)",,"Warming up for ehat i hope will be a good deadlift session",0,"warmup",45,12,,,
"Lower","Jun 16, 2026, 9:34 PM","Jun 16, 2026, 11:39 PM","Done some biking and stretching to finish this one off. Good deadlift focused sesh today","Seated Leg Curl (Machine)",,"Warming up for ehat i hope will be a good deadlift session",1,"normal",70,12,,,
"Lower","Jun 16, 2026, 9:34 PM","Jun 16, 2026, 11:39 PM","Done some biking and stretching to finish this one off. Good deadlift focused sesh today","Seated Leg Curl (Machine)",,"Warming up for ehat i hope will be a good deadlift session",2,"normal",70,12,,,
"Lower","Jun 16, 2026, 9:34 PM","Jun 16, 2026, 11:39 PM","Done some biking and stretching to finish this one off. Good deadlift focused sesh today","Hip Adduction (Machine)",,"",0,"normal",102.5,18,,,
"Lower","Jun 16, 2026, 9:34 PM","Jun 16, 2026, 11:39 PM","Done some biking and stretching to finish this one off. Good deadlift focused sesh today","Hip Adduction (Machine)",,"",1,"normal",102.5,18,,,
"Lower","Jun 16, 2026, 9:34 PM","Jun 16, 2026, 11:39 PM","Done some biking and stretching to finish this one off. Good deadlift focused sesh today","Hip Abduction (Machine)",,"",0,"normal",102.5,30,,,
"Lower","Jun 16, 2026, 9:34 PM","Jun 16, 2026, 11:39 PM","Done some biking and stretching to finish this one off. Good deadlift focused sesh today","Hip Abduction (Machine)",,"",1,"normal",102.5,30,,,
"Lower","Jun 16, 2026, 9:34 PM","Jun 16, 2026, 11:39 PM","Done some biking and stretching to finish this one off. Good deadlift focused sesh today","Calf Press (Machine)",,"",0,"warmup",90,12,,,
"Lower","Jun 16, 2026, 9:34 PM","Jun 16, 2026, 11:39 PM","Done some biking and stretching to finish this one off. Good deadlift focused sesh today","Calf Press (Machine)",,"",1,"normal",165,12,,,
"Lower","Jun 16, 2026, 9:34 PM","Jun 16, 2026, 11:39 PM","Done some biking and stretching to finish this one off. Good deadlift focused sesh today","Calf Press (Machine)",,"",2,"normal",180,10,,,
"Lower","Jun 16, 2026, 9:34 PM","Jun 16, 2026, 11:39 PM","Done some biking and stretching to finish this one off. Good deadlift focused sesh today","Deadlift (Barbell)",,"Last set was 13 plus one more 30 seconds later to re rack for deload",0,"warmup",20,12,,,
"Lower","Jun 16, 2026, 9:34 PM","Jun 16, 2026, 11:39 PM","Done some biking and stretching to finish this one off. Good deadlift focused sesh today","Deadlift (Barbell)",,"Last set was 13 plus one more 30 seconds later to re rack for deload",1,"warmup",60,12,,,
"Lower","Jun 16, 2026, 9:34 PM","Jun 16, 2026, 11:39 PM","Done some biking and stretching to finish this one off. Good deadlift focused sesh today","Deadlift (Barbell)",,"Last set was 13 plus one more 30 seconds later to re rack for deload",2,"normal",120,10,,,
"Lower","Jun 16, 2026, 9:34 PM","Jun 16, 2026, 11:39 PM","Done some biking and stretching to finish this one off. Good deadlift focused sesh today","Deadlift (Barbell)",,"Last set was 13 plus one more 30 seconds later to re rack for deload",3,"normal",170,5,,,
"Lower","Jun 16, 2026, 9:34 PM","Jun 16, 2026, 11:39 PM","Done some biking and stretching to finish this one off. Good deadlift focused sesh today","Deadlift (Barbell)",,"Last set was 13 plus one more 30 seconds later to re rack for deload",4,"normal",140,13,,,
"Lower","Jun 16, 2026, 9:34 PM","Jun 16, 2026, 11:39 PM","Done some biking and stretching to finish this one off. Good deadlift focused sesh today","Deadlift (Barbell)",,"Last set was 13 plus one more 30 seconds later to re rack for deload",5,"normal",140,14,,,
"Lower","Jun 16, 2026, 9:34 PM","Jun 16, 2026, 11:39 PM","Done some biking and stretching to finish this one off. Good deadlift focused sesh today","Cable Crunch",,"",0,"normal",45,12,,,
"Lower","Jun 16, 2026, 9:34 PM","Jun 16, 2026, 11:39 PM","Done some biking and stretching to finish this one off. Good deadlift focused sesh today","Cable Crunch",,"",1,"normal",45,12,,,
"Lower","Jun 16, 2026, 9:34 PM","Jun 16, 2026, 11:39 PM","Done some biking and stretching to finish this one off. Good deadlift focused sesh today","Cable Crunch",,"",2,"normal",45,14,,,
"Lower","Jun 16, 2026, 9:34 PM","Jun 16, 2026, 11:39 PM","Done some biking and stretching to finish this one off. Good deadlift focused sesh today","Hip Thrust (Machine)",,"Nina wanted to get in some more glute work. Nothing too crazy more of just a warm down",0,"normal",100,16,,,
"Lower","Jun 16, 2026, 9:34 PM","Jun 16, 2026, 11:39 PM","Done some biking and stretching to finish this one off. Good deadlift focused sesh today","Hip Thrust (Machine)",,"Nina wanted to get in some more glute work. Nothing too crazy more of just a warm down",1,"normal",100,16,,,
"Upper","Jun 14, 2026, 10:32 PM","Jun 14, 2026, 11:53 PM","Pretty tired this one but the weights still moved maybe a little slower but progress is still being made","Bench Press (Barbell)",,"",0,"warmup",20,20,,,
"Upper","Jun 14, 2026, 10:32 PM","Jun 14, 2026, 11:53 PM","Pretty tired this one but the weights still moved maybe a little slower but progress is still being made","Bench Press (Barbell)",,"",1,"warmup",60,8,,,
"Upper","Jun 14, 2026, 10:32 PM","Jun 14, 2026, 11:53 PM","Pretty tired this one but the weights still moved maybe a little slower but progress is still being made","Bench Press (Barbell)",,"",2,"warmup",90,3,,,
"Upper","Jun 14, 2026, 10:32 PM","Jun 14, 2026, 11:53 PM","Pretty tired this one but the weights still moved maybe a little slower but progress is still being made","Bench Press (Barbell)",,"",3,"normal",100,6,,,
"Upper","Jun 14, 2026, 10:32 PM","Jun 14, 2026, 11:53 PM","Pretty tired this one but the weights still moved maybe a little slower but progress is still being made","Bench Press (Barbell)",,"",4,"normal",90,8,,,
"Upper","Jun 14, 2026, 10:32 PM","Jun 14, 2026, 11:53 PM","Pretty tired this one but the weights still moved maybe a little slower but progress is still being made","Bench Press (Barbell)",,"",5,"normal",90,5,,,
"Upper","Jun 14, 2026, 10:32 PM","Jun 14, 2026, 11:53 PM","Pretty tired this one but the weights still moved maybe a little slower but progress is still being made","Seated Row (Machine)",,"",0,"warmup",40,10,,,
"Upper","Jun 14, 2026, 10:32 PM","Jun 14, 2026, 11:53 PM","Pretty tired this one but the weights still moved maybe a little slower but progress is still being made","Seated Row (Machine)",,"",1,"normal",70,11,,,
"Upper","Jun 14, 2026, 10:32 PM","Jun 14, 2026, 11:53 PM","Pretty tired this one but the weights still moved maybe a little slower but progress is still being made","Seated Row (Machine)",,"",2,"normal",70,12,,,
"Upper","Jun 14, 2026, 10:32 PM","Jun 14, 2026, 11:53 PM","Pretty tired this one but the weights still moved maybe a little slower but progress is still being made","Overhead Press (Barbell)",,"",0,"warmup",20,12,,,
"Upper","Jun 14, 2026, 10:32 PM","Jun 14, 2026, 11:53 PM","Pretty tired this one but the weights still moved maybe a little slower but progress is still being made","Overhead Press (Barbell)",,"",1,"normal",45,9,,,
"Upper","Jun 14, 2026, 10:32 PM","Jun 14, 2026, 11:53 PM","Pretty tired this one but the weights still moved maybe a little slower but progress is still being made","Overhead Press (Barbell)",,"",2,"normal",40,7,,,
"Upper","Jun 14, 2026, 10:32 PM","Jun 14, 2026, 11:53 PM","Pretty tired this one but the weights still moved maybe a little slower but progress is still being made","Lat Pulldown (Machine)",,"",0,"warmup",50,12,,,
"Upper","Jun 14, 2026, 10:32 PM","Jun 14, 2026, 11:53 PM","Pretty tired this one but the weights still moved maybe a little slower but progress is still being made","Lat Pulldown (Machine)",,"",1,"warmup",84,4,,,
"Upper","Jun 14, 2026, 10:32 PM","Jun 14, 2026, 11:53 PM","Pretty tired this one but the weights still moved maybe a little slower but progress is still being made","Lat Pulldown (Machine)",,"",2,"normal",111,12,,,
"Upper","Jun 14, 2026, 10:32 PM","Jun 14, 2026, 11:53 PM","Pretty tired this one but the weights still moved maybe a little slower but progress is still being made","Lat Pulldown (Machine)",,"",3,"normal",111,10,,,
"Upper","Jun 14, 2026, 10:32 PM","Jun 14, 2026, 11:53 PM","Pretty tired this one but the weights still moved maybe a little slower but progress is still being made","Chest Fly (Machine)",,"",0,"normal",92.5,12,,,
"Upper","Jun 14, 2026, 10:32 PM","Jun 14, 2026, 11:53 PM","Pretty tired this one but the weights still moved maybe a little slower but progress is still being made","Chest Fly (Machine)",,"",1,"normal",92.5,10,,,
"Upper","Jun 14, 2026, 10:32 PM","Jun 14, 2026, 11:53 PM","Pretty tired this one but the weights still moved maybe a little slower but progress is still being made","Preacher Curl (Dumbbell)",,"",0,"normal",22,8,,,
"Upper","Jun 14, 2026, 10:32 PM","Jun 14, 2026, 11:53 PM","Pretty tired this one but the weights still moved maybe a little slower but progress is still being made","Preacher Curl (Dumbbell)",,"",1,"normal",22,8,,,
"Upper","Jun 14, 2026, 10:32 PM","Jun 14, 2026, 11:53 PM","Pretty tired this one but the weights still moved maybe a little slower but progress is still being made","Triceps Pushdown",,"",0,"normal",52.5,12,,,
"Upper","Jun 14, 2026, 10:32 PM","Jun 14, 2026, 11:53 PM","Pretty tired this one but the weights still moved maybe a little slower but progress is still being made","Triceps Pushdown",,"",1,"normal",52.5,9,,,
"Upper","Jun 14, 2026, 10:32 PM","Jun 14, 2026, 11:53 PM","Pretty tired this one but the weights still moved maybe a little slower but progress is still being made","Lateral Raise (Cable)",,"",0,"normal",12.5,8,,,
"Upper","Jun 14, 2026, 10:32 PM","Jun 14, 2026, 11:53 PM","Pretty tired this one but the weights still moved maybe a little slower but progress is still being made","Lateral Raise (Cable)",,"",1,"normal",10,12,,,
"Upper","Jun 14, 2026, 10:32 PM","Jun 14, 2026, 11:53 PM","Pretty tired this one but the weights still moved maybe a little slower but progress is still being made","Behind the Back Wrist Curl (Barbell)",,"",0,"normal",52.5,20,,,
"Upper","Jun 14, 2026, 10:32 PM","Jun 14, 2026, 11:53 PM","Pretty tired this one but the weights still moved maybe a little slower but progress is still being made","Behind the Back Wrist Curl (Barbell)",,"",1,"normal",52.5,16,,,
"Lower","Jun 11, 2026, 12:38 PM","Jun 11, 2026, 1:56 PM","Got a crazy lower back cramp decided to call it on any stress in that reigon","Seated Leg Curl (Machine)",,"When i do these my knee tendons still hurt every time. Feel like its something that will get better over time",0,"warmup",40,12,,,
"Lower","Jun 11, 2026, 12:38 PM","Jun 11, 2026, 1:56 PM","Got a crazy lower back cramp decided to call it on any stress in that reigon","Seated Leg Curl (Machine)",,"When i do these my knee tendons still hurt every time. Feel like its something that will get better over time",1,"normal",70,12,,,
"Lower","Jun 11, 2026, 12:38 PM","Jun 11, 2026, 1:56 PM","Got a crazy lower back cramp decided to call it on any stress in that reigon","Seated Leg Curl (Machine)",,"When i do these my knee tendons still hurt every time. Feel like its something that will get better over time",2,"normal",70,12,,,
"Lower","Jun 11, 2026, 12:38 PM","Jun 11, 2026, 1:56 PM","Got a crazy lower back cramp decided to call it on any stress in that reigon","Hip Adduction (Machine)",,"",0,"normal",102.5,17,,,
"Lower","Jun 11, 2026, 12:38 PM","Jun 11, 2026, 1:56 PM","Got a crazy lower back cramp decided to call it on any stress in that reigon","Hip Adduction (Machine)",,"",1,"normal",102.5,17,,,
"Lower","Jun 11, 2026, 12:38 PM","Jun 11, 2026, 1:56 PM","Got a crazy lower back cramp decided to call it on any stress in that reigon","Hip Abduction (Machine)",,"",0,"normal",102.5,30,,,
"Lower","Jun 11, 2026, 12:38 PM","Jun 11, 2026, 1:56 PM","Got a crazy lower back cramp decided to call it on any stress in that reigon","Hip Abduction (Machine)",,"",1,"normal",102.5,30,,,
"Lower","Jun 11, 2026, 12:38 PM","Jun 11, 2026, 1:56 PM","Got a crazy lower back cramp decided to call it on any stress in that reigon","Squat (Barbell)",,"Need better core stabilization",0,"warmup",20,12,,,
"Lower","Jun 11, 2026, 12:38 PM","Jun 11, 2026, 1:56 PM","Got a crazy lower back cramp decided to call it on any stress in that reigon","Squat (Barbell)",,"Need better core stabilization",1,"warmup",60,8,,,
"Lower","Jun 11, 2026, 12:38 PM","Jun 11, 2026, 1:56 PM","Got a crazy lower back cramp decided to call it on any stress in that reigon","Squat (Barbell)",,"Need better core stabilization",2,"normal",100,12,,,
"Lower","Jun 11, 2026, 12:38 PM","Jun 11, 2026, 1:56 PM","Got a crazy lower back cramp decided to call it on any stress in that reigon","Squat (Barbell)",,"Need better core stabilization",3,"normal",120,8,,,
"Lower","Jun 11, 2026, 12:38 PM","Jun 11, 2026, 1:56 PM","Got a crazy lower back cramp decided to call it on any stress in that reigon","Squat (Barbell)",,"Need better core stabilization",4,"normal",120,6,,,
"Lower","Jun 11, 2026, 12:38 PM","Jun 11, 2026, 1:56 PM","Got a crazy lower back cramp decided to call it on any stress in that reigon","Calf Press (Machine)",,"",0,"warmup",80,12,,,
"Lower","Jun 11, 2026, 12:38 PM","Jun 11, 2026, 1:56 PM","Got a crazy lower back cramp decided to call it on any stress in that reigon","Calf Press (Machine)",,"",1,"normal",160,12,,,
"Lower","Jun 11, 2026, 12:38 PM","Jun 11, 2026, 1:56 PM","Got a crazy lower back cramp decided to call it on any stress in that reigon","Calf Press (Machine)",,"",2,"normal",160,12,,,
"Lower","Jun 11, 2026, 12:38 PM","Jun 11, 2026, 1:56 PM","Got a crazy lower back cramp decided to call it on any stress in that reigon","Leg Extension (Machine)",,"",0,"normal",111,13,,,
"Lower","Jun 11, 2026, 12:38 PM","Jun 11, 2026, 1:56 PM","Got a crazy lower back cramp decided to call it on any stress in that reigon","Leg Extension (Machine)",,"",1,"normal",111,13,,,
"Upper","Jun 10, 2026, 2:01 PM","Jun 10, 2026, 3:39 PM","Any day when im steonger then than the last is a good day. Gonna bike for 30 and call it a day","Bench Press (Barbell)",,"100 felt lighter than last week but i didnt risk the last rep with no spotter. Went for 2 top sets today. Pause reps at 90",0,"warmup",20,20,,,
"Upper","Jun 10, 2026, 2:01 PM","Jun 10, 2026, 3:39 PM","Any day when im steonger then than the last is a good day. Gonna bike for 30 and call it a day","Bench Press (Barbell)",,"100 felt lighter than last week but i didnt risk the last rep with no spotter. Went for 2 top sets today. Pause reps at 90",1,"warmup",60,10,,,
"Upper","Jun 10, 2026, 2:01 PM","Jun 10, 2026, 3:39 PM","Any day when im steonger then than the last is a good day. Gonna bike for 30 and call it a day","Bench Press (Barbell)",,"100 felt lighter than last week but i didnt risk the last rep with no spotter. Went for 2 top sets today. Pause reps at 90",2,"warmup",90,2,,,
"Upper","Jun 10, 2026, 2:01 PM","Jun 10, 2026, 3:39 PM","Any day when im steonger then than the last is a good day. Gonna bike for 30 and call it a day","Bench Press (Barbell)",,"100 felt lighter than last week but i didnt risk the last rep with no spotter. Went for 2 top sets today. Pause reps at 90",3,"normal",100,5,,,
"Upper","Jun 10, 2026, 2:01 PM","Jun 10, 2026, 3:39 PM","Any day when im steonger then than the last is a good day. Gonna bike for 30 and call it a day","Bench Press (Barbell)",,"100 felt lighter than last week but i didnt risk the last rep with no spotter. Went for 2 top sets today. Pause reps at 90",4,"normal",100,4,,,
"Upper","Jun 10, 2026, 2:01 PM","Jun 10, 2026, 3:39 PM","Any day when im steonger then than the last is a good day. Gonna bike for 30 and call it a day","Bench Press (Barbell)",,"100 felt lighter than last week but i didnt risk the last rep with no spotter. Went for 2 top sets today. Pause reps at 90",5,"normal",90,6,,,
"Upper","Jun 10, 2026, 2:01 PM","Jun 10, 2026, 3:39 PM","Any day when im steonger then than the last is a good day. Gonna bike for 30 and call it a day","Seated Row (Machine)",,"",0,"warmup",35,12,,,
"Upper","Jun 10, 2026, 2:01 PM","Jun 10, 2026, 3:39 PM","Any day when im steonger then than the last is a good day. Gonna bike for 30 and call it a day","Seated Row (Machine)",,"",1,"normal",70,12,,,
"Upper","Jun 10, 2026, 2:01 PM","Jun 10, 2026, 3:39 PM","Any day when im steonger then than the last is a good day. Gonna bike for 30 and call it a day","Seated Row (Machine)",,"",2,"normal",70,9,,,
"Upper","Jun 10, 2026, 2:01 PM","Jun 10, 2026, 3:39 PM","Any day when im steonger then than the last is a good day. Gonna bike for 30 and call it a day","Seated Row (Machine)",,"",3,"normal",55,13,,,
"Upper","Jun 10, 2026, 2:01 PM","Jun 10, 2026, 3:39 PM","Any day when im steonger then than the last is a good day. Gonna bike for 30 and call it a day","Overhead Press (Barbell)",,"",0,"warmup",20,10,,,
"Upper","Jun 10, 2026, 2:01 PM","Jun 10, 2026, 3:39 PM","Any day when im steonger then than the last is a good day. Gonna bike for 30 and call it a day","Overhead Press (Barbell)",,"",1,"normal",40,10,,,
"Upper","Jun 10, 2026, 2:01 PM","Jun 10, 2026, 3:39 PM","Any day when im steonger then than the last is a good day. Gonna bike for 30 and call it a day","Overhead Press (Barbell)",,"",2,"normal",40,8,,,
"Upper","Jun 10, 2026, 2:01 PM","Jun 10, 2026, 3:39 PM","Any day when im steonger then than the last is a good day. Gonna bike for 30 and call it a day","Overhead Press (Barbell)",,"",3,"normal",40,8,,,
"Upper","Jun 10, 2026, 2:01 PM","Jun 10, 2026, 3:39 PM","Any day when im steonger then than the last is a good day. Gonna bike for 30 and call it a day","Lat Pulldown (Machine)",,"Ended with pause reps at 98",0,"warmup",50,12,,,
"Upper","Jun 10, 2026, 2:01 PM","Jun 10, 2026, 3:39 PM","Any day when im steonger then than the last is a good day. Gonna bike for 30 and call it a day","Lat Pulldown (Machine)",,"Ended with pause reps at 98",1,"warmup",84,6,,,
"Upper","Jun 10, 2026, 2:01 PM","Jun 10, 2026, 3:39 PM","Any day when im steonger then than the last is a good day. Gonna bike for 30 and call it a day","Lat Pulldown (Machine)",,"Ended with pause reps at 98",2,"normal",111,11,,,
"Upper","Jun 10, 2026, 2:01 PM","Jun 10, 2026, 3:39 PM","Any day when im steonger then than the last is a good day. Gonna bike for 30 and call it a day","Lat Pulldown (Machine)",,"Ended with pause reps at 98",3,"normal",111,10,,,
"Upper","Jun 10, 2026, 2:01 PM","Jun 10, 2026, 3:39 PM","Any day when im steonger then than the last is a good day. Gonna bike for 30 and call it a day","Lat Pulldown (Machine)",,"Ended with pause reps at 98",4,"normal",98,9,,,
"Upper","Jun 10, 2026, 2:01 PM","Jun 10, 2026, 3:39 PM","Any day when im steonger then than the last is a good day. Gonna bike for 30 and call it a day","Chest Fly (Machine)",,"",0,"normal",90,13,,,
"Upper","Jun 10, 2026, 2:01 PM","Jun 10, 2026, 3:39 PM","Any day when im steonger then than the last is a good day. Gonna bike for 30 and call it a day","Chest Fly (Machine)",,"",1,"normal",90,10,,,
"Upper","Jun 10, 2026, 2:01 PM","Jun 10, 2026, 3:39 PM","Any day when im steonger then than the last is a good day. Gonna bike for 30 and call it a day","Preacher Curl (Dumbbell)",,"",0,"warmup",18,6,,,
"Upper","Jun 10, 2026, 2:01 PM","Jun 10, 2026, 3:39 PM","Any day when im steonger then than the last is a good day. Gonna bike for 30 and call it a day","Preacher Curl (Dumbbell)",,"",1,"normal",22,11,,,
"Upper","Jun 10, 2026, 2:01 PM","Jun 10, 2026, 3:39 PM","Any day when im steonger then than the last is a good day. Gonna bike for 30 and call it a day","Preacher Curl (Dumbbell)",,"",2,"normal",22,10,,,
"Upper","Jun 10, 2026, 2:01 PM","Jun 10, 2026, 3:39 PM","Any day when im steonger then than the last is a good day. Gonna bike for 30 and call it a day","Triceps Pushdown",,"",0,"normal",50,12,,,
"Upper","Jun 10, 2026, 2:01 PM","Jun 10, 2026, 3:39 PM","Any day when im steonger then than the last is a good day. Gonna bike for 30 and call it a day","Triceps Pushdown",,"",1,"normal",50,10,,,
"Lower","Jun 8, 2026, 11:34 AM","Jun 8, 2026, 12:53 PM","Deadlift focused day with a good stretch at the end","Lying Leg Curl (Machine)",,"",0,"warmup",30,12,,,
"Lower","Jun 8, 2026, 11:34 AM","Jun 8, 2026, 12:53 PM","Deadlift focused day with a good stretch at the end","Lying Leg Curl (Machine)",,"",1,"normal",65,12,,,
"Lower","Jun 8, 2026, 11:34 AM","Jun 8, 2026, 12:53 PM","Deadlift focused day with a good stretch at the end","Lying Leg Curl (Machine)",,"",2,"normal",65,12,,,
"Lower","Jun 8, 2026, 11:34 AM","Jun 8, 2026, 12:53 PM","Deadlift focused day with a good stretch at the end","Hip Adduction (Machine)",,"",0,"normal",102.5,16,,,
"Lower","Jun 8, 2026, 11:34 AM","Jun 8, 2026, 12:53 PM","Deadlift focused day with a good stretch at the end","Hip Adduction (Machine)",,"",1,"normal",102.5,16,,,
"Lower","Jun 8, 2026, 11:34 AM","Jun 8, 2026, 12:53 PM","Deadlift focused day with a good stretch at the end","Hip Abduction (Machine)",,"",0,"normal",102.5,30,,,
"Lower","Jun 8, 2026, 11:34 AM","Jun 8, 2026, 12:53 PM","Deadlift focused day with a good stretch at the end","Hip Abduction (Machine)",,"",1,"normal",102.5,30,,,
"Lower","Jun 8, 2026, 11:34 AM","Jun 8, 2026, 12:53 PM","Deadlift focused day with a good stretch at the end","Calf Press (Machine)",,"",0,"normal",80,12,,,
"Lower","Jun 8, 2026, 11:34 AM","Jun 8, 2026, 12:53 PM","Deadlift focused day with a good stretch at the end","Calf Press (Machine)",,"",1,"normal",150,14,,,
"Lower","Jun 8, 2026, 11:34 AM","Jun 8, 2026, 12:53 PM","Deadlift focused day with a good stretch at the end","Calf Press (Machine)",,"",2,"normal",150,12,,,
"Lower","Jun 8, 2026, 11:34 AM","Jun 8, 2026, 12:53 PM","Deadlift focused day with a good stretch at the end","Deadlift (Barbell)",,"",0,"warmup",20,12,,,
"Lower","Jun 8, 2026, 11:34 AM","Jun 8, 2026, 12:53 PM","Deadlift focused day with a good stretch at the end","Deadlift (Barbell)",,"",1,"warmup",60,12,,,
"Lower","Jun 8, 2026, 11:34 AM","Jun 8, 2026, 12:53 PM","Deadlift focused day with a good stretch at the end","Deadlift (Barbell)",,"",2,"normal",100,3,,,
"Lower","Jun 8, 2026, 11:34 AM","Jun 8, 2026, 12:53 PM","Deadlift focused day with a good stretch at the end","Deadlift (Barbell)",,"",3,"normal",140,1,,,
"Lower","Jun 8, 2026, 11:34 AM","Jun 8, 2026, 12:53 PM","Deadlift focused day with a good stretch at the end","Deadlift (Barbell)",,"",4,"normal",180,1,,,
"Lower","Jun 8, 2026, 11:34 AM","Jun 8, 2026, 12:53 PM","Deadlift focused day with a good stretch at the end","Deadlift (Barbell)",,"",5,"normal",200,1,,,
"Lower","Jun 8, 2026, 11:34 AM","Jun 8, 2026, 12:53 PM","Deadlift focused day with a good stretch at the end","Deadlift (Barbell)",,"",6,"normal",140,12,,,
"Lower","Jun 8, 2026, 11:34 AM","Jun 8, 2026, 12:53 PM","Deadlift focused day with a good stretch at the end","Leg Extension (Machine)",,"",0,"normal",111,14,,,
"Lower","Jun 8, 2026, 11:34 AM","Jun 8, 2026, 12:53 PM","Deadlift focused day with a good stretch at the end","Leg Extension (Machine)",,"",1,"normal",111,11,,,
"Lower","Jun 8, 2026, 11:34 AM","Jun 8, 2026, 12:53 PM","Deadlift focused day with a good stretch at the end","Cable Crunch",,"",0,"normal",40,14,,,
"Lower","Jun 8, 2026, 11:34 AM","Jun 8, 2026, 12:53 PM","Deadlift focused day with a good stretch at the end","Cable Crunch",,"",1,"normal",45,12,,,
"Lower","Jun 8, 2026, 11:34 AM","Jun 8, 2026, 12:53 PM","Deadlift focused day with a good stretch at the end","Cable Crunch",,"",2,"normal",45,12,,,
"Pull","Jun 7, 2026, 10:24 AM","Jun 7, 2026, 11:33 AM","Feeling A mazing","Lat Pulldown (Cable)",,"",0,"warmup",40,12,,,
"Pull","Jun 7, 2026, 10:24 AM","Jun 7, 2026, 11:33 AM","Feeling A mazing","Lat Pulldown (Cable)",,"",1,"warmup",84,6,,,
"Pull","Jun 7, 2026, 10:24 AM","Jun 7, 2026, 11:33 AM","Feeling A mazing","Lat Pulldown (Machine)",,"Top set of 8 reps at max weight 😁 this machine still has a little bit of work to go before its subbed out",0,"warmup",50,12,,,
"Pull","Jun 7, 2026, 10:24 AM","Jun 7, 2026, 11:33 AM","Feeling A mazing","Lat Pulldown (Machine)",,"Top set of 8 reps at max weight 😁 this machine still has a little bit of work to go before its subbed out",1,"warmup",84,6,,,
"Pull","Jun 7, 2026, 10:24 AM","Jun 7, 2026, 11:33 AM","Feeling A mazing","Lat Pulldown (Machine)",,"Top set of 8 reps at max weight 😁 this machine still has a little bit of work to go before its subbed out",2,"warmup",111,1,,,
"Pull","Jun 7, 2026, 10:24 AM","Jun 7, 2026, 11:33 AM","Feeling A mazing","Lat Pulldown (Machine)",,"Top set of 8 reps at max weight 😁 this machine still has a little bit of work to go before its subbed out",3,"normal",111,8,,,
"Pull","Jun 7, 2026, 10:24 AM","Jun 7, 2026, 11:33 AM","Feeling A mazing","Lat Pulldown (Machine)",,"Top set of 8 reps at max weight 😁 this machine still has a little bit of work to go before its subbed out",4,"normal",105,10,,,
"Pull","Jun 7, 2026, 10:24 AM","Jun 7, 2026, 11:33 AM","Feeling A mazing","Seated Row (Machine)",,"Brace that core",0,"warmup",25,12,,,
"Pull","Jun 7, 2026, 10:24 AM","Jun 7, 2026, 11:33 AM","Feeling A mazing","Seated Row (Machine)",,"Brace that core",1,"warmup",55,3,,,
"Pull","Jun 7, 2026, 10:24 AM","Jun 7, 2026, 11:33 AM","Feeling A mazing","Seated Row (Machine)",,"Brace that core",2,"normal",65,13,,,
"Pull","Jun 7, 2026, 10:24 AM","Jun 7, 2026, 11:33 AM","Feeling A mazing","Seated Row (Machine)",,"Brace that core",3,"normal",67.5,12,,,
"Pull","Jun 7, 2026, 10:24 AM","Jun 7, 2026, 11:33 AM","Feeling A mazing","Rope Straight Arm Pulldown",,"Trying a different set up on my knees to see if this the new meta. Oh yeah thats a good 9ne",0,"warmup",25,12,,,
"Pull","Jun 7, 2026, 10:24 AM","Jun 7, 2026, 11:33 AM","Feeling A mazing","Rope Straight Arm Pulldown",,"Trying a different set up on my knees to see if this the new meta. Oh yeah thats a good 9ne",1,"normal",40,11,,,
"Pull","Jun 7, 2026, 10:24 AM","Jun 7, 2026, 11:33 AM","Feeling A mazing","Reverse Fly Single Arm (Cable)",,"Didnt feel quite right in the right side of my trap",0,"warmup",12.5,12,,,
"Pull","Jun 7, 2026, 10:24 AM","Jun 7, 2026, 11:33 AM","Feeling A mazing","Reverse Fly Single Arm (Cable)",,"Didnt feel quite right in the right side of my trap",1,"normal",25,12,,,
"Pull","Jun 7, 2026, 10:24 AM","Jun 7, 2026, 11:33 AM","Feeling A mazing","Preacher Curl (Dumbbell)",,"Ok maybe 20s are starting to get a little light
Maybe my pre workout pre is just getting way better",0,"warmup",12.5,14,,,
"Pull","Jun 7, 2026, 10:24 AM","Jun 7, 2026, 11:33 AM","Feeling A mazing","Preacher Curl (Dumbbell)",,"Ok maybe 20s are starting to get a little light
Maybe my pre workout pre is just getting way better",1,"normal",20,14,,,
"Pull","Jun 7, 2026, 10:24 AM","Jun 7, 2026, 11:33 AM","Feeling A mazing","Preacher Curl (Dumbbell)",,"Ok maybe 20s are starting to get a little light
Maybe my pre workout pre is just getting way better",2,"normal",20,12,,,
"Pull","Jun 7, 2026, 10:24 AM","Jun 7, 2026, 11:33 AM","Feeling A mazing","Behind the Back Wrist Curl (Barbell)",,"",0,"normal",52.5,19,,,
"Pull","Jun 7, 2026, 10:24 AM","Jun 7, 2026, 11:33 AM","Feeling A mazing","Behind the Back Wrist Curl (Barbell)",,"",1,"normal",52.5,16,,,
"Pull","Jun 7, 2026, 10:24 AM","Jun 7, 2026, 11:33 AM","Feeling A mazing","Behind the Back Wrist Curl (Barbell)",,"",2,"normal",52.5,16,,,
"Push","Jun 5, 2026, 1:47 PM","Jun 5, 2026, 2:49 PM","Little push day hit a nasty set on bench 🤪","Bench Press (Barbell)",,"",0,"warmup",20,20,,,
"Push","Jun 5, 2026, 1:47 PM","Jun 5, 2026, 2:49 PM","Little push day hit a nasty set on bench 🤪","Bench Press (Barbell)",,"",1,"warmup",60,8,,,
"Push","Jun 5, 2026, 1:47 PM","Jun 5, 2026, 2:49 PM","Little push day hit a nasty set on bench 🤪","Bench Press (Barbell)",,"",2,"warmup",90,1,,,
"Push","Jun 5, 2026, 1:47 PM","Jun 5, 2026, 2:49 PM","Little push day hit a nasty set on bench 🤪","Bench Press (Barbell)",,"",3,"normal",100,4,,,
"Push","Jun 5, 2026, 1:47 PM","Jun 5, 2026, 2:49 PM","Little push day hit a nasty set on bench 🤪","Bench Press (Barbell)",,"",4,"normal",100,3,,,
"Push","Jun 5, 2026, 1:47 PM","Jun 5, 2026, 2:49 PM","Little push day hit a nasty set on bench 🤪","Bench Press (Barbell)",,"",5,"normal",90,7,,,
"Push","Jun 5, 2026, 1:47 PM","Jun 5, 2026, 2:49 PM","Little push day hit a nasty set on bench 🤪","Chest Fly (Machine)",,"",0,"normal",90,11,,,
"Push","Jun 5, 2026, 1:47 PM","Jun 5, 2026, 2:49 PM","Little push day hit a nasty set on bench 🤪","Chest Fly (Machine)",,"",1,"normal",90,8,,,
"Push","Jun 5, 2026, 1:47 PM","Jun 5, 2026, 2:49 PM","Little push day hit a nasty set on bench 🤪","Chest Fly (Machine)",,"",2,"normal",85,11,,,
"Push","Jun 5, 2026, 1:47 PM","Jun 5, 2026, 2:49 PM","Little push day hit a nasty set on bench 🤪","Seated Shoulder Press (Machine)",,"",0,"normal",60,7,,,
"Push","Jun 5, 2026, 1:47 PM","Jun 5, 2026, 2:49 PM","Little push day hit a nasty set on bench 🤪","Seated Shoulder Press (Machine)",,"",1,"normal",55,10,,,
"Push","Jun 5, 2026, 1:47 PM","Jun 5, 2026, 2:49 PM","Little push day hit a nasty set on bench 🤪","Seated Shoulder Press (Machine)",,"",2,"normal",55,8,,,
"Push","Jun 5, 2026, 1:47 PM","Jun 5, 2026, 2:49 PM","Little push day hit a nasty set on bench 🤪","Lateral Raise (Machine)",,"",0,"normal",40,8,,,
"Push","Jun 5, 2026, 1:47 PM","Jun 5, 2026, 2:49 PM","Little push day hit a nasty set on bench 🤪","Lateral Raise (Machine)",,"",1,"normal",30,12,,,
"Push","Jun 5, 2026, 1:47 PM","Jun 5, 2026, 2:49 PM","Little push day hit a nasty set on bench 🤪","Lateral Raise (Machine)",,"",2,"normal",30,14,,,
"Push","Jun 5, 2026, 1:47 PM","Jun 5, 2026, 2:49 PM","Little push day hit a nasty set on bench 🤪","Skullcrusher (Barbell)",,"",0,"normal",30,12,,,
"Push","Jun 5, 2026, 1:47 PM","Jun 5, 2026, 2:49 PM","Little push day hit a nasty set on bench 🤪","Skullcrusher (Barbell)",,"",1,"normal",30,14,,,
"Push","Jun 5, 2026, 1:47 PM","Jun 5, 2026, 2:49 PM","Little push day hit a nasty set on bench 🤪","Skullcrusher (Barbell)",,"",2,"normal",30,8,,,
"Lower","Jun 4, 2026, 3:28 PM","Jun 4, 2026, 4:39 PM","A really good leg day and a good stretch at the end too","Lying Leg Curl (Machine)",,"",0,"warmup",30,12,,,
"Lower","Jun 4, 2026, 3:28 PM","Jun 4, 2026, 4:39 PM","A really good leg day and a good stretch at the end too","Lying Leg Curl (Machine)",,"",1,"warmup",45,6,,,
"Lower","Jun 4, 2026, 3:28 PM","Jun 4, 2026, 4:39 PM","A really good leg day and a good stretch at the end too","Lying Leg Curl (Machine)",,"",2,"normal",65,12,,,
"Lower","Jun 4, 2026, 3:28 PM","Jun 4, 2026, 4:39 PM","A really good leg day and a good stretch at the end too","Lying Leg Curl (Machine)",,"",3,"normal",65,12,,,
"Lower","Jun 4, 2026, 3:28 PM","Jun 4, 2026, 4:39 PM","A really good leg day and a good stretch at the end too","Hip Adduction (Machine)",,"",0,"warmup",60,12,,,
"Lower","Jun 4, 2026, 3:28 PM","Jun 4, 2026, 4:39 PM","A really good leg day and a good stretch at the end too","Hip Adduction (Machine)",,"",1,"normal",102.5,16,,,
"Lower","Jun 4, 2026, 3:28 PM","Jun 4, 2026, 4:39 PM","A really good leg day and a good stretch at the end too","Hip Adduction (Machine)",,"",2,"normal",102.5,16,,,
"Lower","Jun 4, 2026, 3:28 PM","Jun 4, 2026, 4:39 PM","A really good leg day and a good stretch at the end too","Hip Abduction (Machine)",,"",0,"normal",102.5,25,,,
"Lower","Jun 4, 2026, 3:28 PM","Jun 4, 2026, 4:39 PM","A really good leg day and a good stretch at the end too","Hip Abduction (Machine)",,"",1,"normal",102.5,25,,,
"Lower","Jun 4, 2026, 3:28 PM","Jun 4, 2026, 4:39 PM","A really good leg day and a good stretch at the end too","Squat (Barbell)",,"Trying a 120 top set",0,"warmup",20,15,,,
"Lower","Jun 4, 2026, 3:28 PM","Jun 4, 2026, 4:39 PM","A really good leg day and a good stretch at the end too","Squat (Barbell)",,"Trying a 120 top set",1,"warmup",60,8,,,
"Lower","Jun 4, 2026, 3:28 PM","Jun 4, 2026, 4:39 PM","A really good leg day and a good stretch at the end too","Squat (Barbell)",,"Trying a 120 top set",2,"warmup",100,3,,,
"Lower","Jun 4, 2026, 3:28 PM","Jun 4, 2026, 4:39 PM","A really good leg day and a good stretch at the end too","Squat (Barbell)",,"Trying a 120 top set",3,"normal",120,6,,,
"Lower","Jun 4, 2026, 3:28 PM","Jun 4, 2026, 4:39 PM","A really good leg day and a good stretch at the end too","Squat (Barbell)",,"Trying a 120 top set",4,"normal",100,12,,,
"Lower","Jun 4, 2026, 3:28 PM","Jun 4, 2026, 4:39 PM","A really good leg day and a good stretch at the end too","Calf Press (Machine)",,"",0,"normal",100,20,,,
"Lower","Jun 4, 2026, 3:28 PM","Jun 4, 2026, 4:39 PM","A really good leg day and a good stretch at the end too","Calf Press (Machine)",,"",1,"normal",150,12,,,
"Lower","Jun 4, 2026, 3:28 PM","Jun 4, 2026, 4:39 PM","A really good leg day and a good stretch at the end too","Calf Press (Machine)",,"",2,"normal",150,12,,,
"Lower","Jun 4, 2026, 3:28 PM","Jun 4, 2026, 4:39 PM","A really good leg day and a good stretch at the end too","Leg Extension (Machine)",,"",0,"normal",111,13,,,
"Lower","Jun 4, 2026, 3:28 PM","Jun 4, 2026, 4:39 PM","A really good leg day and a good stretch at the end too","Leg Extension (Machine)",,"",1,"normal",111,11,,,
"Lower","Jun 4, 2026, 3:28 PM","Jun 4, 2026, 4:39 PM","A really good leg day and a good stretch at the end too","Cable Crunch",,"",0,"normal",35,13,,,
"Lower","Jun 4, 2026, 3:28 PM","Jun 4, 2026, 4:39 PM","A really good leg day and a good stretch at the end too","Cable Crunch",,"",1,"normal",40,12,,,
"Lower","Jun 4, 2026, 3:28 PM","Jun 4, 2026, 4:39 PM","A really good leg day and a good stretch at the end too","Cable Crunch",,"",2,"normal",40,12,,,
"Upper","Jun 3, 2026, 10:36 AM","Jun 3, 2026, 11:54 AM","First upper day of my new routine. Big fan","Bench Press (Barbell)",,"",0,"warmup",20,20,,,
"Upper","Jun 3, 2026, 10:36 AM","Jun 3, 2026, 11:54 AM","First upper day of my new routine. Big fan","Bench Press (Barbell)",,"",1,"warmup",60,8,,,
"Upper","Jun 3, 2026, 10:36 AM","Jun 3, 2026, 11:54 AM","First upper day of my new routine. Big fan","Bench Press (Barbell)",,"",2,"warmup",80,5,,,
"Upper","Jun 3, 2026, 10:36 AM","Jun 3, 2026, 11:54 AM","First upper day of my new routine. Big fan","Bench Press (Barbell)",,"",3,"normal",92.5,7,,,
"Upper","Jun 3, 2026, 10:36 AM","Jun 3, 2026, 11:54 AM","First upper day of my new routine. Big fan","Bench Press (Barbell)",,"",4,"normal",92.5,5,,,
"Upper","Jun 3, 2026, 10:36 AM","Jun 3, 2026, 11:54 AM","First upper day of my new routine. Big fan","Seated Row (Machine)",,"Ow my ribs",0,"warmup",35,12,,,
"Upper","Jun 3, 2026, 10:36 AM","Jun 3, 2026, 11:54 AM","First upper day of my new routine. Big fan","Seated Row (Machine)",,"Ow my ribs",1,"normal",65,12,,,
"Upper","Jun 3, 2026, 10:36 AM","Jun 3, 2026, 11:54 AM","First upper day of my new routine. Big fan","Seated Row (Machine)",,"Ow my ribs",2,"normal",65,13,,,
"Upper","Jun 3, 2026, 10:36 AM","Jun 3, 2026, 11:54 AM","First upper day of my new routine. Big fan","Overhead Press (Barbell)",,"First time doing this exercise just learning technique. I think 40 is currently a good weight for me",0,"warmup",20,12,,,
"Upper","Jun 3, 2026, 10:36 AM","Jun 3, 2026, 11:54 AM","First upper day of my new routine. Big fan","Overhead Press (Barbell)",,"First time doing this exercise just learning technique. I think 40 is currently a good weight for me",1,"normal",40,8,,,
"Upper","Jun 3, 2026, 10:36 AM","Jun 3, 2026, 11:54 AM","First upper day of my new routine. Big fan","Overhead Press (Barbell)",,"First time doing this exercise just learning technique. I think 40 is currently a good weight for me",2,"normal",40,7,,,
"Upper","Jun 3, 2026, 10:36 AM","Jun 3, 2026, 11:54 AM","First upper day of my new routine. Big fan","Overhead Press (Barbell)",,"First time doing this exercise just learning technique. I think 40 is currently a good weight for me",3,"normal",40,6,,,
"Upper","Jun 3, 2026, 10:36 AM","Jun 3, 2026, 11:54 AM","First upper day of my new routine. Big fan","Lat Pulldown (Machine)",,"",0,"warmup",50,12,,,
"Upper","Jun 3, 2026, 10:36 AM","Jun 3, 2026, 11:54 AM","First upper day of my new routine. Big fan","Lat Pulldown (Machine)",,"",1,"warmup",71,5,,,
"Upper","Jun 3, 2026, 10:36 AM","Jun 3, 2026, 11:54 AM","First upper day of my new routine. Big fan","Lat Pulldown (Machine)",,"",2,"normal",111,10,,,
"Upper","Jun 3, 2026, 10:36 AM","Jun 3, 2026, 11:54 AM","First upper day of my new routine. Big fan","Lat Pulldown (Machine)",,"",3,"normal",111,9,,,
"Upper","Jun 3, 2026, 10:36 AM","Jun 3, 2026, 11:54 AM","First upper day of my new routine. Big fan","Chest Fly (Machine)",,"",0,"normal",90,11,,,
"Upper","Jun 3, 2026, 10:36 AM","Jun 3, 2026, 11:54 AM","First upper day of my new routine. Big fan","Chest Fly (Machine)",,"",1,"normal",90,8,,,
"Upper","Jun 3, 2026, 10:36 AM","Jun 3, 2026, 11:54 AM","First upper day of my new routine. Big fan","Preacher Curl (Dumbbell)",,"",0,"normal",20,12,,,
"Upper","Jun 3, 2026, 10:36 AM","Jun 3, 2026, 11:54 AM","First upper day of my new routine. Big fan","Preacher Curl (Dumbbell)",,"",1,"normal",20,12,,,
"Upper","Jun 3, 2026, 10:36 AM","Jun 3, 2026, 11:54 AM","First upper day of my new routine. Big fan","Triceps Pushdown",,"",0,"normal",50,10,,,
"Upper","Jun 3, 2026, 10:36 AM","Jun 3, 2026, 11:54 AM","First upper day of my new routine. Big fan","Triceps Pushdown",,"",1,"normal",50,10,,,
"Lower","Jun 1, 2026, 3:06 PM","Jun 1, 2026, 4:34 PM","Went in thinking i was gonna have an easy leg day but we know thats never the case","Lying Leg Curl (Machine)",,"Still keeping it low but the hammies and knee pain is well down",0,"warmup",30,12,,,
"Lower","Jun 1, 2026, 3:06 PM","Jun 1, 2026, 4:34 PM","Went in thinking i was gonna have an easy leg day but we know thats never the case","Lying Leg Curl (Machine)",,"Still keeping it low but the hammies and knee pain is well down",1,"normal",60,12,,,
"Lower","Jun 1, 2026, 3:06 PM","Jun 1, 2026, 4:34 PM","Went in thinking i was gonna have an easy leg day but we know thats never the case","Lying Leg Curl (Machine)",,"Still keeping it low but the hammies and knee pain is well down",2,"normal",60,12,,,
"Lower","Jun 1, 2026, 3:06 PM","Jun 1, 2026, 4:34 PM","Went in thinking i was gonna have an easy leg day but we know thats never the case","Lying Leg Curl (Machine)",,"Still keeping it low but the hammies and knee pain is well down",3,"normal",60,12,,,
"Lower","Jun 1, 2026, 3:06 PM","Jun 1, 2026, 4:34 PM","Went in thinking i was gonna have an easy leg day but we know thats never the case","Hip Adduction (Machine)",,"",0,"normal",102.5,15,,,
"Lower","Jun 1, 2026, 3:06 PM","Jun 1, 2026, 4:34 PM","Went in thinking i was gonna have an easy leg day but we know thats never the case","Hip Adduction (Machine)",,"",1,"normal",102.5,15,,,
"Lower","Jun 1, 2026, 3:06 PM","Jun 1, 2026, 4:34 PM","Went in thinking i was gonna have an easy leg day but we know thats never the case","Hip Abduction (Machine)",,"",0,"normal",102.5,25,,,
"Lower","Jun 1, 2026, 3:06 PM","Jun 1, 2026, 4:34 PM","Went in thinking i was gonna have an easy leg day but we know thats never the case","Hip Abduction (Machine)",,"",1,"normal",102.5,25,,,
"Lower","Jun 1, 2026, 3:06 PM","Jun 1, 2026, 4:34 PM","Went in thinking i was gonna have an easy leg day but we know thats never the case","Squat (Barbell)",,"",0,"warmup",60,12,,,
"Lower","Jun 1, 2026, 3:06 PM","Jun 1, 2026, 4:34 PM","Went in thinking i was gonna have an easy leg day but we know thats never the case","Squat (Barbell)",,"",1,"normal",110,10,,,
"Lower","Jun 1, 2026, 3:06 PM","Jun 1, 2026, 4:34 PM","Went in thinking i was gonna have an easy leg day but we know thats never the case","Squat (Barbell)",,"",2,"normal",110,8,,,
"Lower","Jun 1, 2026, 3:06 PM","Jun 1, 2026, 4:34 PM","Went in thinking i was gonna have an easy leg day but we know thats never the case","Deadlift (Barbell)",,"",0,"warmup",60,12,,,
"Lower","Jun 1, 2026, 3:06 PM","Jun 1, 2026, 4:34 PM","Went in thinking i was gonna have an easy leg day but we know thats never the case","Deadlift (Barbell)",,"",1,"normal",90,8,,,
"Lower","Jun 1, 2026, 3:06 PM","Jun 1, 2026, 4:34 PM","Went in thinking i was gonna have an easy leg day but we know thats never the case","Deadlift (Barbell)",,"",2,"normal",140,12,,,
"Lower","Jun 1, 2026, 3:06 PM","Jun 1, 2026, 4:34 PM","Went in thinking i was gonna have an easy leg day but we know thats never the case","Deadlift (Barbell)",,"",3,"normal",180,1,,,
"Lower","Jun 1, 2026, 3:06 PM","Jun 1, 2026, 4:34 PM","Went in thinking i was gonna have an easy leg day but we know thats never the case","Deadlift (Barbell)",,"",4,"normal",180,1,,,
"Lower","Jun 1, 2026, 3:06 PM","Jun 1, 2026, 4:34 PM","Went in thinking i was gonna have an easy leg day but we know thats never the case","Leg Extension (Machine)",,"",0,"normal",111,13,,,
"Lower","Jun 1, 2026, 3:06 PM","Jun 1, 2026, 4:34 PM","Went in thinking i was gonna have an easy leg day but we know thats never the case","Leg Extension (Machine)",,"",1,"normal",111,13,,,
"Lower","Jun 1, 2026, 3:06 PM","Jun 1, 2026, 4:34 PM","Went in thinking i was gonna have an easy leg day but we know thats never the case","Crunch (Machine)",,"",0,"normal",55,12,,,
"Lower","Jun 1, 2026, 3:06 PM","Jun 1, 2026, 4:34 PM","Went in thinking i was gonna have an easy leg day but we know thats never the case","Crunch (Machine)",,"",1,"normal",55,12,,,
"Lower","Jun 1, 2026, 3:06 PM","Jun 1, 2026, 4:34 PM","Went in thinking i was gonna have an easy leg day but we know thats never the case","Crunch (Machine)",,"",2,"normal",55,7,,,
"Push","May 30, 2026, 3:31 PM","May 30, 2026, 4:51 PM","Pretty tired and not very well fed but we still got a brilliant workout","Bench Press (Barbell)",,"I need more hype",0,"warmup",20,20,,,
"Push","May 30, 2026, 3:31 PM","May 30, 2026, 4:51 PM","Pretty tired and not very well fed but we still got a brilliant workout","Bench Press (Barbell)",,"I need more hype",1,"warmup",60,12,,,
"Push","May 30, 2026, 3:31 PM","May 30, 2026, 4:51 PM","Pretty tired and not very well fed but we still got a brilliant workout","Bench Press (Barbell)",,"I need more hype",2,"normal",90,8,,,
"Push","May 30, 2026, 3:31 PM","May 30, 2026, 4:51 PM","Pretty tired and not very well fed but we still got a brilliant workout","Bench Press (Barbell)",,"I need more hype",3,"normal",90,7,,,
"Push","May 30, 2026, 3:31 PM","May 30, 2026, 4:51 PM","Pretty tired and not very well fed but we still got a brilliant workout","Bench Press (Barbell)",,"I need more hype",4,"normal",90,6,,,
"Push","May 30, 2026, 3:31 PM","May 30, 2026, 4:51 PM","Pretty tired and not very well fed but we still got a brilliant workout","Incline Bench Press (Dumbbell)",,"Honestly I was surprised with my first set but signs of progress are always welcome",0,"normal",32,12,,,
"Push","May 30, 2026, 3:31 PM","May 30, 2026, 4:51 PM","Pretty tired and not very well fed but we still got a brilliant workout","Incline Bench Press (Dumbbell)",,"Honestly I was surprised with my first set but signs of progress are always welcome",1,"normal",32,12,,,
"Push","May 30, 2026, 3:31 PM","May 30, 2026, 4:51 PM","Pretty tired and not very well fed but we still got a brilliant workout","Incline Bench Press (Dumbbell)",,"Honestly I was surprised with my first set but signs of progress are always welcome",2,"normal",32,6,,,
"Push","May 30, 2026, 3:31 PM","May 30, 2026, 4:51 PM","Pretty tired and not very well fed but we still got a brilliant workout","Chest Fly (Machine)",,"",0,"normal",90,12,,,
"Push","May 30, 2026, 3:31 PM","May 30, 2026, 4:51 PM","Pretty tired and not very well fed but we still got a brilliant workout","Chest Fly (Machine)",,"",1,"normal",90,8,,,
"Push","May 30, 2026, 3:31 PM","May 30, 2026, 4:51 PM","Pretty tired and not very well fed but we still got a brilliant workout","Chest Fly (Machine)",,"",2,"normal",90,9,,,
"Push","May 30, 2026, 3:31 PM","May 30, 2026, 4:51 PM","Pretty tired and not very well fed but we still got a brilliant workout","Lateral Raise (Cable)",,"",0,"normal",10,14,,,
"Push","May 30, 2026, 3:31 PM","May 30, 2026, 4:51 PM","Pretty tired and not very well fed but we still got a brilliant workout","Lateral Raise (Cable)",,"",1,"normal",12,8,,,
"Push","May 30, 2026, 3:31 PM","May 30, 2026, 4:51 PM","Pretty tired and not very well fed but we still got a brilliant workout","Lateral Raise (Cable)",,"",2,"normal",12,8,,,
"Push","May 30, 2026, 3:31 PM","May 30, 2026, 4:51 PM","Pretty tired and not very well fed but we still got a brilliant workout","Single Arm Triceps Pushdown (Cable)",,"",0,"normal",22.5,8,,,
"Push","May 30, 2026, 3:31 PM","May 30, 2026, 4:51 PM","Pretty tired and not very well fed but we still got a brilliant workout","Single Arm Triceps Pushdown (Cable)",,"",1,"normal",22.5,8,,,
"Push","May 30, 2026, 3:31 PM","May 30, 2026, 4:51 PM","Pretty tired and not very well fed but we still got a brilliant workout","Triceps Pushdown",,"",0,"normal",50,11,,,
"Push","May 30, 2026, 3:31 PM","May 30, 2026, 4:51 PM","Pretty tired and not very well fed but we still got a brilliant workout","Triceps Pushdown",,"",1,"normal",50,9,,,
"Pull","May 29, 2026, 9:07 AM","May 29, 2026, 10:20 AM","Good back day with a nasty arm pump finishing off on the recline bike","Lat Pulldown (Machine)",,"",0,"warmup",50,14,,,
"Pull","May 29, 2026, 9:07 AM","May 29, 2026, 10:20 AM","Good back day with a nasty arm pump finishing off on the recline bike","Lat Pulldown (Machine)",,"",1,"warmup",71,5,,,
"Pull","May 29, 2026, 9:07 AM","May 29, 2026, 10:20 AM","Good back day with a nasty arm pump finishing off on the recline bike","Lat Pulldown (Machine)",,"",2,"normal",105,12,,,
"Pull","May 29, 2026, 9:07 AM","May 29, 2026, 10:20 AM","Good back day with a nasty arm pump finishing off on the recline bike","Lat Pulldown (Machine)",,"",3,"normal",105,12,,,
"Pull","May 29, 2026, 9:07 AM","May 29, 2026, 10:20 AM","Good back day with a nasty arm pump finishing off on the recline bike","Lat Pulldown (Machine)",,"",4,"normal",105,11,,,
"Pull","May 29, 2026, 9:07 AM","May 29, 2026, 10:20 AM","Good back day with a nasty arm pump finishing off on the recline bike","Seated Cable Row - Bar Grip",,"Putting this at the end and lowering the weight makes it feel oh so good",0,"normal",82.5,11,,,
"Pull","May 29, 2026, 9:07 AM","May 29, 2026, 10:20 AM","Good back day with a nasty arm pump finishing off on the recline bike","Seated Cable Row - Bar Grip",,"Putting this at the end and lowering the weight makes it feel oh so good",1,"normal",82.5,12,,,
"Pull","May 29, 2026, 9:07 AM","May 29, 2026, 10:20 AM","Good back day with a nasty arm pump finishing off on the recline bike","Seated Row (Machine)",,"",0,"normal",55,13,,,
"Pull","May 29, 2026, 9:07 AM","May 29, 2026, 10:20 AM","Good back day with a nasty arm pump finishing off on the recline bike","Seated Row (Machine)",,"",1,"normal",62.5,13,,,
"Pull","May 29, 2026, 9:07 AM","May 29, 2026, 10:20 AM","Good back day with a nasty arm pump finishing off on the recline bike","Seated Row (Machine)",,"",2,"normal",65,12,,,
"Pull","May 29, 2026, 9:07 AM","May 29, 2026, 10:20 AM","Good back day with a nasty arm pump finishing off on the recline bike","Rope Straight Arm Pulldown",,"",0,"normal",45,15,,,
"Pull","May 29, 2026, 9:07 AM","May 29, 2026, 10:20 AM","Good back day with a nasty arm pump finishing off on the recline bike","Rope Straight Arm Pulldown",,"",1,"normal",40,12,,,
"Pull","May 29, 2026, 9:07 AM","May 29, 2026, 10:20 AM","Good back day with a nasty arm pump finishing off on the recline bike","Preacher Curl (Dumbbell)",,"Biceps really tired today but going down to what i was doing only about a month ago already feels so easy.",0,"normal",22,8,,,
"Pull","May 29, 2026, 9:07 AM","May 29, 2026, 10:20 AM","Good back day with a nasty arm pump finishing off on the recline bike","Preacher Curl (Dumbbell)",,"Biceps really tired today but going down to what i was doing only about a month ago already feels so easy.",1,"normal",18,12,,,
"Pull","May 29, 2026, 9:07 AM","May 29, 2026, 10:20 AM","Good back day with a nasty arm pump finishing off on the recline bike","Preacher Curl (Dumbbell)",,"Biceps really tired today but going down to what i was doing only about a month ago already feels so easy.",2,"normal",18,12,,,
"Pull","May 29, 2026, 9:07 AM","May 29, 2026, 10:20 AM","Good back day with a nasty arm pump finishing off on the recline bike","Behind the Back Wrist Curl (Barbell)",,"",0,"normal",52.5,16,,,
"Pull","May 29, 2026, 9:07 AM","May 29, 2026, 10:20 AM","Good back day with a nasty arm pump finishing off on the recline bike","Behind the Back Wrist Curl (Barbell)",,"",1,"normal",52.5,12,,,
"Pull","May 29, 2026, 9:07 AM","May 29, 2026, 10:20 AM","Good back day with a nasty arm pump finishing off on the recline bike","Behind the Back Wrist Curl (Barbell)",,"",2,"normal",45,16,,,
"Lower","May 28, 2026, 2:04 PM","May 28, 2026, 3:53 PM","Knee sleeves are an absolute game changer all my knee pain vanished. Things are looking up","Lying Leg Curl (Machine)",,"Low weight for knee",0,"warmup",30,12,,,
"Lower","May 28, 2026, 2:04 PM","May 28, 2026, 3:53 PM","Knee sleeves are an absolute game changer all my knee pain vanished. Things are looking up","Lying Leg Curl (Machine)",,"Low weight for knee",1,"normal",55,12,,,
"Lower","May 28, 2026, 2:04 PM","May 28, 2026, 3:53 PM","Knee sleeves are an absolute game changer all my knee pain vanished. Things are looking up","Lying Leg Curl (Machine)",,"Low weight for knee",2,"normal",55,12,,,
"Lower","May 28, 2026, 2:04 PM","May 28, 2026, 3:53 PM","Knee sleeves are an absolute game changer all my knee pain vanished. Things are looking up","Lying Leg Curl (Machine)",,"Low weight for knee",3,"normal",55,12,,,
"Lower","May 28, 2026, 2:04 PM","May 28, 2026, 3:53 PM","Knee sleeves are an absolute game changer all my knee pain vanished. Things are looking up","Hip Adduction (Machine)",,"",0,"normal",102.5,15,,,
"Lower","May 28, 2026, 2:04 PM","May 28, 2026, 3:53 PM","Knee sleeves are an absolute game changer all my knee pain vanished. Things are looking up","Hip Adduction (Machine)",,"",1,"normal",102.5,15,,,
"Lower","May 28, 2026, 2:04 PM","May 28, 2026, 3:53 PM","Knee sleeves are an absolute game changer all my knee pain vanished. Things are looking up","Hip Adduction (Machine)",,"",2,"normal",102.5,15,,,
"Lower","May 28, 2026, 2:04 PM","May 28, 2026, 3:53 PM","Knee sleeves are an absolute game changer all my knee pain vanished. Things are looking up","Hip Abduction (Machine)",,"",0,"normal",102.5,20,,,
"Lower","May 28, 2026, 2:04 PM","May 28, 2026, 3:53 PM","Knee sleeves are an absolute game changer all my knee pain vanished. Things are looking up","Hip Abduction (Machine)",,"",1,"normal",102.5,20,,,
"Lower","May 28, 2026, 2:04 PM","May 28, 2026, 3:53 PM","Knee sleeves are an absolute game changer all my knee pain vanished. Things are looking up","Hip Abduction (Machine)",,"",2,"normal",102.5,20,,,
"Lower","May 28, 2026, 2:04 PM","May 28, 2026, 3:53 PM","Knee sleeves are an absolute game changer all my knee pain vanished. Things are looking up","Leg Press (Machine)",,"",0,"warmup",140,20,,,
"Lower","May 28, 2026, 2:04 PM","May 28, 2026, 3:53 PM","Knee sleeves are an absolute game changer all my knee pain vanished. Things are looking up","Leg Press (Machine)",,"",1,"normal",220,15,,,
"Lower","May 28, 2026, 2:04 PM","May 28, 2026, 3:53 PM","Knee sleeves are an absolute game changer all my knee pain vanished. Things are looking up","Leg Press (Machine)",,"",2,"normal",260,12,,,
"Lower","May 28, 2026, 2:04 PM","May 28, 2026, 3:53 PM","Knee sleeves are an absolute game changer all my knee pain vanished. Things are looking up","Calf Press (Machine)",,"",0,"normal",140,15,,,
"Lower","May 28, 2026, 2:04 PM","May 28, 2026, 3:53 PM","Knee sleeves are an absolute game changer all my knee pain vanished. Things are looking up","Calf Press (Machine)",,"",1,"normal",220,12,,,
"Lower","May 28, 2026, 2:04 PM","May 28, 2026, 3:53 PM","Knee sleeves are an absolute game changer all my knee pain vanished. Things are looking up","Calf Press (Machine)",,"",2,"normal",260,10,,,
"Lower","May 28, 2026, 2:04 PM","May 28, 2026, 3:53 PM","Knee sleeves are an absolute game changer all my knee pain vanished. Things are looking up","Cable Crunch",,"Putting the qeight down felt so much better",0,"normal",50,14,,,
"Lower","May 28, 2026, 2:04 PM","May 28, 2026, 3:53 PM","Knee sleeves are an absolute game changer all my knee pain vanished. Things are looking up","Cable Crunch",,"Putting the qeight down felt so much better",1,"normal",50,14,,,
"Lower","May 28, 2026, 2:04 PM","May 28, 2026, 3:53 PM","Knee sleeves are an absolute game changer all my knee pain vanished. Things are looking up","Cable Crunch",,"Putting the qeight down felt so much better",2,"normal",35,12,,,
"Lower","May 28, 2026, 2:04 PM","May 28, 2026, 3:53 PM","Knee sleeves are an absolute game changer all my knee pain vanished. Things are looking up","Cable Crunch",,"Putting the qeight down felt so much better",3,"normal",35,14,,,
"Push","May 26, 2026, 8:15 PM","May 26, 2026, 9:48 PM","Mean chest day at the new petone gym","Chest Press (Machine)",,"",0,"warmup",36,12,,,
"Push","May 26, 2026, 8:15 PM","May 26, 2026, 9:48 PM","Mean chest day at the new petone gym","Chest Press (Machine)",,"",1,"warmup",76,12,,,
"Push","May 26, 2026, 8:15 PM","May 26, 2026, 9:48 PM","Mean chest day at the new petone gym","Chest Press (Machine)",,"",2,"normal",116,9,,,
"Push","May 26, 2026, 8:15 PM","May 26, 2026, 9:48 PM","Mean chest day at the new petone gym","Chest Press (Machine)",,"",3,"normal",116,10,,,
"Push","May 26, 2026, 8:15 PM","May 26, 2026, 9:48 PM","Mean chest day at the new petone gym","Incline Bench Press (Smith Machine)",,"Pause reps 😨",0,"normal",45.5,12,,,
"Push","May 26, 2026, 8:15 PM","May 26, 2026, 9:48 PM","Mean chest day at the new petone gym","Incline Bench Press (Smith Machine)",,"Pause reps 😨",1,"normal",45.5,12,,,
"Push","May 26, 2026, 8:15 PM","May 26, 2026, 9:48 PM","Mean chest day at the new petone gym","Incline Bench Press (Smith Machine)",,"Pause reps 😨",2,"normal",45.5,12,,,
"Push","May 26, 2026, 8:15 PM","May 26, 2026, 9:48 PM","Mean chest day at the new petone gym","Chest Fly (Machine)",,"",0,"normal",85,13,,,
"Push","May 26, 2026, 8:15 PM","May 26, 2026, 9:48 PM","Mean chest day at the new petone gym","Chest Fly (Machine)",,"",1,"normal",85,14,,,
"Push","May 26, 2026, 8:15 PM","May 26, 2026, 9:48 PM","Mean chest day at the new petone gym","Chest Fly (Machine)",,"",2,"normal",87.5,12,,,
"Push","May 26, 2026, 8:15 PM","May 26, 2026, 9:48 PM","Mean chest day at the new petone gym","Lateral Raise (Cable)",,"",0,"normal",10,14,,,
"Push","May 26, 2026, 8:15 PM","May 26, 2026, 9:48 PM","Mean chest day at the new petone gym","Lateral Raise (Cable)",,"",1,"normal",10,12,,,
"Push","May 26, 2026, 8:15 PM","May 26, 2026, 9:48 PM","Mean chest day at the new petone gym","Lateral Raise (Cable)",,"",2,"normal",10,12,,,
"Push","May 26, 2026, 8:15 PM","May 26, 2026, 9:48 PM","Mean chest day at the new petone gym","Seated Triceps Press",,"",0,"normal",75,12,,,
"Push","May 26, 2026, 8:15 PM","May 26, 2026, 9:48 PM","Mean chest day at the new petone gym","Seated Triceps Press",,"",1,"normal",85,12,,,
"Push","May 26, 2026, 8:15 PM","May 26, 2026, 9:48 PM","Mean chest day at the new petone gym","Seated Triceps Press",,"",2,"normal",85,13,,,
"Pull","May 25, 2026, 6:53 PM","May 25, 2026, 8:08 PM","Good backday pretty busy but still a really nice pump","Lat Pulldown (Machine)",,"",0,"warmup",50,12,,,
"Pull","May 25, 2026, 6:53 PM","May 25, 2026, 8:08 PM","Good backday pretty busy but still a really nice pump","Lat Pulldown (Machine)",,"",1,"normal",98,12,,,
"Pull","May 25, 2026, 6:53 PM","May 25, 2026, 8:08 PM","Good backday pretty busy but still a really nice pump","Lat Pulldown (Machine)",,"",2,"normal",105,11,,,
"Pull","May 25, 2026, 6:53 PM","May 25, 2026, 8:08 PM","Good backday pretty busy but still a really nice pump","Lat Pulldown (Machine)",,"",3,"normal",105,12,,,
"Pull","May 25, 2026, 6:53 PM","May 25, 2026, 8:08 PM","Good backday pretty busy but still a really nice pump","Seated Row (Machine)",,"",0,"normal",60,12,,,
"Pull","May 25, 2026, 6:53 PM","May 25, 2026, 8:08 PM","Good backday pretty busy but still a really nice pump","Seated Row (Machine)",,"",1,"normal",60,12,,,
"Pull","May 25, 2026, 6:53 PM","May 25, 2026, 8:08 PM","Good backday pretty busy but still a really nice pump","Seated Row (Machine)",,"",2,"normal",60,13,,,
"Pull","May 25, 2026, 6:53 PM","May 25, 2026, 8:08 PM","Good backday pretty busy but still a really nice pump","Preacher Curl (Dumbbell)",,"Pain but good 😈 holy 🌽⚾️",0,"normal",22,8,,,
"Pull","May 25, 2026, 6:53 PM","May 25, 2026, 8:08 PM","Good backday pretty busy but still a really nice pump","Preacher Curl (Dumbbell)",,"Pain but good 😈 holy 🌽⚾️",1,"normal",22,8,,,
"Pull","May 25, 2026, 6:53 PM","May 25, 2026, 8:08 PM","Good backday pretty busy but still a really nice pump","Preacher Curl (Dumbbell)",,"Pain but good 😈 holy 🌽⚾️",2,"normal",22,8,,,
"Pull","May 25, 2026, 6:53 PM","May 25, 2026, 8:08 PM","Good backday pretty busy but still a really nice pump","Behind the Back Wrist Curl (Barbell)",,"",0,"normal",52.5,16,,,
"Pull","May 25, 2026, 6:53 PM","May 25, 2026, 8:08 PM","Good backday pretty busy but still a really nice pump","Behind the Back Wrist Curl (Barbell)",,"",1,"normal",52.5,20,,,
"Pull","May 25, 2026, 6:53 PM","May 25, 2026, 8:08 PM","Good backday pretty busy but still a really nice pump","Behind the Back Wrist Curl (Barbell)",,"",2,"normal",52.5,18,,,
"Recovery legs","May 23, 2026, 6:02 PM","May 23, 2026, 6:43 PM","Even pushing way less than usual the knee pain hasnt gone anywhere might need to visit a physio","Leg Press (Machine)",,"",0,"warmup",60,24,,,
"Recovery legs","May 23, 2026, 6:02 PM","May 23, 2026, 6:43 PM","Even pushing way less than usual the knee pain hasnt gone anywhere might need to visit a physio","Leg Press (Machine)",,"",1,"normal",80,20,,,
"Recovery legs","May 23, 2026, 6:02 PM","May 23, 2026, 6:43 PM","Even pushing way less than usual the knee pain hasnt gone anywhere might need to visit a physio","Calf Press (Machine)",,"",0,"normal",60,20,,,
"Recovery legs","May 23, 2026, 6:02 PM","May 23, 2026, 6:43 PM","Even pushing way less than usual the knee pain hasnt gone anywhere might need to visit a physio","Single Leg Press (Machine)",,"",0,"normal",82.5,20,,,
"Recovery legs","May 23, 2026, 6:02 PM","May 23, 2026, 6:43 PM","Even pushing way less than usual the knee pain hasnt gone anywhere might need to visit a physio","Deadlift (Barbell)",,"",0,"warmup",70,16,,,
"Recovery legs","May 23, 2026, 6:02 PM","May 23, 2026, 6:43 PM","Even pushing way less than usual the knee pain hasnt gone anywhere might need to visit a physio","Deadlift (Barbell)",,"",1,"normal",110,12,,,
"Recovery legs","May 23, 2026, 6:02 PM","May 23, 2026, 6:43 PM","Even pushing way less than usual the knee pain hasnt gone anywhere might need to visit a physio","Deadlift (Barbell)",,"",2,"normal",110,12,,,
"Push","May 22, 2026, 3:30 PM","May 22, 2026, 4:40 PM","Chest day still making progress bit by bit. Also i got some new wrist cuffs for my benching","Bench Press (Barbell)",,"",0,"warmup",55,12,,,
"Push","May 22, 2026, 3:30 PM","May 22, 2026, 4:40 PM","Chest day still making progress bit by bit. Also i got some new wrist cuffs for my benching","Bench Press (Barbell)",,"",1,"normal",90,9,,,
"Push","May 22, 2026, 3:30 PM","May 22, 2026, 4:40 PM","Chest day still making progress bit by bit. Also i got some new wrist cuffs for my benching","Bench Press (Barbell)",,"",2,"normal",90,7,,,
"Push","May 22, 2026, 3:30 PM","May 22, 2026, 4:40 PM","Chest day still making progress bit by bit. Also i got some new wrist cuffs for my benching","Chest Fly (Machine)",,"",0,"normal",85,13,,,
"Push","May 22, 2026, 3:30 PM","May 22, 2026, 4:40 PM","Chest day still making progress bit by bit. Also i got some new wrist cuffs for my benching","Chest Fly (Machine)",,"",1,"normal",85,12,,,
"Push","May 22, 2026, 3:30 PM","May 22, 2026, 4:40 PM","Chest day still making progress bit by bit. Also i got some new wrist cuffs for my benching","Chest Fly (Machine)",,"",2,"normal",85,12,,,
"Push","May 22, 2026, 3:30 PM","May 22, 2026, 4:40 PM","Chest day still making progress bit by bit. Also i got some new wrist cuffs for my benching","Lateral Raise (Cable)",,"",0,"normal",10,15,,,
"Push","May 22, 2026, 3:30 PM","May 22, 2026, 4:40 PM","Chest day still making progress bit by bit. Also i got some new wrist cuffs for my benching","Lateral Raise (Cable)",,"",1,"normal",10,15,,,
"Push","May 22, 2026, 3:30 PM","May 22, 2026, 4:40 PM","Chest day still making progress bit by bit. Also i got some new wrist cuffs for my benching","Lateral Raise (Cable)",,"",2,"normal",10,14,,,
"Push","May 22, 2026, 3:30 PM","May 22, 2026, 4:40 PM","Chest day still making progress bit by bit. Also i got some new wrist cuffs for my benching","Single Arm Triceps Pushdown (Cable)",,"",0,"normal",20,12,,,
"Push","May 22, 2026, 3:30 PM","May 22, 2026, 4:40 PM","Chest day still making progress bit by bit. Also i got some new wrist cuffs for my benching","Single Arm Triceps Pushdown (Cable)",,"",1,"normal",20,11,,,
"Push","May 22, 2026, 3:30 PM","May 22, 2026, 4:40 PM","Chest day still making progress bit by bit. Also i got some new wrist cuffs for my benching","Triceps Pushdown",,"",0,"normal",47.5,12,,,
"Push","May 22, 2026, 3:30 PM","May 22, 2026, 4:40 PM","Chest day still making progress bit by bit. Also i got some new wrist cuffs for my benching","Triceps Pushdown",,"",1,"normal",50,10,,,
"Pull","May 21, 2026, 2:09 PM","May 21, 2026, 3:37 PM","Good back day with lots if volume about to go eat some yummy food","Lat Pulldown (Cable)",,"Warm ups were wide grip working was regular. Found my straps this is goated",0,"warmup",40,12,,,
"Pull","May 21, 2026, 2:09 PM","May 21, 2026, 3:37 PM","Good back day with lots if volume about to go eat some yummy food","Lat Pulldown (Cable)",,"Warm ups were wide grip working was regular. Found my straps this is goated",1,"warmup",70,12,,,
"Pull","May 21, 2026, 2:09 PM","May 21, 2026, 3:37 PM","Good back day with lots if volume about to go eat some yummy food","Lat Pulldown (Cable)",,"Warm ups were wide grip working was regular. Found my straps this is goated",2,"normal",100,10,,,
"Pull","May 21, 2026, 2:09 PM","May 21, 2026, 3:37 PM","Good back day with lots if volume about to go eat some yummy food","Lat Pulldown (Cable)",,"Warm ups were wide grip working was regular. Found my straps this is goated",3,"normal",100,8,,,
"Pull","May 21, 2026, 2:09 PM","May 21, 2026, 3:37 PM","Good back day with lots if volume about to go eat some yummy food","Lat Pulldown (Cable)",,"Warm ups were wide grip working was regular. Found my straps this is goated",4,"normal",100,8,,,
"Pull","May 21, 2026, 2:09 PM","May 21, 2026, 3:37 PM","Good back day with lots if volume about to go eat some yummy food","Seated Cable Row - Bar Grip",,"Did this at the end of the workout put it down and focused on flaring the elbows and it felt great",0,"normal",82.5,12,,,
"Pull","May 21, 2026, 2:09 PM","May 21, 2026, 3:37 PM","Good back day with lots if volume about to go eat some yummy food","Seated Cable Row - Bar Grip",,"Did this at the end of the workout put it down and focused on flaring the elbows and it felt great",1,"normal",82.5,13,,,
"Pull","May 21, 2026, 2:09 PM","May 21, 2026, 3:37 PM","Good back day with lots if volume about to go eat some yummy food","Seated Row (Machine)",,"Ngl way heavier tham i expected on this machine gonna put it way down and focus on flaring the elbows",0,"normal",80,12,,,
"Pull","May 21, 2026, 2:09 PM","May 21, 2026, 3:37 PM","Good back day with lots if volume about to go eat some yummy food","Seated Row (Machine)",,"Ngl way heavier tham i expected on this machine gonna put it way down and focus on flaring the elbows",1,"normal",50,12,,,
"Pull","May 21, 2026, 2:09 PM","May 21, 2026, 3:37 PM","Good back day with lots if volume about to go eat some yummy food","Seated Row (Machine)",,"Ngl way heavier tham i expected on this machine gonna put it way down and focus on flaring the elbows",2,"normal",55,12,,,
"Pull","May 21, 2026, 2:09 PM","May 21, 2026, 3:37 PM","Good back day with lots if volume about to go eat some yummy food","Seated Row (Machine)",,"Ngl way heavier tham i expected on this machine gonna put it way down and focus on flaring the elbows",3,"normal",55,14,,,
"Pull","May 21, 2026, 2:09 PM","May 21, 2026, 3:37 PM","Good back day with lots if volume about to go eat some yummy food","Rope Straight Arm Pulldown",,"",0,"normal",47.5,10,,,
"Pull","May 21, 2026, 2:09 PM","May 21, 2026, 3:37 PM","Good back day with lots if volume about to go eat some yummy food","Rope Straight Arm Pulldown",,"",1,"normal",47.5,8,,,
"Pull","May 21, 2026, 2:09 PM","May 21, 2026, 3:37 PM","Good back day with lots if volume about to go eat some yummy food","Rope Straight Arm Pulldown",,"",2,"normal",40,15,,,
"Pull","May 21, 2026, 2:09 PM","May 21, 2026, 3:37 PM","Good back day with lots if volume about to go eat some yummy food","Preacher Curl (Dumbbell)",,"12 on right side 11 on left",0,"normal",20,12,,,
"Pull","May 21, 2026, 2:09 PM","May 21, 2026, 3:37 PM","Good back day with lots if volume about to go eat some yummy food","Preacher Curl (Dumbbell)",,"12 on right side 11 on left",1,"normal",20,11,,,
"Pull","May 21, 2026, 2:09 PM","May 21, 2026, 3:37 PM","Good back day with lots if volume about to go eat some yummy food","Preacher Curl (Dumbbell)",,"12 on right side 11 on left",2,"normal",20,12,,,
"Pull","May 21, 2026, 2:09 PM","May 21, 2026, 3:37 PM","Good back day with lots if volume about to go eat some yummy food","Behind the Back Wrist Curl (Barbell)",,"",0,"normal",52.5,16,,,
"Pull","May 21, 2026, 2:09 PM","May 21, 2026, 3:37 PM","Good back day with lots if volume about to go eat some yummy food","Behind the Back Wrist Curl (Barbell)",,"",1,"normal",52.5,14,,,
"Pull","May 21, 2026, 2:09 PM","May 21, 2026, 3:37 PM","Good back day with lots if volume about to go eat some yummy food","Behind the Back Wrist Curl (Barbell)",,"",2,"normal",52.5,12,,,
"Push","May 19, 2026, 7:58 PM","May 19, 2026, 9:07 PM","Push day again feeling nice and strong on bench 💪","Bench Press (Barbell)",,"My wrist on my left hand be hurting",0,"warmup",20,20,,,
"Push","May 19, 2026, 7:58 PM","May 19, 2026, 9:07 PM","Push day again feeling nice and strong on bench 💪","Bench Press (Barbell)",,"My wrist on my left hand be hurting",1,"warmup",60,12,,,
"Push","May 19, 2026, 7:58 PM","May 19, 2026, 9:07 PM","Push day again feeling nice and strong on bench 💪","Bench Press (Barbell)",,"My wrist on my left hand be hurting",2,"normal",90,8,,,
"Push","May 19, 2026, 7:58 PM","May 19, 2026, 9:07 PM","Push day again feeling nice and strong on bench 💪","Bench Press (Barbell)",,"My wrist on my left hand be hurting",3,"normal",90,7,,,
"Push","May 19, 2026, 7:58 PM","May 19, 2026, 9:07 PM","Push day again feeling nice and strong on bench 💪","Incline Bench Press (Smith Machine)",,"",0,"normal",65.5,9,,,
"Push","May 19, 2026, 7:58 PM","May 19, 2026, 9:07 PM","Push day again feeling nice and strong on bench 💪","Incline Bench Press (Smith Machine)",,"",1,"normal",65.5,8,,,
"Push","May 19, 2026, 7:58 PM","May 19, 2026, 9:07 PM","Push day again feeling nice and strong on bench 💪","Incline Bench Press (Smith Machine)",,"",2,"normal",65.5,6,,,
"Push","May 19, 2026, 7:58 PM","May 19, 2026, 9:07 PM","Push day again feeling nice and strong on bench 💪","Triceps Pushdown",,"",0,"normal",47.5,12,,,
"Push","May 19, 2026, 7:58 PM","May 19, 2026, 9:07 PM","Push day again feeling nice and strong on bench 💪","Triceps Pushdown",,"",1,"normal",47.5,9,,,
"Push","May 19, 2026, 7:58 PM","May 19, 2026, 9:07 PM","Push day again feeling nice and strong on bench 💪","Single Arm Triceps Pushdown (Cable)",,"",0,"normal",20,10,,,
"Push","May 19, 2026, 7:58 PM","May 19, 2026, 9:07 PM","Push day again feeling nice and strong on bench 💪","Single Arm Triceps Pushdown (Cable)",,"",1,"normal",20,11,,,
"Push","May 19, 2026, 7:58 PM","May 19, 2026, 9:07 PM","Push day again feeling nice and strong on bench 💪","Lateral Raise (Cable)",,"",0,"normal",10,14,,,
"Push","May 19, 2026, 7:58 PM","May 19, 2026, 9:07 PM","Push day again feeling nice and strong on bench 💪","Lateral Raise (Cable)",,"",1,"normal",10,14,,,
"Push","May 19, 2026, 7:58 PM","May 19, 2026, 9:07 PM","Push day again feeling nice and strong on bench 💪","Lateral Raise (Cable)",,"",2,"normal",10,13,,,
"Evening workout 🏋️","May 18, 2026, 8:06 PM","May 18, 2026, 9:47 PM","Meaty back day over at thordon with james","Iso-Lateral High Row (Machine)",,"",0,"warmup",30,20,,,
"Evening workout 🏋️","May 18, 2026, 8:06 PM","May 18, 2026, 9:47 PM","Meaty back day over at thordon with james","Iso-Lateral High Row (Machine)",,"",1,"warmup",50,12,,,
"Evening workout 🏋️","May 18, 2026, 8:06 PM","May 18, 2026, 9:47 PM","Meaty back day over at thordon with james","Iso-Lateral High Row (Machine)",,"",2,"normal",100,12,,,
"Evening workout 🏋️","May 18, 2026, 8:06 PM","May 18, 2026, 9:47 PM","Meaty back day over at thordon with james","Iso-Lateral High Row (Machine)",,"",3,"normal",100,12,,,
"Evening workout 🏋️","May 18, 2026, 8:06 PM","May 18, 2026, 9:47 PM","Meaty back day over at thordon with james","Iso-Lateral High Row (Machine)",,"",4,"normal",100,12,,,
"Evening workout 🏋️","May 18, 2026, 8:06 PM","May 18, 2026, 9:47 PM","Meaty back day over at thordon with james","Iso-Lateral Row (Machine)",,"Single arm. Counting weight as for both ya know?",0,"normal",80,12,,,
"Evening workout 🏋️","May 18, 2026, 8:06 PM","May 18, 2026, 9:47 PM","Meaty back day over at thordon with james","Iso-Lateral Row (Machine)",,"Single arm. Counting weight as for both ya know?",1,"normal",120,12,,,
"Evening workout 🏋️","May 18, 2026, 8:06 PM","May 18, 2026, 9:47 PM","Meaty back day over at thordon with james","Iso-Lateral Row (Machine)",,"Single arm. Counting weight as for both ya know?",2,"normal",160,9,,,
"Evening workout 🏋️","May 18, 2026, 8:06 PM","May 18, 2026, 9:47 PM","Meaty back day over at thordon with james","Bent Over Row (Barbell)",,"",0,"warmup",75.5,12,,,
"Evening workout 🏋️","May 18, 2026, 8:06 PM","May 18, 2026, 9:47 PM","Meaty back day over at thordon with james","Bent Over Row (Barbell)",,"",1,"normal",75.5,12,,,
"Evening workout 🏋️","May 18, 2026, 8:06 PM","May 18, 2026, 9:47 PM","Meaty back day over at thordon with james","Bent Over Row (Barbell)",,"",2,"normal",75.5,12,,,
"Evening workout 🏋️","May 18, 2026, 8:06 PM","May 18, 2026, 9:47 PM","Meaty back day over at thordon with james","Preacher Curl (Dumbbell)",,"Had to get some assisted reps for the left side on the second set",0,"normal",20,11,,,
"Evening workout 🏋️","May 18, 2026, 8:06 PM","May 18, 2026, 9:47 PM","Meaty back day over at thordon with james","Preacher Curl (Dumbbell)",,"Had to get some assisted reps for the left side on the second set",1,"normal",20,11,,,
"Evening workout 🏋️","May 18, 2026, 8:06 PM","May 18, 2026, 9:47 PM","Meaty back day over at thordon with james","Preacher Curl (Dumbbell)",,"Had to get some assisted reps for the left side on the second set",2,"normal",20,8,,,
"Evening workout 🏋️","May 18, 2026, 8:06 PM","May 18, 2026, 9:47 PM","Meaty back day over at thordon with james","Behind the Back Wrist Curl (Barbell)",,"Different heavier bar",0,"normal",52.5,14,,,
"Evening workout 🏋️","May 18, 2026, 8:06 PM","May 18, 2026, 9:47 PM","Meaty back day over at thordon with james","Behind the Back Wrist Curl (Barbell)",,"Different heavier bar",1,"normal",52.5,12,,,
"Evening workout 🏋️","May 18, 2026, 8:06 PM","May 18, 2026, 9:47 PM","Meaty back day over at thordon with james","Behind the Back Wrist Curl (Barbell)",,"Different heavier bar",2,"normal",52.5,12,,,
"Push","May 16, 2026, 11:34 AM","May 16, 2026, 12:28 PM","Nice chest day the strength is coming along well","Bench Press (Barbell)",,"The last set of this didnt feel all that bad honestly i think my wrist is what made me stop",0,"warmup",20,20,,,
"Push","May 16, 2026, 11:34 AM","May 16, 2026, 12:28 PM","Nice chest day the strength is coming along well","Bench Press (Barbell)",,"The last set of this didnt feel all that bad honestly i think my wrist is what made me stop",1,"warmup",60,12,,,
"Push","May 16, 2026, 11:34 AM","May 16, 2026, 12:28 PM","Nice chest day the strength is coming along well","Bench Press (Barbell)",,"The last set of this didnt feel all that bad honestly i think my wrist is what made me stop",2,"normal",90,8,,,
"Push","May 16, 2026, 11:34 AM","May 16, 2026, 12:28 PM","Nice chest day the strength is coming along well","Bench Press (Barbell)",,"The last set of this didnt feel all that bad honestly i think my wrist is what made me stop",3,"normal",90,6,,,
"Push","May 16, 2026, 11:34 AM","May 16, 2026, 12:28 PM","Nice chest day the strength is coming along well","Chest Press (Machine)",,"",0,"normal",111,10,,,
"Push","May 16, 2026, 11:34 AM","May 16, 2026, 12:28 PM","Nice chest day the strength is coming along well","Chest Press (Machine)",,"",1,"normal",111,9,,,
"Push","May 16, 2026, 11:34 AM","May 16, 2026, 12:28 PM","Nice chest day the strength is coming along well","Chest Press (Machine)",,"",2,"normal",111,8,,,
"Push","May 16, 2026, 11:34 AM","May 16, 2026, 12:28 PM","Nice chest day the strength is coming along well","Triceps Pushdown",,"",0,"normal",47.5,11,,,
"Push","May 16, 2026, 11:34 AM","May 16, 2026, 12:28 PM","Nice chest day the strength is coming along well","Triceps Pushdown",,"",1,"normal",47.5,10,,,
"Push","May 16, 2026, 11:34 AM","May 16, 2026, 12:28 PM","Nice chest day the strength is coming along well","Single Arm Triceps Pushdown (Cable)",,"",0,"normal",20,10,,,
"Push","May 16, 2026, 11:34 AM","May 16, 2026, 12:28 PM","Nice chest day the strength is coming along well","Single Arm Triceps Pushdown (Cable)",,"",1,"normal",20,10,,,
"Push","May 16, 2026, 11:34 AM","May 16, 2026, 12:28 PM","Nice chest day the strength is coming along well","Lateral Raise (Cable)",,"",0,"normal",12.5,5,,,
"Push","May 16, 2026, 11:34 AM","May 16, 2026, 12:28 PM","Nice chest day the strength is coming along well","Lateral Raise (Cable)",,"",1,"normal",10,13,,,
"Push","May 16, 2026, 11:34 AM","May 16, 2026, 12:28 PM","Nice chest day the strength is coming along well","Lateral Raise (Cable)",,"",2,"normal",10,12,,,
"Pull","May 15, 2026, 4:05 PM","May 15, 2026, 5:04 PM","Busy time but still a really nice pull day","Rope Straight Arm Pulldown",,"",0,"normal",47.5,10,,,
"Pull","May 15, 2026, 4:05 PM","May 15, 2026, 5:04 PM","Busy time but still a really nice pull day","Rope Straight Arm Pulldown",,"",1,"normal",47.5,10,,,
"Pull","May 15, 2026, 4:05 PM","May 15, 2026, 5:04 PM","Busy time but still a really nice pull day","Rope Straight Arm Pulldown",,"",2,"normal",47.5,8,,,
"Pull","May 15, 2026, 4:05 PM","May 15, 2026, 5:04 PM","Busy time but still a really nice pull day","Bicep Curl (Dumbbell)",,"I got 5 regular curls ans 5 hammers on the second set last swt locked in and actually got some motion going",0,"normal",20,10,,,
"Pull","May 15, 2026, 4:05 PM","May 15, 2026, 5:04 PM","Busy time but still a really nice pull day","Bicep Curl (Dumbbell)",,"I got 5 regular curls ans 5 hammers on the second set last swt locked in and actually got some motion going",1,"normal",20,10,,,
"Pull","May 15, 2026, 4:05 PM","May 15, 2026, 5:04 PM","Busy time but still a really nice pull day","Bicep Curl (Dumbbell)",,"I got 5 regular curls ans 5 hammers on the second set last swt locked in and actually got some motion going",2,"normal",20,8,,,
"Pull","May 15, 2026, 4:05 PM","May 15, 2026, 5:04 PM","Busy time but still a really nice pull day","Behind the Back Wrist Curl (Barbell)",,"",0,"normal",52.5,16,,,
"Pull","May 15, 2026, 4:05 PM","May 15, 2026, 5:04 PM","Busy time but still a really nice pull day","Behind the Back Wrist Curl (Barbell)",,"",1,"normal",52.5,12,,,
"Pull","May 15, 2026, 4:05 PM","May 15, 2026, 5:04 PM","Busy time but still a really nice pull day","Behind the Back Wrist Curl (Barbell)",,"",2,"normal",52.5,12,,,
"Pull","May 15, 2026, 4:05 PM","May 15, 2026, 5:04 PM","Busy time but still a really nice pull day","Bent Over Row (Barbell)",,"",0,"warmup",45.5,10,,,
"Pull","May 15, 2026, 4:05 PM","May 15, 2026, 5:04 PM","Busy time but still a really nice pull day","Bent Over Row (Barbell)",,"",1,"normal",85.5,11,,,
"Pull","May 15, 2026, 4:05 PM","May 15, 2026, 5:04 PM","Busy time but still a really nice pull day","Bent Over Row (Barbell)",,"",2,"normal",85.5,10,,,
"Pull","May 15, 2026, 4:05 PM","May 15, 2026, 5:04 PM","Busy time but still a really nice pull day","Bent Over Row (Barbell)",,"",3,"normal",85.5,10,,,
"Pull","May 15, 2026, 4:05 PM","May 15, 2026, 5:04 PM","Busy time but still a really nice pull day","Lat Pulldown (Machine)",,"",0,"warmup",43,12,,,
"Pull","May 15, 2026, 4:05 PM","May 15, 2026, 5:04 PM","Busy time but still a really nice pull day","Lat Pulldown (Machine)",,"",1,"warmup",71,8,,,
"Pull","May 15, 2026, 4:05 PM","May 15, 2026, 5:04 PM","Busy time but still a really nice pull day","Lat Pulldown (Machine)",,"",2,"normal",98,12,,,
"Pull","May 15, 2026, 4:05 PM","May 15, 2026, 5:04 PM","Busy time but still a really nice pull day","Lat Pulldown (Machine)",,"",3,"normal",98,12,,,
"Push","May 13, 2026, 6:58 PM","May 13, 2026, 7:33 PM","Finished it off 😁","Triceps Pushdown",,"",0,"normal",45,13,,,
"Push","May 13, 2026, 6:58 PM","May 13, 2026, 7:33 PM","Finished it off 😁","Triceps Pushdown",,"",1,"normal",45,11,,,
"Push","May 13, 2026, 6:58 PM","May 13, 2026, 7:33 PM","Finished it off 😁","Triceps Pushdown",,"",2,"normal",40,10,,,
"Push","May 13, 2026, 6:58 PM","May 13, 2026, 7:33 PM","Finished it off 😁","Single Arm Triceps Pushdown (Cable)",,"",0,"normal",20,10,,,
"Push","May 13, 2026, 6:58 PM","May 13, 2026, 7:33 PM","Finished it off 😁","Single Arm Triceps Pushdown (Cable)",,"",1,"normal",20,10,,,
"Push","May 13, 2026, 6:58 PM","May 13, 2026, 7:33 PM","Finished it off 😁","Lateral Raise (Cable)",,"",0,"warmup",5,8,,,
"Push","May 13, 2026, 6:58 PM","May 13, 2026, 7:33 PM","Finished it off 😁","Lateral Raise (Cable)",,"",1,"normal",10,12,,,
"Push","May 13, 2026, 6:58 PM","May 13, 2026, 7:33 PM","Finished it off 😁","Lateral Raise (Cable)",,"",2,"normal",10,12,,,
"Push","May 13, 2026, 6:58 PM","May 13, 2026, 7:33 PM","Finished it off 😁","Seated Shoulder Press (Machine)",,"",0,"warmup",30,12,,,
"Push","May 13, 2026, 6:58 PM","May 13, 2026, 7:33 PM","Finished it off 😁","Seated Shoulder Press (Machine)",,"",1,"normal",64,12,,,
"Push","May 13, 2026, 6:58 PM","May 13, 2026, 7:33 PM","Finished it off 😁","Seated Shoulder Press (Machine)",,"",2,"normal",71,9,,,
"Push","May 13, 2026, 6:58 PM","May 13, 2026, 7:33 PM","Finished it off 😁","Seated Shoulder Press (Machine)",,"",3,"normal",71,9,,,
"Push","May 13, 2026, 10:07 AM","May 13, 2026, 10:39 AM","Workout was cut short you best bet you'll see me back here later to finish it off","Bench Press (Barbell)",,"",0,"warmup",20,20,,,
"Push","May 13, 2026, 10:07 AM","May 13, 2026, 10:39 AM","Workout was cut short you best bet you'll see me back here later to finish it off","Bench Press (Barbell)",,"",1,"warmup",60,12,,,
"Push","May 13, 2026, 10:07 AM","May 13, 2026, 10:39 AM","Workout was cut short you best bet you'll see me back here later to finish it off","Bench Press (Barbell)",,"",2,"normal",90,7,,,
"Push","May 13, 2026, 10:07 AM","May 13, 2026, 10:39 AM","Workout was cut short you best bet you'll see me back here later to finish it off","Bench Press (Barbell)",,"",3,"normal",80,11,,,
"Push","May 13, 2026, 10:07 AM","May 13, 2026, 10:39 AM","Workout was cut short you best bet you'll see me back here later to finish it off","Chest Press (Machine)",,"",0,"normal",111,7,,,
"Push","May 13, 2026, 10:07 AM","May 13, 2026, 10:39 AM","Workout was cut short you best bet you'll see me back here later to finish it off","Chest Press (Machine)",,"",1,"normal",111,6,,,
"Push","May 13, 2026, 10:07 AM","May 13, 2026, 10:39 AM","Workout was cut short you best bet you'll see me back here later to finish it off","Chest Press (Machine)",,"",2,"normal",111,6,,,
"Pull","May 12, 2026, 3:22 PM","May 12, 2026, 4:44 PM","Back day on the busiest day ive ever seen this gym with ninas little ab circuit","Seated Cable Row - Bar Grip",,"",0,"warmup",45,12,,,
"Pull","May 12, 2026, 3:22 PM","May 12, 2026, 4:44 PM","Back day on the busiest day ive ever seen this gym with ninas little ab circuit","Seated Cable Row - Bar Grip",,"",1,"normal",70,12,,,
"Pull","May 12, 2026, 3:22 PM","May 12, 2026, 4:44 PM","Back day on the busiest day ive ever seen this gym with ninas little ab circuit","Seated Cable Row - Bar Grip",,"",2,"normal",92.5,11,,,
"Pull","May 12, 2026, 3:22 PM","May 12, 2026, 4:44 PM","Back day on the busiest day ive ever seen this gym with ninas little ab circuit","Seated Cable Row - Bar Grip",,"",3,"normal",92.5,11,,,
"Pull","May 12, 2026, 3:22 PM","May 12, 2026, 4:44 PM","Back day on the busiest day ive ever seen this gym with ninas little ab circuit","Preacher Curl (Dumbbell)",,"Kept getting 9 on one side 10 on the other",0,"normal",20,10,,,
"Pull","May 12, 2026, 3:22 PM","May 12, 2026, 4:44 PM","Back day on the busiest day ive ever seen this gym with ninas little ab circuit","Preacher Curl (Dumbbell)",,"Kept getting 9 on one side 10 on the other",1,"normal",20,9,,,
"Pull","May 12, 2026, 3:22 PM","May 12, 2026, 4:44 PM","Back day on the busiest day ive ever seen this gym with ninas little ab circuit","Preacher Curl (Dumbbell)",,"Kept getting 9 on one side 10 on the other",2,"normal",20,9,,,
"Pull","May 12, 2026, 3:22 PM","May 12, 2026, 4:44 PM","Back day on the busiest day ive ever seen this gym with ninas little ab circuit","Rope Straight Arm Pulldown",,"",0,"normal",45,12,,,
"Pull","May 12, 2026, 3:22 PM","May 12, 2026, 4:44 PM","Back day on the busiest day ive ever seen this gym with ninas little ab circuit","Rope Straight Arm Pulldown",,"",1,"normal",47.5,9,,,
"Pull","May 12, 2026, 3:22 PM","May 12, 2026, 4:44 PM","Back day on the busiest day ive ever seen this gym with ninas little ab circuit","Behind the Back Wrist Curl (Barbell)",,"",0,"normal",50,16,,,
"Pull","May 12, 2026, 3:22 PM","May 12, 2026, 4:44 PM","Back day on the busiest day ive ever seen this gym with ninas little ab circuit","Behind the Back Wrist Curl (Barbell)",,"",1,"normal",52.5,16,,,
"Pull","May 12, 2026, 3:22 PM","May 12, 2026, 4:44 PM","Back day on the busiest day ive ever seen this gym with ninas little ab circuit","Behind the Back Wrist Curl (Barbell)",,"",2,"normal",52.5,12,,,
"Pull","May 12, 2026, 3:22 PM","May 12, 2026, 4:44 PM","Back day on the busiest day ive ever seen this gym with ninas little ab circuit","Lat Pulldown (Machine)",,"",0,"normal",98,11,,,
"Pull","May 12, 2026, 3:22 PM","May 12, 2026, 4:44 PM","Back day on the busiest day ive ever seen this gym with ninas little ab circuit","Lat Pulldown (Machine)",,"",1,"normal",98,10,,,
"Pull","May 12, 2026, 3:22 PM","May 12, 2026, 4:44 PM","Back day on the busiest day ive ever seen this gym with ninas little ab circuit","Lat Pulldown (Machine)",,"",2,"normal",98,10,,,
"Pull","May 12, 2026, 3:22 PM","May 12, 2026, 4:44 PM","Back day on the busiest day ive ever seen this gym with ninas little ab circuit","Ab Scissors",,"",0,"normal",,10,,,
"Pull","May 12, 2026, 3:22 PM","May 12, 2026, 4:44 PM","Back day on the busiest day ive ever seen this gym with ninas little ab circuit","Ab Scissors",,"",1,"normal",,10,,,
"Pull","May 12, 2026, 3:22 PM","May 12, 2026, 4:44 PM","Back day on the busiest day ive ever seen this gym with ninas little ab circuit","Ab Scissors",,"",2,"normal",,10,,,
"Pull","May 12, 2026, 3:22 PM","May 12, 2026, 4:44 PM","Back day on the busiest day ive ever seen this gym with ninas little ab circuit","Ab Scissors",,"",3,"normal",,10,,,
"Pull","May 12, 2026, 3:22 PM","May 12, 2026, 4:44 PM","Back day on the busiest day ive ever seen this gym with ninas little ab circuit","Russian Twist (Bodyweight)",,"",0,"normal",,10,,,
"Pull","May 12, 2026, 3:22 PM","May 12, 2026, 4:44 PM","Back day on the busiest day ive ever seen this gym with ninas little ab circuit","Russian Twist (Bodyweight)",,"",1,"normal",,10,,,
"Pull","May 12, 2026, 3:22 PM","May 12, 2026, 4:44 PM","Back day on the busiest day ive ever seen this gym with ninas little ab circuit","Russian Twist (Bodyweight)",,"",2,"normal",,10,,,
"Pull","May 12, 2026, 3:22 PM","May 12, 2026, 4:44 PM","Back day on the busiest day ive ever seen this gym with ninas little ab circuit","Russian Twist (Bodyweight)",,"",3,"normal",,10,,,
"Pull","May 12, 2026, 3:22 PM","May 12, 2026, 4:44 PM","Back day on the busiest day ive ever seen this gym with ninas little ab circuit","Crunch",,"",0,"normal",,10,,,
"Pull","May 12, 2026, 3:22 PM","May 12, 2026, 4:44 PM","Back day on the busiest day ive ever seen this gym with ninas little ab circuit","Crunch",,"",1,"normal",,10,,,
"Pull","May 12, 2026, 3:22 PM","May 12, 2026, 4:44 PM","Back day on the busiest day ive ever seen this gym with ninas little ab circuit","Crunch",,"",2,"normal",,10,,,
"Pull","May 12, 2026, 3:22 PM","May 12, 2026, 4:44 PM","Back day on the busiest day ive ever seen this gym with ninas little ab circuit","Crunch",,"",3,"normal",,10,,,
"Pull","May 12, 2026, 3:22 PM","May 12, 2026, 4:44 PM","Back day on the busiest day ive ever seen this gym with ninas little ab circuit","Lying Leg Raise",,"",0,"normal",,10,,,
"Pull","May 12, 2026, 3:22 PM","May 12, 2026, 4:44 PM","Back day on the busiest day ive ever seen this gym with ninas little ab circuit","Lying Leg Raise",,"",1,"normal",,10,,,
"Pull","May 12, 2026, 3:22 PM","May 12, 2026, 4:44 PM","Back day on the busiest day ive ever seen this gym with ninas little ab circuit","Lying Leg Raise",,"",2,"normal",,10,,,
"Pull","May 12, 2026, 3:22 PM","May 12, 2026, 4:44 PM","Back day on the busiest day ive ever seen this gym with ninas little ab circuit","Lying Leg Raise",,"",3,"normal",,10,,,
"Push","May 10, 2026, 9:16 PM","May 10, 2026, 9:58 PM","Honestly just really exhausted the whole workout. Give me a rest day 😭","Bench Press (Barbell)",,"Developing a bad habit when im struggling up by shifting to one side. Need some cuffs for my damn wrists",0,"warmup",20,20,,,
"Push","May 10, 2026, 9:16 PM","May 10, 2026, 9:58 PM","Honestly just really exhausted the whole workout. Give me a rest day 😭","Bench Press (Barbell)",,"Developing a bad habit when im struggling up by shifting to one side. Need some cuffs for my damn wrists",1,"warmup",60,12,,,
"Push","May 10, 2026, 9:16 PM","May 10, 2026, 9:58 PM","Honestly just really exhausted the whole workout. Give me a rest day 😭","Bench Press (Barbell)",,"Developing a bad habit when im struggling up by shifting to one side. Need some cuffs for my damn wrists",2,"normal",87.5,8,,,
"Push","May 10, 2026, 9:16 PM","May 10, 2026, 9:58 PM","Honestly just really exhausted the whole workout. Give me a rest day 😭","Bench Press (Barbell)",,"Developing a bad habit when im struggling up by shifting to one side. Need some cuffs for my damn wrists",3,"normal",80,8,,,
"Push","May 10, 2026, 9:16 PM","May 10, 2026, 9:58 PM","Honestly just really exhausted the whole workout. Give me a rest day 😭","Bench Press (Barbell)",,"Developing a bad habit when im struggling up by shifting to one side. Need some cuffs for my damn wrists",4,"normal",80,9,,,
"Push","May 10, 2026, 9:16 PM","May 10, 2026, 9:58 PM","Honestly just really exhausted the whole workout. Give me a rest day 😭","Single Arm Triceps Pushdown (Cable)",,"",0,"normal",20,8,,,
"Push","May 10, 2026, 9:16 PM","May 10, 2026, 9:58 PM","Honestly just really exhausted the whole workout. Give me a rest day 😭","Single Arm Triceps Pushdown (Cable)",,"",1,"normal",20,8,,,
"Push","May 10, 2026, 9:16 PM","May 10, 2026, 9:58 PM","Honestly just really exhausted the whole workout. Give me a rest day 😭","Lateral Raise (Cable)",,"",0,"normal",10,11,,,
"Push","May 10, 2026, 9:16 PM","May 10, 2026, 9:58 PM","Honestly just really exhausted the whole workout. Give me a rest day 😭","Lateral Raise (Cable)",,"",1,"normal",10,10,,,
"Push","May 10, 2026, 9:16 PM","May 10, 2026, 9:58 PM","Honestly just really exhausted the whole workout. Give me a rest day 😭","Incline Bench Press (Dumbbell)",,"",0,"normal",32,9,,,
"Push","May 10, 2026, 9:16 PM","May 10, 2026, 9:58 PM","Honestly just really exhausted the whole workout. Give me a rest day 😭","Incline Bench Press (Dumbbell)",,"",1,"normal",32,7,,,
"Abs","May 9, 2026, 12:48 PM","May 9, 2026, 1:43 PM","Abs","Crunch (Machine)",,"Other machine so heavier",0,"normal",73,15,,,
"Abs","May 9, 2026, 12:48 PM","May 9, 2026, 1:43 PM","Abs","Crunch (Machine)",,"Other machine so heavier",1,"normal",78,14,,,
"Abs","May 9, 2026, 12:48 PM","May 9, 2026, 1:43 PM","Abs","Crunch (Machine)",,"Other machine so heavier",2,"normal",78,14,,,
"Abs","May 9, 2026, 12:48 PM","May 9, 2026, 1:43 PM","Abs","Leg Raise Parallel Bars",,"",0,"normal",,18,,,
"Abs","May 9, 2026, 12:48 PM","May 9, 2026, 1:43 PM","Abs","Leg Raise Parallel Bars",,"",1,"normal",,18,,,
"Abs","May 9, 2026, 12:48 PM","May 9, 2026, 1:43 PM","Abs","Leg Raise Parallel Bars",,"",2,"normal",,20,,,
"Abs","May 9, 2026, 12:48 PM","May 9, 2026, 1:43 PM","Abs","Russian Twist (Weighted)",,"",0,"normal",20,15,,,
"Abs","May 9, 2026, 12:48 PM","May 9, 2026, 1:43 PM","Abs","Russian Twist (Weighted)",,"",1,"normal",20,15,,,
"Abs","May 9, 2026, 12:48 PM","May 9, 2026, 1:43 PM","Abs","Russian Twist (Weighted)",,"",2,"normal",20,15,,,
"Abs","May 9, 2026, 12:48 PM","May 9, 2026, 1:43 PM","Abs","Side Bend (Dumbbell)",,"",0,"normal",30,12,,,
"Abs","May 9, 2026, 12:48 PM","May 9, 2026, 1:43 PM","Abs","Side Bend (Dumbbell)",,"",1,"normal",30,12,,,
"Abs","May 9, 2026, 12:48 PM","May 9, 2026, 1:43 PM","Abs","Side Bend (Dumbbell)",,"",2,"normal",30,15,,,
"Lower","May 8, 2026, 10:41 AM","May 8, 2026, 11:28 AM","I had to leave early cause i was about to throw up","Standing Calf Raise (Machine)",,"",0,"warmup",102.5,20,,,
"Lower","May 8, 2026, 10:41 AM","May 8, 2026, 11:28 AM","I had to leave early cause i was about to throw up","Standing Calf Raise (Machine)",,"",1,"normal",102.5,20,,,
"Lower","May 8, 2026, 10:41 AM","May 8, 2026, 11:28 AM","I had to leave early cause i was about to throw up","Squat (Barbell)",,"",0,"warmup",20,12,,,
"Lower","May 8, 2026, 10:41 AM","May 8, 2026, 11:28 AM","I had to leave early cause i was about to throw up","Squat (Barbell)",,"",1,"warmup",60,12,,,
"Lower","May 8, 2026, 10:41 AM","May 8, 2026, 11:28 AM","I had to leave early cause i was about to throw up","Squat (Barbell)",,"",2,"normal",100,3,,,
"Lower","May 8, 2026, 10:41 AM","May 8, 2026, 11:28 AM","I had to leave early cause i was about to throw up","Squat (Barbell)",,"",3,"normal",140,1,,,
"Lower","May 8, 2026, 10:41 AM","May 8, 2026, 11:28 AM","I had to leave early cause i was about to throw up","Squat (Barbell)",,"",4,"normal",140,1,,,
"Lower","May 8, 2026, 10:41 AM","May 8, 2026, 11:28 AM","I had to leave early cause i was about to throw up","Squat (Barbell)",,"",5,"normal",100,14,,,
"Lower","May 8, 2026, 10:41 AM","May 8, 2026, 11:28 AM","I had to leave early cause i was about to throw up","Leg Extension (Machine)",,"",0,"normal",110,13,,,
"Lower","May 8, 2026, 10:41 AM","May 8, 2026, 11:28 AM","I had to leave early cause i was about to throw up","Romanian Deadlift (Barbell)",,"Fuck man if only i had my damn straps",0,"normal",60,12,,,
"Lower","May 8, 2026, 10:41 AM","May 8, 2026, 11:28 AM","I had to leave early cause i was about to throw up","Romanian Deadlift (Barbell)",,"Fuck man if only i had my damn straps",1,"normal",100,16,,,
"Lower","May 8, 2026, 10:41 AM","May 8, 2026, 11:28 AM","I had to leave early cause i was about to throw up","Romanian Deadlift (Barbell)",,"Fuck man if only i had my damn straps",2,"normal",100,20,,,
"Lower","May 8, 2026, 10:41 AM","May 8, 2026, 11:28 AM","I had to leave early cause i was about to throw up","Single Leg Press (Machine)",,"",0,"normal",62,12,,,
"Lower","May 8, 2026, 10:41 AM","May 8, 2026, 11:28 AM","I had to leave early cause i was about to throw up","Single Leg Press (Machine)",,"",1,"normal",102.5,12,,,
"Lower","May 8, 2026, 10:41 AM","May 8, 2026, 11:28 AM","I had to leave early cause i was about to throw up","Single Leg Press (Machine)",,"",2,"normal",102.5,12,,,
"Pull","May 6, 2026, 12:59 PM","May 6, 2026, 2:03 PM","It honestly doesnt get much better","Lat Pulldown (Cable)",,"",0,"warmup",40,12,,,
"Pull","May 6, 2026, 12:59 PM","May 6, 2026, 2:03 PM","It honestly doesnt get much better","Lat Pulldown (Cable)",,"",1,"warmup",70,10,,,
"Pull","May 6, 2026, 12:59 PM","May 6, 2026, 2:03 PM","It honestly doesnt get much better","Lat Pulldown (Cable)",,"",2,"normal",100,8,,,
"Pull","May 6, 2026, 12:59 PM","May 6, 2026, 2:03 PM","It honestly doesnt get much better","Lat Pulldown (Cable)",,"",3,"normal",90,10,,,
"Pull","May 6, 2026, 12:59 PM","May 6, 2026, 2:03 PM","It honestly doesnt get much better","Lat Pulldown (Cable)",,"",4,"normal",90,10,,,
"Pull","May 6, 2026, 12:59 PM","May 6, 2026, 2:03 PM","It honestly doesnt get much better","Preacher Curl (Dumbbell)",,"",0,"normal",18,12,,,
"Pull","May 6, 2026, 12:59 PM","May 6, 2026, 2:03 PM","It honestly doesnt get much better","Preacher Curl (Dumbbell)",,"",1,"normal",20,10,,,
"Pull","May 6, 2026, 12:59 PM","May 6, 2026, 2:03 PM","It honestly doesnt get much better","Preacher Curl (Dumbbell)",,"",2,"normal",20,10,,,
"Pull","May 6, 2026, 12:59 PM","May 6, 2026, 2:03 PM","It honestly doesnt get much better","Rope Straight Arm Pulldown",,"",0,"normal",45,8,,,
"Pull","May 6, 2026, 12:59 PM","May 6, 2026, 2:03 PM","It honestly doesnt get much better","Rope Straight Arm Pulldown",,"",1,"normal",45,10,,,
"Pull","May 6, 2026, 12:59 PM","May 6, 2026, 2:03 PM","It honestly doesnt get much better","Rope Straight Arm Pulldown",,"",2,"normal",45,8,,,
"Pull","May 6, 2026, 12:59 PM","May 6, 2026, 2:03 PM","It honestly doesnt get much better","Behind the Back Wrist Curl (Barbell)",,"",0,"normal",45,15,,,
"Pull","May 6, 2026, 12:59 PM","May 6, 2026, 2:03 PM","It honestly doesnt get much better","Behind the Back Wrist Curl (Barbell)",,"",1,"normal",47.5,12,,,
"Pull","May 6, 2026, 12:59 PM","May 6, 2026, 2:03 PM","It honestly doesnt get much better","Behind the Back Wrist Curl (Barbell)",,"",2,"normal",47.5,14,,,
"Pull","May 6, 2026, 12:59 PM","May 6, 2026, 2:03 PM","It honestly doesnt get much better","Bent Over Row (Barbell)",,"",0,"warmup",45.5,8,,,
"Pull","May 6, 2026, 12:59 PM","May 6, 2026, 2:03 PM","It honestly doesnt get much better","Bent Over Row (Barbell)",,"",1,"normal",75.5,12,,,
"Pull","May 6, 2026, 12:59 PM","May 6, 2026, 2:03 PM","It honestly doesnt get much better","Bent Over Row (Barbell)",,"",2,"normal",75.5,12,,,
"Pull","May 6, 2026, 12:59 PM","May 6, 2026, 2:03 PM","It honestly doesnt get much better","Bent Over Row (Barbell)",,"",3,"normal",75.5,12,,,
"Push","May 5, 2026, 12:48 PM","May 5, 2026, 1:51 PM","Feeling amazing after this one and im quite happy about my bench progress","Bench Press (Barbell)",,"",0,"warmup",20,20,,,
"Push","May 5, 2026, 12:48 PM","May 5, 2026, 1:51 PM","Feeling amazing after this one and im quite happy about my bench progress","Bench Press (Barbell)",,"",1,"warmup",60,12,,,
"Push","May 5, 2026, 12:48 PM","May 5, 2026, 1:51 PM","Feeling amazing after this one and im quite happy about my bench progress","Bench Press (Barbell)",,"",2,"normal",87.5,8,,,
"Push","May 5, 2026, 12:48 PM","May 5, 2026, 1:51 PM","Feeling amazing after this one and im quite happy about my bench progress","Bench Press (Barbell)",,"",3,"normal",87.5,7,,,
"Push","May 5, 2026, 12:48 PM","May 5, 2026, 1:51 PM","Feeling amazing after this one and im quite happy about my bench progress","Bench Press (Barbell)",,"",4,"normal",87.5,5,,,
"Push","May 5, 2026, 12:48 PM","May 5, 2026, 1:51 PM","Feeling amazing after this one and im quite happy about my bench progress","Chest Press (Machine)",,"",0,"normal",111,8,,,
"Push","May 5, 2026, 12:48 PM","May 5, 2026, 1:51 PM","Feeling amazing after this one and im quite happy about my bench progress","Chest Press (Machine)",,"",1,"normal",111,6,,,
"Push","May 5, 2026, 12:48 PM","May 5, 2026, 1:51 PM","Feeling amazing after this one and im quite happy about my bench progress","Chest Press (Machine)",,"",2,"normal",98,7,,,
"Push","May 5, 2026, 12:48 PM","May 5, 2026, 1:51 PM","Feeling amazing after this one and im quite happy about my bench progress","Triceps Pushdown",,"Someone stole my good attachment",0,"normal",45,9,,,
"Push","May 5, 2026, 12:48 PM","May 5, 2026, 1:51 PM","Feeling amazing after this one and im quite happy about my bench progress","Triceps Pushdown",,"Someone stole my good attachment",1,"normal",45,8,,,
"Push","May 5, 2026, 12:48 PM","May 5, 2026, 1:51 PM","Feeling amazing after this one and im quite happy about my bench progress","Single Arm Triceps Pushdown (Cable)",,"",0,"normal",20,8,,,
"Push","May 5, 2026, 12:48 PM","May 5, 2026, 1:51 PM","Feeling amazing after this one and im quite happy about my bench progress","Single Arm Triceps Pushdown (Cable)",,"",1,"normal",20,9,,,
"Push","May 5, 2026, 12:48 PM","May 5, 2026, 1:51 PM","Feeling amazing after this one and im quite happy about my bench progress","Lateral Raise (Cable)",,"",0,"normal",10,13,,,
"Push","May 5, 2026, 12:48 PM","May 5, 2026, 1:51 PM","Feeling amazing after this one and im quite happy about my bench progress","Lateral Raise (Cable)",,"",1,"normal",10,12,,,
"Push","May 5, 2026, 12:48 PM","May 5, 2026, 1:51 PM","Feeling amazing after this one and im quite happy about my bench progress","Lateral Raise (Cable)",,"",2,"normal",10,8,,,
"Push","May 5, 2026, 12:48 PM","May 5, 2026, 1:51 PM","Feeling amazing after this one and im quite happy about my bench progress","Chest Fly (Machine)",,"",0,"normal",82.5,13,,,
"Push","May 5, 2026, 12:48 PM","May 5, 2026, 1:51 PM","Feeling amazing after this one and im quite happy about my bench progress","Chest Fly (Machine)",,"",1,"normal",82.5,11,,,
"Push","May 5, 2026, 12:48 PM","May 5, 2026, 1:51 PM","Feeling amazing after this one and im quite happy about my bench progress","Chest Fly (Machine)",,"",2,"normal",82.5,10,,,
"Lower","May 4, 2026, 11:01 AM","May 4, 2026, 11:36 AM","Low volume cause my knees are just not recovering 😡","Squat (Barbell)",,"Focusing on shin alignment as well as not just firing with the quads but a concuous effort to fire with the glutes",0,"warmup",40,12,,,
"Lower","May 4, 2026, 11:01 AM","May 4, 2026, 11:36 AM","Low volume cause my knees are just not recovering 😡","Squat (Barbell)",,"Focusing on shin alignment as well as not just firing with the quads but a concuous effort to fire with the glutes",1,"warmup",60,12,,,
"Lower","May 4, 2026, 11:01 AM","May 4, 2026, 11:36 AM","Low volume cause my knees are just not recovering 😡","Squat (Barbell)",,"Focusing on shin alignment as well as not just firing with the quads but a concuous effort to fire with the glutes",2,"normal",110,11,,,
"Lower","May 4, 2026, 11:01 AM","May 4, 2026, 11:36 AM","Low volume cause my knees are just not recovering 😡","Squat (Barbell)",,"Focusing on shin alignment as well as not just firing with the quads but a concuous effort to fire with the glutes",3,"normal",110,8,,,
"Lower","May 4, 2026, 11:01 AM","May 4, 2026, 11:36 AM","Low volume cause my knees are just not recovering 😡","Leg Extension (Machine)",,"",0,"normal",111,14,,,
"Lower","May 4, 2026, 11:01 AM","May 4, 2026, 11:36 AM","Low volume cause my knees are just not recovering 😡","Leg Extension (Machine)",,"",1,"normal",111,12,,,
"Lower","May 4, 2026, 11:01 AM","May 4, 2026, 11:36 AM","Low volume cause my knees are just not recovering 😡","Leg Extension (Machine)",,"",2,"normal",111,9,,,
"Lower","May 4, 2026, 11:01 AM","May 4, 2026, 11:36 AM","Low volume cause my knees are just not recovering 😡","Crunch (Machine)",,"",0,"normal",50,12,,,
"Lower","May 4, 2026, 11:01 AM","May 4, 2026, 11:36 AM","Low volume cause my knees are just not recovering 😡","Crunch (Machine)",,"",1,"normal",50,15,,,
"Lower","May 4, 2026, 11:01 AM","May 4, 2026, 11:36 AM","Low volume cause my knees are just not recovering 😡","Crunch (Machine)",,"",2,"normal",50,12,,,
"Pull","May 2, 2026, 9:50 PM","May 2, 2026, 10:57 PM","Good back day tried out some new stuff and it felt really good so i might start working in some of that","Lat Pulldown (Cable)",,"Lost my straps and i feel like that may be holding me back here",0,"warmup",45,12,,,
"Pull","May 2, 2026, 9:50 PM","May 2, 2026, 10:57 PM","Good back day tried out some new stuff and it felt really good so i might start working in some of that","Lat Pulldown (Cable)",,"Lost my straps and i feel like that may be holding me back here",1,"normal",100,8,,,
"Pull","May 2, 2026, 9:50 PM","May 2, 2026, 10:57 PM","Good back day tried out some new stuff and it felt really good so i might start working in some of that","Lat Pulldown (Cable)",,"Lost my straps and i feel like that may be holding me back here",2,"normal",90,12,,,
"Pull","May 2, 2026, 9:50 PM","May 2, 2026, 10:57 PM","Good back day tried out some new stuff and it felt really good so i might start working in some of that","Lat Pulldown (Cable)",,"Lost my straps and i feel like that may be holding me back here",3,"normal",90,8,,,
"Pull","May 2, 2026, 9:50 PM","May 2, 2026, 10:57 PM","Good back day tried out some new stuff and it felt really good so i might start working in some of that","Single Arm Lat Pulldown",,"",0,"normal",,9,,,
"Pull","May 2, 2026, 9:50 PM","May 2, 2026, 10:57 PM","Good back day tried out some new stuff and it felt really good so i might start working in some of that","Rope Straight Arm Pulldown",,"",0,"normal",45,11,,,
"Pull","May 2, 2026, 9:50 PM","May 2, 2026, 10:57 PM","Good back day tried out some new stuff and it felt really good so i might start working in some of that","Rope Straight Arm Pulldown",,"",1,"normal",45,8,,,
"Pull","May 2, 2026, 9:50 PM","May 2, 2026, 10:57 PM","Good back day tried out some new stuff and it felt really good so i might start working in some of that","Rope Straight Arm Pulldown",,"",2,"normal",40,10,,,
"Pull","May 2, 2026, 9:50 PM","May 2, 2026, 10:57 PM","Good back day tried out some new stuff and it felt really good so i might start working in some of that","Behind the Back Wrist Curl (Barbell)",,"",0,"normal",45,15,,,
"Pull","May 2, 2026, 9:50 PM","May 2, 2026, 10:57 PM","Good back day tried out some new stuff and it felt really good so i might start working in some of that","Behind the Back Wrist Curl (Barbell)",,"",1,"normal",45,13,,,
"Pull","May 2, 2026, 9:50 PM","May 2, 2026, 10:57 PM","Good back day tried out some new stuff and it felt really good so i might start working in some of that","Behind the Back Wrist Curl (Barbell)",,"",2,"normal",45,13,,,
"Pull","May 2, 2026, 9:50 PM","May 2, 2026, 10:57 PM","Good back day tried out some new stuff and it felt really good so i might start working in some of that","Bent Over Row (Barbell)",,"Smith bent over rows",0,"warmup",45.5,14,,,
"Pull","May 2, 2026, 9:50 PM","May 2, 2026, 10:57 PM","Good back day tried out some new stuff and it felt really good so i might start working in some of that","Bent Over Row (Barbell)",,"Smith bent over rows",1,"normal",65.5,12,,,
"Pull","May 2, 2026, 9:50 PM","May 2, 2026, 10:57 PM","Good back day tried out some new stuff and it felt really good so i might start working in some of that","Bent Over Row (Barbell)",,"Smith bent over rows",2,"normal",75.5,12,,,
"Pull","May 2, 2026, 9:50 PM","May 2, 2026, 10:57 PM","Good back day tried out some new stuff and it felt really good so i might start working in some of that","Bent Over Row (Barbell)",,"Smith bent over rows",3,"normal",75.5,12,,,
"Pull","May 2, 2026, 9:50 PM","May 2, 2026, 10:57 PM","Good back day tried out some new stuff and it felt really good so i might start working in some of that","Bicep Curl (Cable)",,"",0,"normal",30,12,,,
"Pull","May 2, 2026, 9:50 PM","May 2, 2026, 10:57 PM","Good back day tried out some new stuff and it felt really good so i might start working in some of that","Bicep Curl (Cable)",,"",1,"normal",30,12,,,
"Pull","May 2, 2026, 9:50 PM","May 2, 2026, 10:57 PM","Good back day tried out some new stuff and it felt really good so i might start working in some of that","Bicep Curl (Cable)",,"",2,"normal",30,12,,,
"Pull","May 2, 2026, 9:50 PM","May 2, 2026, 10:57 PM","Good back day tried out some new stuff and it felt really good so i might start working in some of that","Bicep Curl (Cable)",,"",3,"normal",30,12,,,
"Pull","May 2, 2026, 9:50 PM","May 2, 2026, 10:57 PM","Good back day tried out some new stuff and it felt really good so i might start working in some of that","Dead Hang",,"",0,"normal",,,,27,
"Pull","May 2, 2026, 9:50 PM","May 2, 2026, 10:57 PM","Good back day tried out some new stuff and it felt really good so i might start working in some of that","Dead Hang",,"",1,"normal",,,,48,
"Push","May 1, 2026, 12:37 PM","May 1, 2026, 1:48 PM","Push push push","Chest Press (Machine)",,"",0,"normal",116,7,,,
"Push","May 1, 2026, 12:37 PM","May 1, 2026, 1:48 PM","Push push push","Chest Press (Machine)",,"",1,"normal",96.4,10,,,
"Push","May 1, 2026, 12:37 PM","May 1, 2026, 1:48 PM","Push push push","Chest Press (Machine)",,"",2,"normal",96.4,11,,,
"Push","May 1, 2026, 12:37 PM","May 1, 2026, 1:48 PM","Push push push","Triceps Pushdown",,"",0,"normal",45,9,,,
"Push","May 1, 2026, 12:37 PM","May 1, 2026, 1:48 PM","Push push push","Triceps Pushdown",,"",1,"normal",45,11,,,
"Push","May 1, 2026, 12:37 PM","May 1, 2026, 1:48 PM","Push push push","Triceps Pushdown",,"",2,"normal",40,9,,,
"Push","May 1, 2026, 12:37 PM","May 1, 2026, 1:48 PM","Push push push","Single Arm Triceps Pushdown (Cable)",,"",0,"normal",20,8,,,
"Push","May 1, 2026, 12:37 PM","May 1, 2026, 1:48 PM","Push push push","Single Arm Triceps Pushdown (Cable)",,"",1,"normal",17.5,11,,,
"Push","May 1, 2026, 12:37 PM","May 1, 2026, 1:48 PM","Push push push","Lateral Raise (Cable)",,"",0,"normal",10,13,,,
"Push","May 1, 2026, 12:37 PM","May 1, 2026, 1:48 PM","Push push push","Lateral Raise (Cable)",,"",1,"normal",10,13,,,
"Push","May 1, 2026, 12:37 PM","May 1, 2026, 1:48 PM","Push push push","Lateral Raise (Cable)",,"",2,"normal",10,12,,,
"Push","May 1, 2026, 12:37 PM","May 1, 2026, 1:48 PM","Push push push","Chest Fly (Machine)",,"",0,"normal",82,12,,,
"Push","May 1, 2026, 12:37 PM","May 1, 2026, 1:48 PM","Push push push","Chest Fly (Machine)",,"",1,"normal",82,11,,,
"Push","May 1, 2026, 12:37 PM","May 1, 2026, 1:48 PM","Push push push","Chest Fly (Machine)",,"",2,"normal",82,10,,,
"Push","May 1, 2026, 12:37 PM","May 1, 2026, 1:48 PM","Push push push","Incline Bench Press (Dumbbell)",,"",0,"warmup",20,12,,,
"Push","May 1, 2026, 12:37 PM","May 1, 2026, 1:48 PM","Push push push","Incline Bench Press (Dumbbell)",,"",1,"normal",32,13,,,
"Push","May 1, 2026, 12:37 PM","May 1, 2026, 1:48 PM","Push push push","Incline Bench Press (Dumbbell)",,"",2,"normal",34,10,,,
"Lower","Apr 30, 2026, 12:03 PM","Apr 30, 2026, 1:13 PM","Very solid leg day quad focused and a good stretch at the end","Squat (Barbell)",,"First working set on my 6th rep i went way too low took everything to push my way out",0,"warmup",20,20,,,
"Lower","Apr 30, 2026, 12:03 PM","Apr 30, 2026, 1:13 PM","Very solid leg day quad focused and a good stretch at the end","Squat (Barbell)",,"First working set on my 6th rep i went way too low took everything to push my way out",1,"warmup",60,12,,,
"Lower","Apr 30, 2026, 12:03 PM","Apr 30, 2026, 1:13 PM","Very solid leg day quad focused and a good stretch at the end","Squat (Barbell)",,"First working set on my 6th rep i went way too low took everything to push my way out",2,"normal",110,7,,,
"Lower","Apr 30, 2026, 12:03 PM","Apr 30, 2026, 1:13 PM","Very solid leg day quad focused and a good stretch at the end","Squat (Barbell)",,"First working set on my 6th rep i went way too low took everything to push my way out",3,"normal",110,9,,,
"Lower","Apr 30, 2026, 12:03 PM","Apr 30, 2026, 1:13 PM","Very solid leg day quad focused and a good stretch at the end","Leg Extension (Machine)",,"",0,"normal",111,12,,,
"Lower","Apr 30, 2026, 12:03 PM","Apr 30, 2026, 1:13 PM","Very solid leg day quad focused and a good stretch at the end","Leg Extension (Machine)",,"",1,"normal",111,13,,,
"Lower","Apr 30, 2026, 12:03 PM","Apr 30, 2026, 1:13 PM","Very solid leg day quad focused and a good stretch at the end","Leg Extension (Machine)",,"",2,"normal",111,12,,,
"Lower","Apr 30, 2026, 12:03 PM","Apr 30, 2026, 1:13 PM","Very solid leg day quad focused and a good stretch at the end","Hip Abduction (Machine)",,"",0,"normal",102.5,20,,,
"Lower","Apr 30, 2026, 12:03 PM","Apr 30, 2026, 1:13 PM","Very solid leg day quad focused and a good stretch at the end","Hip Abduction (Machine)",,"",1,"normal",102.5,20,,,
"Lower","Apr 30, 2026, 12:03 PM","Apr 30, 2026, 1:13 PM","Very solid leg day quad focused and a good stretch at the end","Crunch (Machine)",,"",0,"normal",50,14,,,
"Lower","Apr 30, 2026, 12:03 PM","Apr 30, 2026, 1:13 PM","Very solid leg day quad focused and a good stretch at the end","Crunch (Machine)",,"",1,"normal",50,14,,,
"Lower","Apr 30, 2026, 12:03 PM","Apr 30, 2026, 1:13 PM","Very solid leg day quad focused and a good stretch at the end","Crunch (Machine)",,"",2,"normal",50,13,,,
"Lower","Apr 30, 2026, 12:03 PM","Apr 30, 2026, 1:13 PM","Very solid leg day quad focused and a good stretch at the end","Hip Adduction (Machine)",,"",0,"normal",102.5,13,,,
"Lower","Apr 30, 2026, 12:03 PM","Apr 30, 2026, 1:13 PM","Very solid leg day quad focused and a good stretch at the end","Hip Adduction (Machine)",,"",1,"normal",102.5,14,,,
"Lower","Apr 30, 2026, 12:03 PM","Apr 30, 2026, 1:13 PM","Very solid leg day quad focused and a good stretch at the end","Lying Leg Curl (Machine)",,"Holy back of knee pain i should try see if i can fix that",0,"normal",75,12,,,
"Lower","Apr 30, 2026, 12:03 PM","Apr 30, 2026, 1:13 PM","Very solid leg day quad focused and a good stretch at the end","Lying Leg Curl (Machine)",,"Holy back of knee pain i should try see if i can fix that",1,"normal",75,9,,,
"Pull","Apr 28, 2026, 9:24 PM","Apr 28, 2026, 10:41 PM","Solid back day bit tired tho from assignments but we put the work in","Lat Pulldown (Cable)",,"",0,"warmup",45,12,,,
"Pull","Apr 28, 2026, 9:24 PM","Apr 28, 2026, 10:41 PM","Solid back day bit tired tho from assignments but we put the work in","Lat Pulldown (Cable)",,"",1,"warmup",70,11,,,
"Pull","Apr 28, 2026, 9:24 PM","Apr 28, 2026, 10:41 PM","Solid back day bit tired tho from assignments but we put the work in","Lat Pulldown (Cable)",,"",2,"normal",92.5,8,,,
"Pull","Apr 28, 2026, 9:24 PM","Apr 28, 2026, 10:41 PM","Solid back day bit tired tho from assignments but we put the work in","Lat Pulldown (Cable)",,"",3,"normal",92.5,8,,,
"Pull","Apr 28, 2026, 9:24 PM","Apr 28, 2026, 10:41 PM","Solid back day bit tired tho from assignments but we put the work in","Seated Cable Row - Bar Grip",,"",0,"warmup",45,12,,,
"Pull","Apr 28, 2026, 9:24 PM","Apr 28, 2026, 10:41 PM","Solid back day bit tired tho from assignments but we put the work in","Seated Cable Row - Bar Grip",,"",1,"normal",70,11,,,
"Pull","Apr 28, 2026, 9:24 PM","Apr 28, 2026, 10:41 PM","Solid back day bit tired tho from assignments but we put the work in","Seated Cable Row - Bar Grip",,"",2,"normal",92.5,11,,,
"Pull","Apr 28, 2026, 9:24 PM","Apr 28, 2026, 10:41 PM","Solid back day bit tired tho from assignments but we put the work in","Seated Cable Row - Bar Grip",,"",3,"normal",92.5,9,,,
"Pull","Apr 28, 2026, 9:24 PM","Apr 28, 2026, 10:41 PM","Solid back day bit tired tho from assignments but we put the work in","Hammer Curl (Dumbbell)",,"",0,"normal",22,12,,,
"Pull","Apr 28, 2026, 9:24 PM","Apr 28, 2026, 10:41 PM","Solid back day bit tired tho from assignments but we put the work in","Hammer Curl (Dumbbell)",,"",1,"normal",22,12,,,
"Pull","Apr 28, 2026, 9:24 PM","Apr 28, 2026, 10:41 PM","Solid back day bit tired tho from assignments but we put the work in","Hammer Curl (Dumbbell)",,"",2,"normal",22,10,,,
"Pull","Apr 28, 2026, 9:24 PM","Apr 28, 2026, 10:41 PM","Solid back day bit tired tho from assignments but we put the work in","Rope Straight Arm Pulldown",,"",0,"normal",42.5,13,,,
"Pull","Apr 28, 2026, 9:24 PM","Apr 28, 2026, 10:41 PM","Solid back day bit tired tho from assignments but we put the work in","Rope Straight Arm Pulldown",,"",1,"normal",42.5,11,,,
"Pull","Apr 28, 2026, 9:24 PM","Apr 28, 2026, 10:41 PM","Solid back day bit tired tho from assignments but we put the work in","Rope Straight Arm Pulldown",,"",2,"normal",42.5,10,,,
"Pull","Apr 28, 2026, 9:24 PM","Apr 28, 2026, 10:41 PM","Solid back day bit tired tho from assignments but we put the work in","Behind the Back Wrist Curl (Barbell)",,"",0,"normal",45,15,,,
"Pull","Apr 28, 2026, 9:24 PM","Apr 28, 2026, 10:41 PM","Solid back day bit tired tho from assignments but we put the work in","Behind the Back Wrist Curl (Barbell)",,"",1,"normal",45,12,,,
"Pull","Apr 28, 2026, 9:24 PM","Apr 28, 2026, 10:41 PM","Solid back day bit tired tho from assignments but we put the work in","Behind the Back Wrist Curl (Barbell)",,"",2,"normal",45,12,,,
"Push","Apr 27, 2026, 10:54 AM","Apr 27, 2026, 11:48 AM","I gotta do my assignment im so cooked","Bench Press (Barbell)",,"Holy shit i almost died on that last set",0,"warmup",20,20,,,
"Push","Apr 27, 2026, 10:54 AM","Apr 27, 2026, 11:48 AM","I gotta do my assignment im so cooked","Bench Press (Barbell)",,"Holy shit i almost died on that last set",1,"warmup",60,10,,,
"Push","Apr 27, 2026, 10:54 AM","Apr 27, 2026, 11:48 AM","I gotta do my assignment im so cooked","Bench Press (Barbell)",,"Holy shit i almost died on that last set",2,"normal",85,10,,,
"Push","Apr 27, 2026, 10:54 AM","Apr 27, 2026, 11:48 AM","I gotta do my assignment im so cooked","Bench Press (Barbell)",,"Holy shit i almost died on that last set",3,"normal",85,8,,,
"Push","Apr 27, 2026, 10:54 AM","Apr 27, 2026, 11:48 AM","I gotta do my assignment im so cooked","Seated Shoulder Press (Machine)",,"",0,"normal",57.5,10,,,
"Push","Apr 27, 2026, 10:54 AM","Apr 27, 2026, 11:48 AM","I gotta do my assignment im so cooked","Seated Shoulder Press (Machine)",,"",1,"normal",57.5,10,,,
"Push","Apr 27, 2026, 10:54 AM","Apr 27, 2026, 11:48 AM","I gotta do my assignment im so cooked","Seated Shoulder Press (Machine)",,"",2,"normal",57.5,9,,,
"Push","Apr 27, 2026, 10:54 AM","Apr 27, 2026, 11:48 AM","I gotta do my assignment im so cooked","Triceps Pushdown",,"",0,"normal",45,14,,,
"Push","Apr 27, 2026, 10:54 AM","Apr 27, 2026, 11:48 AM","I gotta do my assignment im so cooked","Triceps Pushdown",,"",1,"normal",45,13,,,
"Push","Apr 27, 2026, 10:54 AM","Apr 27, 2026, 11:48 AM","I gotta do my assignment im so cooked","Single Arm Triceps Pushdown (Cable)",,"",0,"normal",20,10,,,
"Push","Apr 27, 2026, 10:54 AM","Apr 27, 2026, 11:48 AM","I gotta do my assignment im so cooked","Single Arm Triceps Pushdown (Cable)",,"",1,"normal",20,9,,,
"Push","Apr 27, 2026, 10:54 AM","Apr 27, 2026, 11:48 AM","I gotta do my assignment im so cooked","Lateral Raise (Cable)",,"",0,"normal",10,13,,,
"Push","Apr 27, 2026, 10:54 AM","Apr 27, 2026, 11:48 AM","I gotta do my assignment im so cooked","Lateral Raise (Cable)",,"",1,"normal",10,12,,,
"Push","Apr 27, 2026, 10:54 AM","Apr 27, 2026, 11:48 AM","I gotta do my assignment im so cooked","Lateral Raise (Cable)",,"",2,"normal",10,10,,,
"Push","Apr 27, 2026, 10:54 AM","Apr 27, 2026, 11:48 AM","I gotta do my assignment im so cooked","Chest Fly (Machine)",,"",0,"normal",82,11,,,
"Push","Apr 27, 2026, 10:54 AM","Apr 27, 2026, 11:48 AM","I gotta do my assignment im so cooked","Chest Fly (Machine)",,"",1,"normal",82,10,,,
"Push","Apr 27, 2026, 10:54 AM","Apr 27, 2026, 11:48 AM","I gotta do my assignment im so cooked","Chest Fly (Machine)",,"",2,"normal",82,10,,,
"Lower","Apr 24, 2026, 6:58 PM","Apr 24, 2026, 7:43 PM","Had to leave a little early on this one so didnt get too much done but i am satisfied nonetheless","Crunch (Machine)",,"",0,"normal",47.5,13,,,
"Lower","Apr 24, 2026, 6:58 PM","Apr 24, 2026, 7:43 PM","Had to leave a little early on this one so didnt get too much done but i am satisfied nonetheless","Crunch (Machine)",,"",1,"normal",47.5,15,,,
"Lower","Apr 24, 2026, 6:58 PM","Apr 24, 2026, 7:43 PM","Had to leave a little early on this one so didnt get too much done but i am satisfied nonetheless","Crunch (Machine)",,"",2,"normal",50,13,,,
"Lower","Apr 24, 2026, 6:58 PM","Apr 24, 2026, 7:43 PM","Had to leave a little early on this one so didnt get too much done but i am satisfied nonetheless","Deadlift (Barbell)",,"",0,"warmup",60,14,,,
"Lower","Apr 24, 2026, 6:58 PM","Apr 24, 2026, 7:43 PM","Had to leave a little early on this one so didnt get too much done but i am satisfied nonetheless","Deadlift (Barbell)",,"",1,"normal",100,9,,,
"Lower","Apr 24, 2026, 6:58 PM","Apr 24, 2026, 7:43 PM","Had to leave a little early on this one so didnt get too much done but i am satisfied nonetheless","Deadlift (Barbell)",,"",2,"normal",140,10,,,
"Lower","Apr 24, 2026, 6:58 PM","Apr 24, 2026, 7:43 PM","Had to leave a little early on this one so didnt get too much done but i am satisfied nonetheless","Deadlift (Barbell)",,"",3,"normal",140,10,,,
"Lower","Apr 24, 2026, 6:58 PM","Apr 24, 2026, 7:43 PM","Had to leave a little early on this one so didnt get too much done but i am satisfied nonetheless","Lying Leg Curl (Machine)",,"Experimenting with form something doesnt feel right in my knees",0,"normal",70,12,,,
"Lower","Apr 24, 2026, 6:58 PM","Apr 24, 2026, 7:43 PM","Had to leave a little early on this one so didnt get too much done but i am satisfied nonetheless","Lying Leg Curl (Machine)",,"Experimenting with form something doesnt feel right in my knees",1,"normal",65,9,,,
"Lower","Apr 24, 2026, 6:58 PM","Apr 24, 2026, 7:43 PM","Had to leave a little early on this one so didnt get too much done but i am satisfied nonetheless","Lying Leg Curl (Machine)",,"Experimenting with form something doesnt feel right in my knees",2,"normal",65,11,,,
"Pull","Apr 23, 2026, 7:55 PM","Apr 23, 2026, 9:11 PM","Pretty solid back day","Lat Pulldown (Cable)",,"",0,"warmup",45,12,,,
"Pull","Apr 23, 2026, 7:55 PM","Apr 23, 2026, 9:11 PM","Pretty solid back day","Lat Pulldown (Cable)",,"",1,"warmup",70,8,,,
"Pull","Apr 23, 2026, 7:55 PM","Apr 23, 2026, 9:11 PM","Pretty solid back day","Lat Pulldown (Cable)",,"",2,"normal",100,9,,,
"Pull","Apr 23, 2026, 7:55 PM","Apr 23, 2026, 9:11 PM","Pretty solid back day","Lat Pulldown (Cable)",,"",3,"normal",100,7,,,
"Pull","Apr 23, 2026, 7:55 PM","Apr 23, 2026, 9:11 PM","Pretty solid back day","Lat Pulldown (Cable)",,"",4,"normal",100,6,,,
"Pull","Apr 23, 2026, 7:55 PM","Apr 23, 2026, 9:11 PM","Pretty solid back day","Seated Cable Row - Bar Grip",,"Trying it while leaning forward and i feel it way better",0,"warmup",45,12,,,
"Pull","Apr 23, 2026, 7:55 PM","Apr 23, 2026, 9:11 PM","Pretty solid back day","Seated Cable Row - Bar Grip",,"Trying it while leaning forward and i feel it way better",1,"normal",92.5,9,,,
"Pull","Apr 23, 2026, 7:55 PM","Apr 23, 2026, 9:11 PM","Pretty solid back day","Seated Cable Row - Bar Grip",,"Trying it while leaning forward and i feel it way better",2,"normal",92.5,9,,,
"Pull","Apr 23, 2026, 7:55 PM","Apr 23, 2026, 9:11 PM","Pretty solid back day","Seated Cable Row - Bar Grip",,"Trying it while leaning forward and i feel it way better",3,"normal",92.5,8,,,
"Pull","Apr 23, 2026, 7:55 PM","Apr 23, 2026, 9:11 PM","Pretty solid back day","Reverse Fly Single Arm (Cable)",,"",0,"normal",25,15,,,
"Pull","Apr 23, 2026, 7:55 PM","Apr 23, 2026, 9:11 PM","Pretty solid back day","Reverse Fly Single Arm (Cable)",,"",1,"normal",25,17,,,
"Pull","Apr 23, 2026, 7:55 PM","Apr 23, 2026, 9:11 PM","Pretty solid back day","Preacher Curl (Dumbbell)",,"The secret is in the wrists",0,"normal",18,10,,,
"Pull","Apr 23, 2026, 7:55 PM","Apr 23, 2026, 9:11 PM","Pretty solid back day","Preacher Curl (Dumbbell)",,"The secret is in the wrists",1,"normal",18,12,,,
"Pull","Apr 23, 2026, 7:55 PM","Apr 23, 2026, 9:11 PM","Pretty solid back day","Preacher Curl (Dumbbell)",,"The secret is in the wrists",2,"normal",18,12,,,
"Pull","Apr 23, 2026, 7:55 PM","Apr 23, 2026, 9:11 PM","Pretty solid back day","Rope Straight Arm Pulldown",,"",0,"normal",42.5,11,,,
"Pull","Apr 23, 2026, 7:55 PM","Apr 23, 2026, 9:11 PM","Pretty solid back day","Rope Straight Arm Pulldown",,"",1,"normal",42.5,10,,,
"Pull","Apr 23, 2026, 7:55 PM","Apr 23, 2026, 9:11 PM","Pretty solid back day","Rope Straight Arm Pulldown",,"",2,"normal",42.5,10,,,
"Pull","Apr 23, 2026, 7:55 PM","Apr 23, 2026, 9:11 PM","Pretty solid back day","Behind the Back Wrist Curl (Barbell)",,"Cable btw. Finding a weight that gives me good tension and control",0,"normal",40,16,,,
"Pull","Apr 23, 2026, 7:55 PM","Apr 23, 2026, 9:11 PM","Pretty solid back day","Behind the Back Wrist Curl (Barbell)",,"Cable btw. Finding a weight that gives me good tension and control",1,"normal",50,13,,,
"Pull","Apr 23, 2026, 7:55 PM","Apr 23, 2026, 9:11 PM","Pretty solid back day","Behind the Back Wrist Curl (Barbell)",,"Cable btw. Finding a weight that gives me good tension and control",2,"normal",45,14,,,
"Pull","Apr 23, 2026, 7:55 PM","Apr 23, 2026, 9:11 PM","Pretty solid back day","Behind the Back Wrist Curl (Barbell)",,"Cable btw. Finding a weight that gives me good tension and control",3,"normal",45,14,,,
"Push","Apr 21, 2026, 7:53 PM","Apr 21, 2026, 9:01 PM","Omg why tf are there so many people today had to wait 20 mins for a cable","Chest Press (Machine)",,"",0,"normal",111,9,,,
"Push","Apr 21, 2026, 7:53 PM","Apr 21, 2026, 9:01 PM","Omg why tf are there so many people today had to wait 20 mins for a cable","Chest Press (Machine)",,"",1,"normal",111,7,,,
"Push","Apr 21, 2026, 7:53 PM","Apr 21, 2026, 9:01 PM","Omg why tf are there so many people today had to wait 20 mins for a cable","Chest Press (Machine)",,"",2,"normal",105,11,,,
"Push","Apr 21, 2026, 7:53 PM","Apr 21, 2026, 9:01 PM","Omg why tf are there so many people today had to wait 20 mins for a cable","Incline Bench Press (Smith Machine)",,"",0,"warmup",15.5,20,,,
"Push","Apr 21, 2026, 7:53 PM","Apr 21, 2026, 9:01 PM","Omg why tf are there so many people today had to wait 20 mins for a cable","Incline Bench Press (Smith Machine)",,"",1,"normal",65.5,10,,,
"Push","Apr 21, 2026, 7:53 PM","Apr 21, 2026, 9:01 PM","Omg why tf are there so many people today had to wait 20 mins for a cable","Incline Bench Press (Smith Machine)",,"",2,"normal",65.5,10,,,
"Push","Apr 21, 2026, 7:53 PM","Apr 21, 2026, 9:01 PM","Omg why tf are there so many people today had to wait 20 mins for a cable","Incline Bench Press (Smith Machine)",,"",3,"normal",65.5,8,,,
"Push","Apr 21, 2026, 7:53 PM","Apr 21, 2026, 9:01 PM","Omg why tf are there so many people today had to wait 20 mins for a cable","Triceps Pushdown",,"",0,"normal",47.5,11,,,
"Push","Apr 21, 2026, 7:53 PM","Apr 21, 2026, 9:01 PM","Omg why tf are there so many people today had to wait 20 mins for a cable","Triceps Pushdown",,"",1,"normal",47.5,9,,,
"Push","Apr 21, 2026, 7:53 PM","Apr 21, 2026, 9:01 PM","Omg why tf are there so many people today had to wait 20 mins for a cable","Single Arm Triceps Pushdown (Cable)",,"",0,"normal",20,9,,,
"Push","Apr 21, 2026, 7:53 PM","Apr 21, 2026, 9:01 PM","Omg why tf are there so many people today had to wait 20 mins for a cable","Single Arm Triceps Pushdown (Cable)",,"",1,"normal",20,9,,,
"Push","Apr 21, 2026, 7:53 PM","Apr 21, 2026, 9:01 PM","Omg why tf are there so many people today had to wait 20 mins for a cable","Lateral Raise (Cable)",,"",0,"normal",10,13,,,
"Push","Apr 21, 2026, 7:53 PM","Apr 21, 2026, 9:01 PM","Omg why tf are there so many people today had to wait 20 mins for a cable","Lateral Raise (Cable)",,"",1,"normal",10,13,,,
"Lower","Apr 20, 2026, 7:27 PM","Apr 20, 2026, 8:42 PM","Gonna work hamstrings back in next time","Standing Calf Raise (Machine)",,"",0,"warmup",140,17,,,
"Lower","Apr 20, 2026, 7:27 PM","Apr 20, 2026, 8:42 PM","Gonna work hamstrings back in next time","Standing Calf Raise (Machine)",,"",1,"normal",250,12,,,
"Lower","Apr 20, 2026, 7:27 PM","Apr 20, 2026, 8:42 PM","Gonna work hamstrings back in next time","Standing Calf Raise (Machine)",,"",2,"normal",250,12,,,
"Lower","Apr 20, 2026, 7:27 PM","Apr 20, 2026, 8:42 PM","Gonna work hamstrings back in next time","Leg Press (Machine)",,"",0,"warmup",140,12,,,
"Lower","Apr 20, 2026, 7:27 PM","Apr 20, 2026, 8:42 PM","Gonna work hamstrings back in next time","Leg Press (Machine)",,"",1,"normal",250,13,,,
"Lower","Apr 20, 2026, 7:27 PM","Apr 20, 2026, 8:42 PM","Gonna work hamstrings back in next time","Leg Press (Machine)",,"",2,"normal",250,13,,,
"Lower","Apr 20, 2026, 7:27 PM","Apr 20, 2026, 8:42 PM","Gonna work hamstrings back in next time","Leg Extension (Machine)",,"",0,"normal",105,14,,,
"Lower","Apr 20, 2026, 7:27 PM","Apr 20, 2026, 8:42 PM","Gonna work hamstrings back in next time","Leg Extension (Machine)",,"",1,"normal",111,12,,,
"Lower","Apr 20, 2026, 7:27 PM","Apr 20, 2026, 8:42 PM","Gonna work hamstrings back in next time","Hip Abduction (Machine)",,"",0,"normal",102.5,25,,,
"Lower","Apr 20, 2026, 7:27 PM","Apr 20, 2026, 8:42 PM","Gonna work hamstrings back in next time","Hip Abduction (Machine)",,"",1,"normal",102.5,25,,,
"Lower","Apr 20, 2026, 7:27 PM","Apr 20, 2026, 8:42 PM","Gonna work hamstrings back in next time","Hip Abduction (Machine)",,"",2,"normal",102.5,25,,,
"Lower","Apr 20, 2026, 7:27 PM","Apr 20, 2026, 8:42 PM","Gonna work hamstrings back in next time","Crunch (Machine)",,"",0,"normal",45,15,,,
"Lower","Apr 20, 2026, 7:27 PM","Apr 20, 2026, 8:42 PM","Gonna work hamstrings back in next time","Crunch (Machine)",,"",1,"normal",47.5,12,,,
"Lower","Apr 20, 2026, 7:27 PM","Apr 20, 2026, 8:42 PM","Gonna work hamstrings back in next time","Crunch (Machine)",,"",2,"normal",47.5,13,,,
"Lower","Apr 20, 2026, 7:27 PM","Apr 20, 2026, 8:42 PM","Gonna work hamstrings back in next time","Hip Adduction (Machine)",,"",0,"normal",102.5,12,,,
"Lower","Apr 20, 2026, 7:27 PM","Apr 20, 2026, 8:42 PM","Gonna work hamstrings back in next time","Hip Adduction (Machine)",,"",1,"normal",102.5,12,,,
"Lower","Apr 20, 2026, 7:27 PM","Apr 20, 2026, 8:42 PM","Gonna work hamstrings back in next time","Hip Adduction (Machine)",,"",2,"normal",102.5,12,,,
"Pull","Apr 19, 2026, 7:39 PM","Apr 19, 2026, 9:24 PM","","Lat Pulldown (Cable)",,"",0,"warmup",45,12,,,
"Pull","Apr 19, 2026, 7:39 PM","Apr 19, 2026, 9:24 PM","","Lat Pulldown (Cable)",,"",1,"warmup",70,12,,,
"Pull","Apr 19, 2026, 7:39 PM","Apr 19, 2026, 9:24 PM","","Lat Pulldown (Cable)",,"",2,"normal",100,9,,,
"Pull","Apr 19, 2026, 7:39 PM","Apr 19, 2026, 9:24 PM","","Lat Pulldown (Cable)",,"",3,"normal",100,8,,,
"Pull","Apr 19, 2026, 7:39 PM","Apr 19, 2026, 9:24 PM","","Seated Cable Row - Bar Grip",,"",0,"warmup",45,12,,,
"Pull","Apr 19, 2026, 7:39 PM","Apr 19, 2026, 9:24 PM","","Seated Cable Row - Bar Grip",,"",1,"normal",92.5,12,,,
"Pull","Apr 19, 2026, 7:39 PM","Apr 19, 2026, 9:24 PM","","Seated Cable Row - Bar Grip",,"",2,"normal",92.5,12,,,
"Pull","Apr 19, 2026, 7:39 PM","Apr 19, 2026, 9:24 PM","","Seated Cable Row - Bar Grip",,"",3,"normal",92.5,12,,,
"Pull","Apr 19, 2026, 7:39 PM","Apr 19, 2026, 9:24 PM","","Reverse Fly Single Arm (Cable)",,"",0,"normal",22.5,15,,,
"Pull","Apr 19, 2026, 7:39 PM","Apr 19, 2026, 9:24 PM","","Reverse Fly Single Arm (Cable)",,"",1,"normal",25,15,,,
"Pull","Apr 19, 2026, 7:39 PM","Apr 19, 2026, 9:24 PM","","Seated Palms Up Wrist Curl",,"",0,"normal",20,12,,,
"Pull","Apr 19, 2026, 7:39 PM","Apr 19, 2026, 9:24 PM","","Seated Palms Up Wrist Curl",,"",1,"normal",20,12,,,
"Pull","Apr 19, 2026, 7:39 PM","Apr 19, 2026, 9:24 PM","","Seated Wrist Extension (Barbell)",,"",0,"normal",16,17,,,
"Pull","Apr 19, 2026, 7:39 PM","Apr 19, 2026, 9:24 PM","","Seated Wrist Extension (Barbell)",,"",1,"normal",16,16,,,
"Pull","Apr 19, 2026, 7:39 PM","Apr 19, 2026, 9:24 PM","","Rope Straight Arm Pulldown",,"",0,"normal",40,13,,,
"Pull","Apr 19, 2026, 7:39 PM","Apr 19, 2026, 9:24 PM","","Rope Straight Arm Pulldown",,"",1,"normal",42.5,12,,,
"Pull","Apr 19, 2026, 7:39 PM","Apr 19, 2026, 9:24 PM","","Rope Straight Arm Pulldown",,"",2,"normal",42.5,11,,,
"Pull","Apr 19, 2026, 7:39 PM","Apr 19, 2026, 9:24 PM","","Bicep Curl (Dumbbell)",,"",0,"normal",20,9,,,
"Pull","Apr 19, 2026, 7:39 PM","Apr 19, 2026, 9:24 PM","","Bicep Curl (Dumbbell)",,"",1,"normal",20,8,,,
"Pull","Apr 19, 2026, 7:39 PM","Apr 19, 2026, 9:24 PM","","Bicep Curl (Dumbbell)",,"",2,"normal",20,8,,,
"Push","Apr 17, 2026, 9:52 AM","Apr 17, 2026, 11:17 AM","I threw up at the start. Too much pre on an empty stomach","Bench Press (Barbell)",,"",0,"warmup",60,12,,,
"Push","Apr 17, 2026, 9:52 AM","Apr 17, 2026, 11:17 AM","I threw up at the start. Too much pre on an empty stomach","Bench Press (Barbell)",,"",1,"normal",85,10,,,
"Push","Apr 17, 2026, 9:52 AM","Apr 17, 2026, 11:17 AM","I threw up at the start. Too much pre on an empty stomach","Bench Press (Barbell)",,"",2,"normal",80,12,,,
"Push","Apr 17, 2026, 9:52 AM","Apr 17, 2026, 11:17 AM","I threw up at the start. Too much pre on an empty stomach","Incline Bench Press (Smith Machine)",,"",0,"normal",45.5,12,,,
"Push","Apr 17, 2026, 9:52 AM","Apr 17, 2026, 11:17 AM","I threw up at the start. Too much pre on an empty stomach","Incline Bench Press (Smith Machine)",,"",1,"normal",65.5,7,,,
"Push","Apr 17, 2026, 9:52 AM","Apr 17, 2026, 11:17 AM","I threw up at the start. Too much pre on an empty stomach","Incline Bench Press (Smith Machine)",,"",2,"normal",55.5,12,,,
"Push","Apr 17, 2026, 9:52 AM","Apr 17, 2026, 11:17 AM","I threw up at the start. Too much pre on an empty stomach","Triceps Pushdown",,"",0,"normal",47.5,7,,,
"Push","Apr 17, 2026, 9:52 AM","Apr 17, 2026, 11:17 AM","I threw up at the start. Too much pre on an empty stomach","Triceps Pushdown",,"",1,"normal",45,9,,,
"Push","Apr 17, 2026, 9:52 AM","Apr 17, 2026, 11:17 AM","I threw up at the start. Too much pre on an empty stomach","Single Arm Triceps Pushdown (Cable)",,"",0,"normal",20,7,,,
"Push","Apr 17, 2026, 9:52 AM","Apr 17, 2026, 11:17 AM","I threw up at the start. Too much pre on an empty stomach","Single Arm Triceps Pushdown (Cable)",,"",1,"normal",17.5,10,,,
"Push","Apr 17, 2026, 9:52 AM","Apr 17, 2026, 11:17 AM","I threw up at the start. Too much pre on an empty stomach","Lateral Raise (Cable)",,"",0,"normal",10,10,,,
"Push","Apr 17, 2026, 9:52 AM","Apr 17, 2026, 11:17 AM","I threw up at the start. Too much pre on an empty stomach","Lateral Raise (Cable)",,"",1,"normal",10,12,,,
"Push","Apr 17, 2026, 9:52 AM","Apr 17, 2026, 11:17 AM","I threw up at the start. Too much pre on an empty stomach","Lateral Raise (Cable)",,"",2,"normal",10,9,,,
"Push","Apr 17, 2026, 9:52 AM","Apr 17, 2026, 11:17 AM","I threw up at the start. Too much pre on an empty stomach","Chest Fly (Machine)",,"",0,"normal",82,12,,,
"Push","Apr 17, 2026, 9:52 AM","Apr 17, 2026, 11:17 AM","I threw up at the start. Too much pre on an empty stomach","Chest Fly (Machine)",,"",1,"normal",82,10,,,
"Push","Apr 17, 2026, 9:52 AM","Apr 17, 2026, 11:17 AM","I threw up at the start. Too much pre on an empty stomach","Chest Fly (Machine)",,"",2,"normal",82,12,,,
"Lower","Apr 16, 2026, 7:43 PM","Apr 16, 2026, 8:41 PM","Idk how long my hammies are gonna be cooked for but it doesnt stop me from getting a good leg day and good stretch","Standing Calf Raise (Machine)",,"",0,"normal",250,12,,,
"Lower","Apr 16, 2026, 7:43 PM","Apr 16, 2026, 8:41 PM","Idk how long my hammies are gonna be cooked for but it doesnt stop me from getting a good leg day and good stretch","Standing Calf Raise (Machine)",,"",1,"normal",250,12,,,
"Lower","Apr 16, 2026, 7:43 PM","Apr 16, 2026, 8:41 PM","Idk how long my hammies are gonna be cooked for but it doesnt stop me from getting a good leg day and good stretch","Leg Press (Machine)",,"",0,"warmup",60,20,,,
"Lower","Apr 16, 2026, 7:43 PM","Apr 16, 2026, 8:41 PM","Idk how long my hammies are gonna be cooked for but it doesnt stop me from getting a good leg day and good stretch","Leg Press (Machine)",,"",1,"warmup",140,10,,,
"Lower","Apr 16, 2026, 7:43 PM","Apr 16, 2026, 8:41 PM","Idk how long my hammies are gonna be cooked for but it doesnt stop me from getting a good leg day and good stretch","Leg Press (Machine)",,"",2,"normal",250,13,,,
"Lower","Apr 16, 2026, 7:43 PM","Apr 16, 2026, 8:41 PM","Idk how long my hammies are gonna be cooked for but it doesnt stop me from getting a good leg day and good stretch","Leg Press (Machine)",,"",3,"normal",250,13,,,
"Lower","Apr 16, 2026, 7:43 PM","Apr 16, 2026, 8:41 PM","Idk how long my hammies are gonna be cooked for but it doesnt stop me from getting a good leg day and good stretch","Leg Extension (Machine)",,"",0,"normal",105,14,,,
"Lower","Apr 16, 2026, 7:43 PM","Apr 16, 2026, 8:41 PM","Idk how long my hammies are gonna be cooked for but it doesnt stop me from getting a good leg day and good stretch","Leg Extension (Machine)",,"",1,"normal",109,12,,,
"Lower","Apr 16, 2026, 7:43 PM","Apr 16, 2026, 8:41 PM","Idk how long my hammies are gonna be cooked for but it doesnt stop me from getting a good leg day and good stretch","Leg Extension (Machine)",,"",2,"normal",109,12,,,
"Lower","Apr 16, 2026, 7:43 PM","Apr 16, 2026, 8:41 PM","Idk how long my hammies are gonna be cooked for but it doesnt stop me from getting a good leg day and good stretch","Hip Abduction (Machine)",,"",0,"normal",91,25,,,
"Lower","Apr 16, 2026, 7:43 PM","Apr 16, 2026, 8:41 PM","Idk how long my hammies are gonna be cooked for but it doesnt stop me from getting a good leg day and good stretch","Hip Abduction (Machine)",,"",1,"normal",91,25,,,
"Lower","Apr 16, 2026, 7:43 PM","Apr 16, 2026, 8:41 PM","Idk how long my hammies are gonna be cooked for but it doesnt stop me from getting a good leg day and good stretch","Hip Abduction (Machine)",,"",2,"normal",91,25,,,
"Lower","Apr 16, 2026, 7:43 PM","Apr 16, 2026, 8:41 PM","Idk how long my hammies are gonna be cooked for but it doesnt stop me from getting a good leg day and good stretch","Crunch (Machine)",,"",0,"normal",73,12,,,
"Lower","Apr 16, 2026, 7:43 PM","Apr 16, 2026, 8:41 PM","Idk how long my hammies are gonna be cooked for but it doesnt stop me from getting a good leg day and good stretch","Crunch (Machine)",,"",1,"normal",77,12,,,
"Lower","Apr 16, 2026, 7:43 PM","Apr 16, 2026, 8:41 PM","Idk how long my hammies are gonna be cooked for but it doesnt stop me from getting a good leg day and good stretch","Crunch (Machine)",,"",2,"normal",77,12,,,
"Lower","Apr 16, 2026, 7:43 PM","Apr 16, 2026, 8:41 PM","Idk how long my hammies are gonna be cooked for but it doesnt stop me from getting a good leg day and good stretch","Hip Adduction (Machine)",,"",0,"normal",73,15,,,
"Lower","Apr 16, 2026, 7:43 PM","Apr 16, 2026, 8:41 PM","Idk how long my hammies are gonna be cooked for but it doesnt stop me from getting a good leg day and good stretch","Hip Adduction (Machine)",,"",1,"normal",82,9,,,
"Lower","Apr 16, 2026, 7:43 PM","Apr 16, 2026, 8:41 PM","Idk how long my hammies are gonna be cooked for but it doesnt stop me from getting a good leg day and good stretch","Hip Adduction (Machine)",,"",2,"normal",82,7,,,
"Pull","Apr 15, 2026, 6:00 PM","Apr 15, 2026, 6:52 PM","Quick one nothing special","Lat Pulldown (Cable)",,"",0,"warmup",45,12,,,
"Pull","Apr 15, 2026, 6:00 PM","Apr 15, 2026, 6:52 PM","Quick one nothing special","Lat Pulldown (Cable)",,"",1,"warmup",70,6,,,
"Pull","Apr 15, 2026, 6:00 PM","Apr 15, 2026, 6:52 PM","Quick one nothing special","Lat Pulldown (Cable)",,"",2,"normal",100,9,,,
"Pull","Apr 15, 2026, 6:00 PM","Apr 15, 2026, 6:52 PM","Quick one nothing special","Lat Pulldown (Cable)",,"",3,"normal",100,7,,,
"Pull","Apr 15, 2026, 6:00 PM","Apr 15, 2026, 6:52 PM","Quick one nothing special","Lat Pulldown (Cable)",,"",4,"normal",90,10,,,
"Pull","Apr 15, 2026, 6:00 PM","Apr 15, 2026, 6:52 PM","Quick one nothing special","Seated Cable Row - Bar Grip",,"",0,"warmup",45,12,,,
"Pull","Apr 15, 2026, 6:00 PM","Apr 15, 2026, 6:52 PM","Quick one nothing special","Seated Cable Row - Bar Grip",,"",1,"normal",92.5,11,,,
"Pull","Apr 15, 2026, 6:00 PM","Apr 15, 2026, 6:52 PM","Quick one nothing special","Seated Cable Row - Bar Grip",,"",2,"normal",92.5,9,,,
"Pull","Apr 15, 2026, 6:00 PM","Apr 15, 2026, 6:52 PM","Quick one nothing special","Seated Cable Row - Bar Grip",,"",3,"normal",92.5,8,,,
"Pull","Apr 15, 2026, 6:00 PM","Apr 15, 2026, 6:52 PM","Quick one nothing special","Hammer Curl (Dumbbell)",,"",0,"normal",22,12,,,
"Pull","Apr 15, 2026, 6:00 PM","Apr 15, 2026, 6:52 PM","Quick one nothing special","Hammer Curl (Dumbbell)",,"",1,"normal",22,12,,,
"Pull","Apr 15, 2026, 6:00 PM","Apr 15, 2026, 6:52 PM","Quick one nothing special","Hammer Curl (Dumbbell)",,"",2,"normal",22,11,,,
"Pull","Apr 15, 2026, 6:00 PM","Apr 15, 2026, 6:52 PM","Quick one nothing special","Rope Straight Arm Pulldown",,"",0,"normal",40,13,,,
"Pull","Apr 15, 2026, 6:00 PM","Apr 15, 2026, 6:52 PM","Quick one nothing special","Rope Straight Arm Pulldown",,"",1,"normal",42.5,9,,,
"Pull","Apr 15, 2026, 6:00 PM","Apr 15, 2026, 6:52 PM","Quick one nothing special","Rope Straight Arm Pulldown",,"",2,"normal",42.5,8,,,
"Push","Apr 14, 2026, 12:53 PM","Apr 14, 2026, 2:23 PM","Chest 😁","Bench Press (Barbell)",,"",0,"warmup",60,12,,,
"Push","Apr 14, 2026, 12:53 PM","Apr 14, 2026, 2:23 PM","Chest 😁","Bench Press (Barbell)",,"",1,"normal",85,10,,,
"Push","Apr 14, 2026, 12:53 PM","Apr 14, 2026, 2:23 PM","Chest 😁","Bench Press (Barbell)",,"",2,"normal",85,8,,,
"Push","Apr 14, 2026, 12:53 PM","Apr 14, 2026, 2:23 PM","Chest 😁","Bench Press (Barbell)",,"",3,"normal",85,6,,,
"Push","Apr 14, 2026, 12:53 PM","Apr 14, 2026, 2:23 PM","Chest 😁","Incline Bench Press (Smith Machine)",,"",0,"normal",65.5,6,,,
"Push","Apr 14, 2026, 12:53 PM","Apr 14, 2026, 2:23 PM","Chest 😁","Incline Bench Press (Smith Machine)",,"",1,"normal",65.5,8,,,
"Push","Apr 14, 2026, 12:53 PM","Apr 14, 2026, 2:23 PM","Chest 😁","Incline Bench Press (Smith Machine)",,"",2,"normal",65.5,7,,,
"Push","Apr 14, 2026, 12:53 PM","Apr 14, 2026, 2:23 PM","Chest 😁","Triceps Pushdown",,"",0,"normal",45,10,,,
"Push","Apr 14, 2026, 12:53 PM","Apr 14, 2026, 2:23 PM","Chest 😁","Triceps Pushdown",,"",1,"normal",45,9,,,
"Push","Apr 14, 2026, 12:53 PM","Apr 14, 2026, 2:23 PM","Chest 😁","Single Arm Triceps Pushdown (Cable)",,"",0,"normal",20,10,,,
"Push","Apr 14, 2026, 12:53 PM","Apr 14, 2026, 2:23 PM","Chest 😁","Single Arm Triceps Pushdown (Cable)",,"",1,"normal",20,9,,,
"Push","Apr 14, 2026, 12:53 PM","Apr 14, 2026, 2:23 PM","Chest 😁","Lateral Raise (Cable)",,"",0,"normal",10,13,,,
"Push","Apr 14, 2026, 12:53 PM","Apr 14, 2026, 2:23 PM","Chest 😁","Lateral Raise (Cable)",,"",1,"normal",10,12,,,
"Push","Apr 14, 2026, 12:53 PM","Apr 14, 2026, 2:23 PM","Chest 😁","Lateral Raise (Cable)",,"",2,"normal",10,12,,,
"Push","Apr 14, 2026, 12:53 PM","Apr 14, 2026, 2:23 PM","Chest 😁","Chest Fly (Machine)",,"",0,"normal",82.5,12,,,
"Push","Apr 14, 2026, 12:53 PM","Apr 14, 2026, 2:23 PM","Chest 😁","Chest Fly (Machine)",,"",1,"normal",82.5,10,,,
"Push","Apr 14, 2026, 12:53 PM","Apr 14, 2026, 2:23 PM","Chest 😁","Chest Fly (Machine)",,"",2,"normal",82.5,10,,,
"Lower","Apr 12, 2026, 9:46 PM","Apr 12, 2026, 11:14 PM","","Standing Calf Raise (Machine)",,"",0,"warmup",140,14,,,
"Lower","Apr 12, 2026, 9:46 PM","Apr 12, 2026, 11:14 PM","","Standing Calf Raise (Machine)",,"",1,"normal",240,14,,,
"Lower","Apr 12, 2026, 9:46 PM","Apr 12, 2026, 11:14 PM","","Standing Calf Raise (Machine)",,"",2,"normal",240,14,,,
"Lower","Apr 12, 2026, 9:46 PM","Apr 12, 2026, 11:14 PM","","Leg Press (Machine)",,"",0,"warmup",60,20,,,
"Lower","Apr 12, 2026, 9:46 PM","Apr 12, 2026, 11:14 PM","","Leg Press (Machine)",,"",1,"warmup",140,12,,,
"Lower","Apr 12, 2026, 9:46 PM","Apr 12, 2026, 11:14 PM","","Leg Press (Machine)",,"",2,"normal",240,12,,,
"Lower","Apr 12, 2026, 9:46 PM","Apr 12, 2026, 11:14 PM","","Leg Press (Machine)",,"",3,"normal",240,14,,,
"Lower","Apr 12, 2026, 9:46 PM","Apr 12, 2026, 11:14 PM","","Hip Abduction (Machine)",,"",0,"normal",102.5,20,,,
"Lower","Apr 12, 2026, 9:46 PM","Apr 12, 2026, 11:14 PM","","Hip Abduction (Machine)",,"",1,"normal",102.5,25,,,
"Lower","Apr 12, 2026, 9:46 PM","Apr 12, 2026, 11:14 PM","","Hip Abduction (Machine)",,"",0,"normal",102.5,20,,,
"Lower","Apr 12, 2026, 9:46 PM","Apr 12, 2026, 11:14 PM","","Hip Abduction (Machine)",,"",1,"normal",102.5,25,,,
"Lower","Apr 12, 2026, 9:46 PM","Apr 12, 2026, 11:14 PM","","Rowing Machine",,"",0,"normal",,,2,600,
"Pull","Apr 11, 2026, 9:42 PM","Apr 11, 2026, 10:56 PM","Pretty decent back day","Lat Pulldown (Cable)",,"",0,"warmup",45,12,,,
"Pull","Apr 11, 2026, 9:42 PM","Apr 11, 2026, 10:56 PM","Pretty decent back day","Lat Pulldown (Cable)",,"",1,"normal",100,9,,,
"Pull","Apr 11, 2026, 9:42 PM","Apr 11, 2026, 10:56 PM","Pretty decent back day","Lat Pulldown (Cable)",,"",2,"normal",100,8,,,
"Pull","Apr 11, 2026, 9:42 PM","Apr 11, 2026, 10:56 PM","Pretty decent back day","Lat Pulldown (Cable)",,"",3,"normal",100,7,,,
"Pull","Apr 11, 2026, 9:42 PM","Apr 11, 2026, 10:56 PM","Pretty decent back day","Seated Cable Row - Bar Grip",,"Slipped out my hands in the last set",0,"normal",92.5,10,,,
"Pull","Apr 11, 2026, 9:42 PM","Apr 11, 2026, 10:56 PM","Pretty decent back day","Seated Cable Row - Bar Grip",,"Slipped out my hands in the last set",1,"normal",92.5,9,,,
"Pull","Apr 11, 2026, 9:42 PM","Apr 11, 2026, 10:56 PM","Pretty decent back day","Seated Cable Row - Bar Grip",,"Slipped out my hands in the last set",2,"normal",92.5,7,,,
"Pull","Apr 11, 2026, 9:42 PM","Apr 11, 2026, 10:56 PM","Pretty decent back day","Rope Straight Arm Pulldown",,"",0,"normal",40,12,,,
"Pull","Apr 11, 2026, 9:42 PM","Apr 11, 2026, 10:56 PM","Pretty decent back day","Rope Straight Arm Pulldown",,"",1,"normal",40,10,,,
"Pull","Apr 11, 2026, 9:42 PM","Apr 11, 2026, 10:56 PM","Pretty decent back day","Rope Straight Arm Pulldown",,"",2,"normal",40,10,,,
"Pull","Apr 11, 2026, 9:42 PM","Apr 11, 2026, 10:56 PM","Pretty decent back day","Bicep Curl (Dumbbell)",,"",0,"normal",20,9,,,
"Pull","Apr 11, 2026, 9:42 PM","Apr 11, 2026, 10:56 PM","Pretty decent back day","Bicep Curl (Dumbbell)",,"",1,"normal",20,7,,,
"Pull","Apr 11, 2026, 9:42 PM","Apr 11, 2026, 10:56 PM","Pretty decent back day","Bicep Curl (Dumbbell)",,"",2,"normal",20,7,,,
"Pull","Apr 11, 2026, 9:42 PM","Apr 11, 2026, 10:56 PM","Pretty decent back day","Spinning",,"",0,"normal",,,,1794,
"Push","Apr 10, 2026, 1:44 PM","Apr 10, 2026, 2:50 PM","Had to finish a little early to let some contractors in to our apartment cause a pipe burst this morning 😭","Bench Press (Barbell)",,"",0,"warmup",60,12,,,
"Push","Apr 10, 2026, 1:44 PM","Apr 10, 2026, 2:50 PM","Had to finish a little early to let some contractors in to our apartment cause a pipe burst this morning 😭","Bench Press (Barbell)",,"",1,"normal",82.5,9,,,
"Push","Apr 10, 2026, 1:44 PM","Apr 10, 2026, 2:50 PM","Had to finish a little early to let some contractors in to our apartment cause a pipe burst this morning 😭","Bench Press (Barbell)",,"",2,"normal",82.5,8,,,
"Push","Apr 10, 2026, 1:44 PM","Apr 10, 2026, 2:50 PM","Had to finish a little early to let some contractors in to our apartment cause a pipe burst this morning 😭","Bench Press (Barbell)",,"",3,"normal",82.5,7,,,
"Push","Apr 10, 2026, 1:44 PM","Apr 10, 2026, 2:50 PM","Had to finish a little early to let some contractors in to our apartment cause a pipe burst this morning 😭","Chest Press (Machine)",,"Different machine feels like twice as heavy",0,"normal",60,12,,,
"Push","Apr 10, 2026, 1:44 PM","Apr 10, 2026, 2:50 PM","Had to finish a little early to let some contractors in to our apartment cause a pipe burst this morning 😭","Chest Press (Machine)",,"Different machine feels like twice as heavy",1,"normal",70,12,,,
"Push","Apr 10, 2026, 1:44 PM","Apr 10, 2026, 2:50 PM","Had to finish a little early to let some contractors in to our apartment cause a pipe burst this morning 😭","Chest Press (Machine)",,"Different machine feels like twice as heavy",2,"normal",75,6,,,
"Push","Apr 10, 2026, 1:44 PM","Apr 10, 2026, 2:50 PM","Had to finish a little early to let some contractors in to our apartment cause a pipe burst this morning 😭","Single Arm Triceps Pushdown (Cable)",,"",0,"normal",17,13,,,
"Push","Apr 10, 2026, 1:44 PM","Apr 10, 2026, 2:50 PM","Had to finish a little early to let some contractors in to our apartment cause a pipe burst this morning 😭","Lateral Raise (Cable)",,"",0,"normal",10,13,,,
"Push","Apr 10, 2026, 1:44 PM","Apr 10, 2026, 2:50 PM","Had to finish a little early to let some contractors in to our apartment cause a pipe burst this morning 😭","Lateral Raise (Cable)",,"",1,"normal",10,12,,,
"Push","Apr 10, 2026, 1:44 PM","Apr 10, 2026, 2:50 PM","Had to finish a little early to let some contractors in to our apartment cause a pipe burst this morning 😭","Lateral Raise (Cable)",,"",2,"normal",10,12,,,
"Push","Apr 10, 2026, 1:44 PM","Apr 10, 2026, 2:50 PM","Had to finish a little early to let some contractors in to our apartment cause a pipe burst this morning 😭","Chest Fly (Machine)",,"",0,"normal",85,10,,,
"Push","Apr 10, 2026, 1:44 PM","Apr 10, 2026, 2:50 PM","Had to finish a little early to let some contractors in to our apartment cause a pipe burst this morning 😭","Chest Fly (Machine)",,"",1,"normal",85,9,,,
"Push","Apr 10, 2026, 1:44 PM","Apr 10, 2026, 2:50 PM","Had to finish a little early to let some contractors in to our apartment cause a pipe burst this morning 😭","Chest Fly (Machine)",,"",2,"normal",80,12,,,
"Lower","Apr 8, 2026, 10:00 PM","Apr 8, 2026, 11:19 PM","Good workout sore hammies from rowing so quad focus","Standing Calf Raise (Machine)",,"",0,"normal",220,12,,,
"Lower","Apr 8, 2026, 10:00 PM","Apr 8, 2026, 11:19 PM","Good workout sore hammies from rowing so quad focus","Standing Calf Raise (Machine)",,"",1,"normal",240,12,,,
"Lower","Apr 8, 2026, 10:00 PM","Apr 8, 2026, 11:19 PM","Good workout sore hammies from rowing so quad focus","Leg Press (Machine)",,"",0,"warmup",60,24,,,
"Lower","Apr 8, 2026, 10:00 PM","Apr 8, 2026, 11:19 PM","Good workout sore hammies from rowing so quad focus","Leg Press (Machine)",,"",1,"normal",220,12,,,
"Lower","Apr 8, 2026, 10:00 PM","Apr 8, 2026, 11:19 PM","Good workout sore hammies from rowing so quad focus","Leg Press (Machine)",,"",2,"normal",220,16,,,
"Lower","Apr 8, 2026, 10:00 PM","Apr 8, 2026, 11:19 PM","Good workout sore hammies from rowing so quad focus","Leg Press (Machine)",,"",3,"normal",240,12,,,
"Lower","Apr 8, 2026, 10:00 PM","Apr 8, 2026, 11:19 PM","Good workout sore hammies from rowing so quad focus","Leg Extension (Machine)",,"",0,"normal",105,12,,,
"Lower","Apr 8, 2026, 10:00 PM","Apr 8, 2026, 11:19 PM","Good workout sore hammies from rowing so quad focus","Leg Extension (Machine)",,"",1,"normal",105,12,,,
"Lower","Apr 8, 2026, 10:00 PM","Apr 8, 2026, 11:19 PM","Good workout sore hammies from rowing so quad focus","Crunch (Machine)",,"",0,"normal",40,16,,,
"Lower","Apr 8, 2026, 10:00 PM","Apr 8, 2026, 11:19 PM","Good workout sore hammies from rowing so quad focus","Crunch (Machine)",,"",1,"normal",45,12,,,
"Lower","Apr 8, 2026, 10:00 PM","Apr 8, 2026, 11:19 PM","Good workout sore hammies from rowing so quad focus","Crunch (Machine)",,"",2,"normal",45,12,,,
"Lower","Apr 8, 2026, 10:00 PM","Apr 8, 2026, 11:19 PM","Good workout sore hammies from rowing so quad focus","Hip Thrust (Machine)",,"Hammies still not right after rowing",0,"normal",168,11,,,
"Pull","Apr 7, 2026, 9:37 PM","Apr 7, 2026, 10:31 PM","Cheeky back day and enormous arm pump","Lat Pulldown (Cable)",,"",0,"warmup",42.5,12,,,
"Pull","Apr 7, 2026, 9:37 PM","Apr 7, 2026, 10:31 PM","Cheeky back day and enormous arm pump","Lat Pulldown (Cable)",,"",1,"normal",100,8,,,
"Pull","Apr 7, 2026, 9:37 PM","Apr 7, 2026, 10:31 PM","Cheeky back day and enormous arm pump","Lat Pulldown (Cable)",,"",2,"normal",100,7,,,
"Pull","Apr 7, 2026, 9:37 PM","Apr 7, 2026, 10:31 PM","Cheeky back day and enormous arm pump","Lat Pulldown (Cable)",,"",3,"normal",92.5,9,,,
"Pull","Apr 7, 2026, 9:37 PM","Apr 7, 2026, 10:31 PM","Cheeky back day and enormous arm pump","Seated Cable Row - Bar Grip",,"",0,"normal",92.5,9,,,
"Pull","Apr 7, 2026, 9:37 PM","Apr 7, 2026, 10:31 PM","Cheeky back day and enormous arm pump","Seated Cable Row - Bar Grip",,"",1,"normal",92.5,11,,,
"Pull","Apr 7, 2026, 9:37 PM","Apr 7, 2026, 10:31 PM","Cheeky back day and enormous arm pump","Reverse Fly Single Arm (Cable)",,"",0,"normal",22.5,13,,,
"Pull","Apr 7, 2026, 9:37 PM","Apr 7, 2026, 10:31 PM","Cheeky back day and enormous arm pump","Reverse Fly Single Arm (Cable)",,"",1,"normal",22.5,14,,,
"Pull","Apr 7, 2026, 9:37 PM","Apr 7, 2026, 10:31 PM","Cheeky back day and enormous arm pump","Reverse Fly Single Arm (Cable)",,"",2,"normal",22.5,15,,,
"Pull","Apr 7, 2026, 9:37 PM","Apr 7, 2026, 10:31 PM","Cheeky back day and enormous arm pump","Hammer Curl (Dumbbell)",,"",0,"normal",20,14,,,
"Pull","Apr 7, 2026, 9:37 PM","Apr 7, 2026, 10:31 PM","Cheeky back day and enormous arm pump","Hammer Curl (Dumbbell)",,"",1,"normal",20,14,,,
"Pull","Apr 7, 2026, 9:37 PM","Apr 7, 2026, 10:31 PM","Cheeky back day and enormous arm pump","Preacher Curl (Dumbbell)",,"",0,"normal",18,12,,,
"Pull","Apr 7, 2026, 9:37 PM","Apr 7, 2026, 10:31 PM","Cheeky back day and enormous arm pump","Preacher Curl (Dumbbell)",,"",1,"normal",18,12,,,
"Push","Apr 6, 2026, 8:07 PM","Apr 6, 2026, 9:10 PM","Back at it after uni champs and we are good","Chest Press (Machine)",,"",0,"normal",105,12,,,
"Push","Apr 6, 2026, 8:07 PM","Apr 6, 2026, 9:10 PM","Back at it after uni champs and we are good","Chest Press (Machine)",,"",1,"normal",111,8,,,
"Push","Apr 6, 2026, 8:07 PM","Apr 6, 2026, 9:10 PM","Back at it after uni champs and we are good","Chest Press (Machine)",,"",2,"normal",111,10,,,
"Push","Apr 6, 2026, 8:07 PM","Apr 6, 2026, 9:10 PM","Back at it after uni champs and we are good","Incline Bench Press (Smith Machine)",,"",0,"warmup",45.5,12,,,
"Push","Apr 6, 2026, 8:07 PM","Apr 6, 2026, 9:10 PM","Back at it after uni champs and we are good","Incline Bench Press (Smith Machine)",,"",1,"normal",65.5,12,,,
"Push","Apr 6, 2026, 8:07 PM","Apr 6, 2026, 9:10 PM","Back at it after uni champs and we are good","Incline Bench Press (Smith Machine)",,"",2,"normal",65.5,8,,,
"Push","Apr 6, 2026, 8:07 PM","Apr 6, 2026, 9:10 PM","Back at it after uni champs and we are good","Lateral Raise (Machine)",,"",0,"normal",40,8,,,
"Push","Apr 6, 2026, 8:07 PM","Apr 6, 2026, 9:10 PM","Back at it after uni champs and we are good","Lateral Raise (Machine)",,"",1,"normal",40,8,,,
"Push","Apr 6, 2026, 8:07 PM","Apr 6, 2026, 9:10 PM","Back at it after uni champs and we are good","Lateral Raise (Machine)",,"",2,"normal",37.5,11,,,
"Push","Apr 6, 2026, 8:07 PM","Apr 6, 2026, 9:10 PM","Back at it after uni champs and we are good","Triceps Pushdown",,"",0,"normal",45,12,,,
"Push","Apr 6, 2026, 8:07 PM","Apr 6, 2026, 9:10 PM","Back at it after uni champs and we are good","Triceps Pushdown",,"",1,"normal",47.5,7,,,
"Push","Apr 6, 2026, 8:07 PM","Apr 6, 2026, 9:10 PM","Back at it after uni champs and we are good","Single Arm Triceps Pushdown (Cable)",,"",0,"normal",17,11,,,
"Push","Apr 6, 2026, 8:07 PM","Apr 6, 2026, 9:10 PM","Back at it after uni champs and we are good","Single Arm Triceps Pushdown (Cable)",,"",1,"normal",17,12,,,
"Push","Mar 31, 2026, 9:04 PM","Mar 31, 2026, 10:05 PM","Done felt good","Chest Press (Machine)",,"",0,"normal",100,13,,,
"Push","Mar 31, 2026, 9:04 PM","Mar 31, 2026, 10:05 PM","Done felt good","Chest Press (Machine)",,"",1,"normal",106,8,,,
"Push","Mar 31, 2026, 9:04 PM","Mar 31, 2026, 10:05 PM","Done felt good","Chest Press (Machine)",,"",2,"normal",106,9,,,
"Push","Mar 31, 2026, 9:04 PM","Mar 31, 2026, 10:05 PM","Done felt good","Lateral Raise (Machine)",,"",0,"normal",41,14,,,
"Push","Mar 31, 2026, 9:04 PM","Mar 31, 2026, 10:05 PM","Done felt good","Lateral Raise (Machine)",,"",1,"normal",41,13,,,
"Push","Mar 31, 2026, 9:04 PM","Mar 31, 2026, 10:05 PM","Done felt good","Lateral Raise (Machine)",,"",2,"normal",41,13,,,
"Push","Mar 31, 2026, 9:04 PM","Mar 31, 2026, 10:05 PM","Done felt good","Triceps Pushdown",,"",0,"normal",45,11,,,
"Push","Mar 31, 2026, 9:04 PM","Mar 31, 2026, 10:05 PM","Done felt good","Triceps Pushdown",,"",1,"normal",42.5,12,,,
"Push","Mar 31, 2026, 9:04 PM","Mar 31, 2026, 10:05 PM","Done felt good","Single Arm Triceps Pushdown (Cable)",,"",0,"normal",17,10,,,
"Push","Mar 31, 2026, 9:04 PM","Mar 31, 2026, 10:05 PM","Done felt good","Single Arm Triceps Pushdown (Cable)",,"",1,"normal",17,10,,,
"Push","Mar 31, 2026, 9:04 PM","Mar 31, 2026, 10:05 PM","Done felt good","Incline Bench Press (Dumbbell)",,"",0,"warmup",20,12,,,
"Push","Mar 31, 2026, 9:04 PM","Mar 31, 2026, 10:05 PM","Done felt good","Incline Bench Press (Dumbbell)",,"",1,"normal",34,10,,,
"Push","Mar 31, 2026, 9:04 PM","Mar 31, 2026, 10:05 PM","Done felt good","Incline Bench Press (Dumbbell)",,"",2,"normal",34,8,,,
"Lower","Mar 30, 2026, 7:15 PM","Mar 30, 2026, 8:29 PM","Cheeky leg day. Gonna take it easy from now till uni champs","Standing Calf Raise (Machine)",,"",0,"normal",150,16,,,
"Lower","Mar 30, 2026, 7:15 PM","Mar 30, 2026, 8:29 PM","Cheeky leg day. Gonna take it easy from now till uni champs","Standing Calf Raise (Machine)",,"",1,"normal",205,12,,,
"Lower","Mar 30, 2026, 7:15 PM","Mar 30, 2026, 8:29 PM","Cheeky leg day. Gonna take it easy from now till uni champs","Squat (Barbell)",,"",0,"warmup",60,12,,,
"Lower","Mar 30, 2026, 7:15 PM","Mar 30, 2026, 8:29 PM","Cheeky leg day. Gonna take it easy from now till uni champs","Squat (Barbell)",,"",1,"normal",70,20,,,
"Lower","Mar 30, 2026, 7:15 PM","Mar 30, 2026, 8:29 PM","Cheeky leg day. Gonna take it easy from now till uni champs","Squat (Barbell)",,"",2,"normal",80,8,,,
"Lower","Mar 30, 2026, 7:15 PM","Mar 30, 2026, 8:29 PM","Cheeky leg day. Gonna take it easy from now till uni champs","Squat (Barbell)",,"",3,"normal",110,6,,,
"Lower","Mar 30, 2026, 7:15 PM","Mar 30, 2026, 8:29 PM","Cheeky leg day. Gonna take it easy from now till uni champs","Leg Extension (Machine)",,"",0,"normal",105,14,,,
"Lower","Mar 30, 2026, 7:15 PM","Mar 30, 2026, 8:29 PM","Cheeky leg day. Gonna take it easy from now till uni champs","Leg Extension (Machine)",,"",1,"normal",110,9,,,
"Lower","Mar 30, 2026, 7:15 PM","Mar 30, 2026, 8:29 PM","Cheeky leg day. Gonna take it easy from now till uni champs","Leg Extension (Machine)",,"",2,"normal",110,12,,,
"Lower","Mar 30, 2026, 7:15 PM","Mar 30, 2026, 8:29 PM","Cheeky leg day. Gonna take it easy from now till uni champs","Crunch (Machine)",,"",0,"normal",40,14,,,
"Lower","Mar 30, 2026, 7:15 PM","Mar 30, 2026, 8:29 PM","Cheeky leg day. Gonna take it easy from now till uni champs","Crunch (Machine)",,"",1,"normal",40,13,,,
"Lower","Mar 30, 2026, 7:15 PM","Mar 30, 2026, 8:29 PM","Cheeky leg day. Gonna take it easy from now till uni champs","Crunch (Machine)",,"",2,"normal",40,13,,,
"Lower","Mar 30, 2026, 7:15 PM","Mar 30, 2026, 8:29 PM","Cheeky leg day. Gonna take it easy from now till uni champs","Deadlift (Barbell)",,"",0,"warmup",60,12,,,
"Lower","Mar 30, 2026, 7:15 PM","Mar 30, 2026, 8:29 PM","Cheeky leg day. Gonna take it easy from now till uni champs","Deadlift (Barbell)",,"",1,"normal",90,12,,,
"Lower","Mar 30, 2026, 7:15 PM","Mar 30, 2026, 8:29 PM","Cheeky leg day. Gonna take it easy from now till uni champs","Deadlift (Barbell)",,"",2,"normal",140,9,,,
"Pull","Mar 29, 2026, 8:26 PM","Mar 29, 2026, 9:50 PM","Low volume back day with a warm up and erg and steady state erg at the end then a good stretch too felt very good 😁","Lat Pulldown (Cable)",,"",0,"warmup",42.5,12,,,
"Pull","Mar 29, 2026, 8:26 PM","Mar 29, 2026, 9:50 PM","Low volume back day with a warm up and erg and steady state erg at the end then a good stretch too felt very good 😁","Lat Pulldown (Cable)",,"",1,"normal",100,8,,,
"Pull","Mar 29, 2026, 8:26 PM","Mar 29, 2026, 9:50 PM","Low volume back day with a warm up and erg and steady state erg at the end then a good stretch too felt very good 😁","Lat Pulldown (Cable)",,"",2,"normal",100,7,,,
"Pull","Mar 29, 2026, 8:26 PM","Mar 29, 2026, 9:50 PM","Low volume back day with a warm up and erg and steady state erg at the end then a good stretch too felt very good 😁","Lat Pulldown (Cable)",,"",3,"normal",92.5,9,,,
"Pull","Mar 29, 2026, 8:26 PM","Mar 29, 2026, 9:50 PM","Low volume back day with a warm up and erg and steady state erg at the end then a good stretch too felt very good 😁","Seated Cable Row - Bar Grip",,"",0,"warmup",40,12,,,
"Pull","Mar 29, 2026, 8:26 PM","Mar 29, 2026, 9:50 PM","Low volume back day with a warm up and erg and steady state erg at the end then a good stretch too felt very good 😁","Seated Cable Row - Bar Grip",,"",1,"normal",100,9,,,
"Pull","Mar 29, 2026, 8:26 PM","Mar 29, 2026, 9:50 PM","Low volume back day with a warm up and erg and steady state erg at the end then a good stretch too felt very good 😁","Seated Cable Row - Bar Grip",,"",2,"normal",92.5,11,,,
"Pull","Mar 29, 2026, 8:26 PM","Mar 29, 2026, 9:50 PM","Low volume back day with a warm up and erg and steady state erg at the end then a good stretch too felt very good 😁","Seated Cable Row - Bar Grip",,"",3,"normal",92.5,10,,,
"Pull","Mar 29, 2026, 8:26 PM","Mar 29, 2026, 9:50 PM","Low volume back day with a warm up and erg and steady state erg at the end then a good stretch too felt very good 😁","Hammer Curl (Dumbbell)",,"",0,"normal",24,12,,,
"Pull","Mar 29, 2026, 8:26 PM","Mar 29, 2026, 9:50 PM","Low volume back day with a warm up and erg and steady state erg at the end then a good stretch too felt very good 😁","Hammer Curl (Dumbbell)",,"",1,"normal",20,12,,,
"Pull","Mar 29, 2026, 8:26 PM","Mar 29, 2026, 9:50 PM","Low volume back day with a warm up and erg and steady state erg at the end then a good stretch too felt very good 😁","Hammer Curl (Dumbbell)",,"",2,"normal",20,13,,,
"Pull","Mar 29, 2026, 8:26 PM","Mar 29, 2026, 9:50 PM","Low volume back day with a warm up and erg and steady state erg at the end then a good stretch too felt very good 😁","Rowing Machine",,"",0,"normal",,,1.6,300,
"Pull","Mar 29, 2026, 8:26 PM","Mar 29, 2026, 9:50 PM","Low volume back day with a warm up and erg and steady state erg at the end then a good stretch too felt very good 😁","Rowing Machine",,"",1,"normal",,,4.6,1200,
"Push","Mar 27, 2026, 9:55 PM","Mar 27, 2026, 10:45 PM","Literally running on fumes. No energy so lowered performance 🙁","Chest Press (Machine)",,"",0,"normal",105,6,,,
"Push","Mar 27, 2026, 9:55 PM","Mar 27, 2026, 10:45 PM","Literally running on fumes. No energy so lowered performance 🙁","Chest Press (Machine)",,"",1,"normal",91,9,,,
"Push","Mar 27, 2026, 9:55 PM","Mar 27, 2026, 10:45 PM","Literally running on fumes. No energy so lowered performance 🙁","Chest Press (Machine)",,"",2,"normal",91,6,,,
"Push","Mar 27, 2026, 9:55 PM","Mar 27, 2026, 10:45 PM","Literally running on fumes. No energy so lowered performance 🙁","Lateral Raise (Machine)",,"",0,"normal",35,13,,,
"Push","Mar 27, 2026, 9:55 PM","Mar 27, 2026, 10:45 PM","Literally running on fumes. No energy so lowered performance 🙁","Lateral Raise (Machine)",,"",1,"normal",35,12,,,
"Push","Mar 27, 2026, 9:55 PM","Mar 27, 2026, 10:45 PM","Literally running on fumes. No energy so lowered performance 🙁","Lateral Raise (Machine)",,"",2,"normal",35,12,,,
"Push","Mar 27, 2026, 9:55 PM","Mar 27, 2026, 10:45 PM","Literally running on fumes. No energy so lowered performance 🙁","Triceps Pushdown",,"",0,"normal",37.5,12,,,
"Push","Mar 27, 2026, 9:55 PM","Mar 27, 2026, 10:45 PM","Literally running on fumes. No energy so lowered performance 🙁","Triceps Pushdown",,"",1,"normal",37.5,11,,,
"Push","Mar 27, 2026, 9:55 PM","Mar 27, 2026, 10:45 PM","Literally running on fumes. No energy so lowered performance 🙁","Single Arm Triceps Pushdown (Cable)",,"",0,"normal",17,9,,,
"Push","Mar 27, 2026, 9:55 PM","Mar 27, 2026, 10:45 PM","Literally running on fumes. No energy so lowered performance 🙁","Single Arm Triceps Pushdown (Cable)",,"",1,"normal",17,8,,,
"Push","Mar 27, 2026, 9:55 PM","Mar 27, 2026, 10:45 PM","Literally running on fumes. No energy so lowered performance 🙁","Incline Bench Press (Dumbbell)",,"",0,"warmup",20,13,,,
"Push","Mar 27, 2026, 9:55 PM","Mar 27, 2026, 10:45 PM","Literally running on fumes. No energy so lowered performance 🙁","Incline Bench Press (Dumbbell)",,"",1,"normal",34,9,,,
"Push","Mar 27, 2026, 9:55 PM","Mar 27, 2026, 10:45 PM","Literally running on fumes. No energy so lowered performance 🙁","Incline Bench Press (Dumbbell)",,"",2,"normal",34,10,,,
"Push","Mar 27, 2026, 9:55 PM","Mar 27, 2026, 10:45 PM","Literally running on fumes. No energy so lowered performance 🙁","Incline Bench Press (Dumbbell)",,"",3,"normal",34,7,,,
"Pull","Mar 24, 2026, 7:48 PM","Mar 24, 2026, 9:09 PM","Lowkey out here injury maxing so imma focus on recovery","Lat Pulldown (Cable)",,"",0,"warmup",30,16,,,
"Pull","Mar 24, 2026, 7:48 PM","Mar 24, 2026, 9:09 PM","Lowkey out here injury maxing so imma focus on recovery","Lat Pulldown (Cable)",,"",1,"warmup",60,10,,,
"Pull","Mar 24, 2026, 7:48 PM","Mar 24, 2026, 9:09 PM","Lowkey out here injury maxing so imma focus on recovery","Lat Pulldown (Cable)",,"",2,"normal",100,8,,,
"Pull","Mar 24, 2026, 7:48 PM","Mar 24, 2026, 9:09 PM","Lowkey out here injury maxing so imma focus on recovery","Lat Pulldown (Cable)",,"",3,"normal",100,6,,,
"Pull","Mar 24, 2026, 7:48 PM","Mar 24, 2026, 9:09 PM","Lowkey out here injury maxing so imma focus on recovery","Lat Pulldown (Cable)",,"",4,"normal",90,10,,,
"Pull","Mar 24, 2026, 7:48 PM","Mar 24, 2026, 9:09 PM","Lowkey out here injury maxing so imma focus on recovery","Seated Cable Row - Bar Grip",,"Fucked up my right trap whoops",0,"warmup",40,12,,,
"Pull","Mar 24, 2026, 7:48 PM","Mar 24, 2026, 9:09 PM","Lowkey out here injury maxing so imma focus on recovery","Seated Cable Row - Bar Grip",,"Fucked up my right trap whoops",1,"normal",95,10,,,
"Pull","Mar 24, 2026, 7:48 PM","Mar 24, 2026, 9:09 PM","Lowkey out here injury maxing so imma focus on recovery","Seated Cable Row - Bar Grip",,"Fucked up my right trap whoops",2,"normal",85,9,,,
"Pull","Mar 24, 2026, 7:48 PM","Mar 24, 2026, 9:09 PM","Lowkey out here injury maxing so imma focus on recovery","Reverse Fly Single Arm (Cable)",,"Only one side to minimise strain on my trap",0,"normal",20,12,,,
"Pull","Mar 24, 2026, 7:48 PM","Mar 24, 2026, 9:09 PM","Lowkey out here injury maxing so imma focus on recovery","Reverse Fly Single Arm (Cable)",,"Only one side to minimise strain on my trap",1,"normal",20,14,,,
"Pull","Mar 24, 2026, 7:48 PM","Mar 24, 2026, 9:09 PM","Lowkey out here injury maxing so imma focus on recovery","Reverse Fly Single Arm (Cable)",,"Only one side to minimise strain on my trap",2,"normal",20,13,,,
"Pull","Mar 24, 2026, 7:48 PM","Mar 24, 2026, 9:09 PM","Lowkey out here injury maxing so imma focus on recovery","Seated Palms Up Wrist Curl",,"",0,"normal",20,12,,,
"Pull","Mar 24, 2026, 7:48 PM","Mar 24, 2026, 9:09 PM","Lowkey out here injury maxing so imma focus on recovery","Seated Palms Up Wrist Curl",,"",1,"normal",20,12,,,
"Pull","Mar 24, 2026, 7:48 PM","Mar 24, 2026, 9:09 PM","Lowkey out here injury maxing so imma focus on recovery","Seated Wrist Extension (Barbell)",,"",0,"normal",14,16,,,
"Pull","Mar 24, 2026, 7:48 PM","Mar 24, 2026, 9:09 PM","Lowkey out here injury maxing so imma focus on recovery","Seated Wrist Extension (Barbell)",,"",1,"normal",14,16,,,
"Pull","Mar 24, 2026, 7:48 PM","Mar 24, 2026, 9:09 PM","Lowkey out here injury maxing so imma focus on recovery","Preacher Curl (Machine)",,"",0,"normal",64,12,,,
"Pull","Mar 24, 2026, 7:48 PM","Mar 24, 2026, 9:09 PM","Lowkey out here injury maxing so imma focus on recovery","Preacher Curl (Machine)",,"",1,"normal",64,10,,,
"Pull","Mar 24, 2026, 7:48 PM","Mar 24, 2026, 9:09 PM","Lowkey out here injury maxing so imma focus on recovery","Preacher Curl (Machine)",,"",2,"normal",64,12,,,
"Pull","Mar 24, 2026, 7:48 PM","Mar 24, 2026, 9:09 PM","Lowkey out here injury maxing so imma focus on recovery","Rope Straight Arm Pulldown",,"Didnt hurt my traps as much so good sub",0,"normal",30,16,,,
"Pull","Mar 24, 2026, 7:48 PM","Mar 24, 2026, 9:09 PM","Lowkey out here injury maxing so imma focus on recovery","Rope Straight Arm Pulldown",,"Didnt hurt my traps as much so good sub",1,"normal",37.5,12,,,
"Pull","Mar 24, 2026, 7:48 PM","Mar 24, 2026, 9:09 PM","Lowkey out here injury maxing so imma focus on recovery","Rope Straight Arm Pulldown",,"Didnt hurt my traps as much so good sub",2,"normal",37.5,12,,,
"Pull","Mar 24, 2026, 7:48 PM","Mar 24, 2026, 9:09 PM","Lowkey out here injury maxing so imma focus on recovery","Bicep Curl (Dumbbell)",,"Had to finish early the traps were dying",0,"normal",18,11,,,
"Pull","Mar 24, 2026, 7:48 PM","Mar 24, 2026, 9:09 PM","Lowkey out here injury maxing so imma focus on recovery","Bicep Curl (Dumbbell)",,"Had to finish early the traps were dying",1,"normal",18,6,,,
"Push","Mar 23, 2026, 12:04 PM","Mar 23, 2026, 1:47 PM","Push push push now pizza 😁","Chest Press (Machine)",,"",0,"normal",105,11,,,
"Push","Mar 23, 2026, 12:04 PM","Mar 23, 2026, 1:47 PM","Push push push now pizza 😁","Chest Press (Machine)",,"",1,"normal",105,11,,,
"Push","Mar 23, 2026, 12:04 PM","Mar 23, 2026, 1:47 PM","Push push push now pizza 😁","Chest Press (Machine)",,"",2,"normal",105,8,,,
"Push","Mar 23, 2026, 12:04 PM","Mar 23, 2026, 1:47 PM","Push push push now pizza 😁","Lateral Raise (Machine)",,"",0,"normal",40,8,,,
"Push","Mar 23, 2026, 12:04 PM","Mar 23, 2026, 1:47 PM","Push push push now pizza 😁","Lateral Raise (Machine)",,"",1,"normal",40,12,,,
"Push","Mar 23, 2026, 12:04 PM","Mar 23, 2026, 1:47 PM","Push push push now pizza 😁","Lateral Raise (Machine)",,"",2,"normal",40,12,,,
"Push","Mar 23, 2026, 12:04 PM","Mar 23, 2026, 1:47 PM","Push push push now pizza 😁","Triceps Pushdown",,"",0,"normal",45,12,,,
"Push","Mar 23, 2026, 12:04 PM","Mar 23, 2026, 1:47 PM","Push push push now pizza 😁","Triceps Pushdown",,"",1,"normal",45,9,,,
"Push","Mar 23, 2026, 12:04 PM","Mar 23, 2026, 1:47 PM","Push push push now pizza 😁","Single Arm Triceps Pushdown (Cable)",,"",0,"normal",17,9,,,
"Push","Mar 23, 2026, 12:04 PM","Mar 23, 2026, 1:47 PM","Push push push now pizza 😁","Single Arm Triceps Pushdown (Cable)",,"",1,"normal",17,9,,,
"Push","Mar 23, 2026, 12:04 PM","Mar 23, 2026, 1:47 PM","Push push push now pizza 😁","Incline Bench Press (Dumbbell)",,"Considering its been a few months these felt pretty good and with good form",0,"normal",34,9,,,
"Push","Mar 23, 2026, 12:04 PM","Mar 23, 2026, 1:47 PM","Push push push now pizza 😁","Incline Bench Press (Dumbbell)",,"Considering its been a few months these felt pretty good and with good form",1,"normal",34,8,,,
"Push","Mar 23, 2026, 12:04 PM","Mar 23, 2026, 1:47 PM","Push push push now pizza 😁","Incline Bench Press (Dumbbell)",,"Considering its been a few months these felt pretty good and with good form",2,"normal",34,7,,,
"Lower","Mar 20, 2026, 1:00 PM","Mar 20, 2026, 2:20 PM","Watching out for my calf but still a solid leg day","Squat (Barbell)",,"",0,"warmup",60,12,,,
"Lower","Mar 20, 2026, 1:00 PM","Mar 20, 2026, 2:20 PM","Watching out for my calf but still a solid leg day","Squat (Barbell)",,"",1,"normal",110,10,,,
"Lower","Mar 20, 2026, 1:00 PM","Mar 20, 2026, 2:20 PM","Watching out for my calf but still a solid leg day","Squat (Barbell)",,"",2,"normal",110,9,,,
"Lower","Mar 20, 2026, 1:00 PM","Mar 20, 2026, 2:20 PM","Watching out for my calf but still a solid leg day","Seated Leg Curl (Machine)",,"Different machine felt a lot lighter. Maxed out the machine for the last set to see how i could do",0,"normal",86,14,,,
"Lower","Mar 20, 2026, 1:00 PM","Mar 20, 2026, 2:20 PM","Watching out for my calf but still a solid leg day","Seated Leg Curl (Machine)",,"Different machine felt a lot lighter. Maxed out the machine for the last set to see how i could do",1,"normal",91,12,,,
"Lower","Mar 20, 2026, 1:00 PM","Mar 20, 2026, 2:20 PM","Watching out for my calf but still a solid leg day","Seated Leg Curl (Machine)",,"Different machine felt a lot lighter. Maxed out the machine for the last set to see how i could do",2,"normal",111.3,8,,,
"Lower","Mar 20, 2026, 1:00 PM","Mar 20, 2026, 2:20 PM","Watching out for my calf but still a solid leg day","Leg Extension (Machine)",,"",0,"normal",105,13,,,
"Lower","Mar 20, 2026, 1:00 PM","Mar 20, 2026, 2:20 PM","Watching out for my calf but still a solid leg day","Leg Extension (Machine)",,"",1,"normal",111.3,12,,,
"Lower","Mar 20, 2026, 1:00 PM","Mar 20, 2026, 2:20 PM","Watching out for my calf but still a solid leg day","Crunch (Machine)",,"Again different machine easier lift",0,"normal",66.3,15,,,
"Lower","Mar 20, 2026, 1:00 PM","Mar 20, 2026, 2:20 PM","Watching out for my calf but still a solid leg day","Crunch (Machine)",,"Again different machine easier lift",1,"normal",73,12,,,
"Lower","Mar 20, 2026, 1:00 PM","Mar 20, 2026, 2:20 PM","Watching out for my calf but still a solid leg day","Crunch (Machine)",,"Again different machine easier lift",2,"normal",73,13,,,
"Lower","Mar 20, 2026, 1:00 PM","Mar 20, 2026, 2:20 PM","Watching out for my calf but still a solid leg day","Rowing Machine",,"",0,"normal",,,1.2,300,
"Pull","Mar 18, 2026, 8:48 PM","Mar 18, 2026, 9:59 PM","Good workout although i was lowkey pheromonemaxxing","Lat Pulldown (Cable)",,"",0,"warmup",30,16,,,
"Pull","Mar 18, 2026, 8:48 PM","Mar 18, 2026, 9:59 PM","Good workout although i was lowkey pheromonemaxxing","Lat Pulldown (Cable)",,"",1,"normal",92.5,12,,,
"Pull","Mar 18, 2026, 8:48 PM","Mar 18, 2026, 9:59 PM","Good workout although i was lowkey pheromonemaxxing","Lat Pulldown (Cable)",,"",2,"normal",100,6,,,
"Pull","Mar 18, 2026, 8:48 PM","Mar 18, 2026, 9:59 PM","Good workout although i was lowkey pheromonemaxxing","Lat Pulldown (Cable)",,"",3,"normal",100,6,,,
"Pull","Mar 18, 2026, 8:48 PM","Mar 18, 2026, 9:59 PM","Good workout although i was lowkey pheromonemaxxing","Seated Cable Row - Bar Grip",,"",0,"normal",100,9,,,
"Pull","Mar 18, 2026, 8:48 PM","Mar 18, 2026, 9:59 PM","Good workout although i was lowkey pheromonemaxxing","Seated Cable Row - Bar Grip",,"",1,"normal",100,9,,,
"Pull","Mar 18, 2026, 8:48 PM","Mar 18, 2026, 9:59 PM","Good workout although i was lowkey pheromonemaxxing","Seated Cable Row - Bar Grip",,"",2,"normal",90,12,,,
"Pull","Mar 18, 2026, 8:48 PM","Mar 18, 2026, 9:59 PM","Good workout although i was lowkey pheromonemaxxing","Reverse Fly Single Arm (Cable)",,"Same thing here as the curls",0,"normal",20,13,,,
"Pull","Mar 18, 2026, 8:48 PM","Mar 18, 2026, 9:59 PM","Good workout although i was lowkey pheromonemaxxing","Reverse Fly Single Arm (Cable)",,"Same thing here as the curls",1,"normal",20,13,,,
"Pull","Mar 18, 2026, 8:48 PM","Mar 18, 2026, 9:59 PM","Good workout although i was lowkey pheromonemaxxing","Reverse Fly Single Arm (Cable)",,"Same thing here as the curls",2,"normal",20,13,,,
"Pull","Mar 18, 2026, 8:48 PM","Mar 18, 2026, 9:59 PM","Good workout although i was lowkey pheromonemaxxing","Hammer Curl (Dumbbell)",,"To prevent myself from ego lifting im lowering the weight and slowing it way down",0,"normal",20,12,,,
"Pull","Mar 18, 2026, 8:48 PM","Mar 18, 2026, 9:59 PM","Good workout although i was lowkey pheromonemaxxing","Hammer Curl (Dumbbell)",,"To prevent myself from ego lifting im lowering the weight and slowing it way down",1,"normal",20,12,,,
"Pull","Mar 18, 2026, 8:48 PM","Mar 18, 2026, 9:59 PM","Good workout although i was lowkey pheromonemaxxing","Hammer Curl (Dumbbell)",,"To prevent myself from ego lifting im lowering the weight and slowing it way down",2,"normal",20,17,,,
"Pull","Mar 18, 2026, 8:48 PM","Mar 18, 2026, 9:59 PM","Good workout although i was lowkey pheromonemaxxing","Shrug (Dumbbell)",,"",0,"normal",32,13,,,
"Pull","Mar 18, 2026, 8:48 PM","Mar 18, 2026, 9:59 PM","Good workout although i was lowkey pheromonemaxxing","Shrug (Dumbbell)",,"",1,"normal",32,15,,,
"Pull","Mar 18, 2026, 8:48 PM","Mar 18, 2026, 9:59 PM","Good workout although i was lowkey pheromonemaxxing","Shrug (Dumbbell)",,"",2,"normal",32,15,,,
"Push","Mar 17, 2026, 9:46 PM","Mar 17, 2026, 11:02 PM","Nice push day after the rowing camp feleing a bit tired but got in a good pump","Chest Press (Machine)",,"",0,"warmup",30,24,,,
"Push","Mar 17, 2026, 9:46 PM","Mar 17, 2026, 11:02 PM","Nice push day after the rowing camp feleing a bit tired but got in a good pump","Chest Press (Machine)",,"",1,"normal",105,10,,,
"Push","Mar 17, 2026, 9:46 PM","Mar 17, 2026, 11:02 PM","Nice push day after the rowing camp feleing a bit tired but got in a good pump","Chest Press (Machine)",,"",2,"normal",105,11,,,
"Push","Mar 17, 2026, 9:46 PM","Mar 17, 2026, 11:02 PM","Nice push day after the rowing camp feleing a bit tired but got in a good pump","Chest Press (Machine)",,"",3,"normal",105,8,,,
"Push","Mar 17, 2026, 9:46 PM","Mar 17, 2026, 11:02 PM","Nice push day after the rowing camp feleing a bit tired but got in a good pump","Lateral Raise (Machine)",,"",0,"normal",40,10,,,
"Push","Mar 17, 2026, 9:46 PM","Mar 17, 2026, 11:02 PM","Nice push day after the rowing camp feleing a bit tired but got in a good pump","Lateral Raise (Machine)",,"",1,"normal",40,10,,,
"Push","Mar 17, 2026, 9:46 PM","Mar 17, 2026, 11:02 PM","Nice push day after the rowing camp feleing a bit tired but got in a good pump","Lateral Raise (Machine)",,"",2,"normal",40,10,,,
"Push","Mar 17, 2026, 9:46 PM","Mar 17, 2026, 11:02 PM","Nice push day after the rowing camp feleing a bit tired but got in a good pump","Seated Shoulder Press (Machine)",,"",0,"normal",57.5,12,,,
"Push","Mar 17, 2026, 9:46 PM","Mar 17, 2026, 11:02 PM","Nice push day after the rowing camp feleing a bit tired but got in a good pump","Seated Shoulder Press (Machine)",,"",1,"normal",57.5,12,,,
"Push","Mar 17, 2026, 9:46 PM","Mar 17, 2026, 11:02 PM","Nice push day after the rowing camp feleing a bit tired but got in a good pump","Seated Shoulder Press (Machine)",,"",2,"normal",57.5,9,,,
"Push","Mar 17, 2026, 9:46 PM","Mar 17, 2026, 11:02 PM","Nice push day after the rowing camp feleing a bit tired but got in a good pump","Single Arm Triceps Pushdown (Cable)",,"",0,"normal",15,12,,,
"Push","Mar 17, 2026, 9:46 PM","Mar 17, 2026, 11:02 PM","Nice push day after the rowing camp feleing a bit tired but got in a good pump","Single Arm Triceps Pushdown (Cable)",,"",1,"normal",17,8,,,
"Push","Mar 17, 2026, 9:46 PM","Mar 17, 2026, 11:02 PM","Nice push day after the rowing camp feleing a bit tired but got in a good pump","Single Arm Triceps Pushdown (Cable)",,"",2,"normal",17,9,,,
"Push","Mar 17, 2026, 9:46 PM","Mar 17, 2026, 11:02 PM","Nice push day after the rowing camp feleing a bit tired but got in a good pump","Chest Fly (Machine)",,"",0,"normal",80,12,,,
"Push","Mar 17, 2026, 9:46 PM","Mar 17, 2026, 11:02 PM","Nice push day after the rowing camp feleing a bit tired but got in a good pump","Chest Fly (Machine)",,"",1,"normal",80,13,,,
"Push","Mar 17, 2026, 9:46 PM","Mar 17, 2026, 11:02 PM","Nice push day after the rowing camp feleing a bit tired but got in a good pump","Chest Fly (Machine)",,"",2,"normal",80,12,,,
"Pull","Mar 13, 2026, 1:05 PM","Mar 13, 2026, 1:50 PM","A quick one before driving to the rowing camp","Lat Pulldown (Cable)",,"",0,"warmup",30,16,,,
"Pull","Mar 13, 2026, 1:05 PM","Mar 13, 2026, 1:50 PM","A quick one before driving to the rowing camp","Lat Pulldown (Cable)",,"",1,"warmup",60,6,,,
"Pull","Mar 13, 2026, 1:05 PM","Mar 13, 2026, 1:50 PM","A quick one before driving to the rowing camp","Lat Pulldown (Cable)",,"",2,"normal",90,12,,,
"Pull","Mar 13, 2026, 1:05 PM","Mar 13, 2026, 1:50 PM","A quick one before driving to the rowing camp","Lat Pulldown (Cable)",,"",3,"normal",90,10,,,
"Pull","Mar 13, 2026, 1:05 PM","Mar 13, 2026, 1:50 PM","A quick one before driving to the rowing camp","Lat Pulldown (Cable)",,"",4,"normal",90,8,,,
"Pull","Mar 13, 2026, 1:05 PM","Mar 13, 2026, 1:50 PM","A quick one before driving to the rowing camp","Seated Cable Row - Bar Grip",,"",0,"normal",92.5,12,,,
"Pull","Mar 13, 2026, 1:05 PM","Mar 13, 2026, 1:50 PM","A quick one before driving to the rowing camp","Seated Cable Row - Bar Grip",,"",1,"normal",92.5,11,,,
"Pull","Mar 13, 2026, 1:05 PM","Mar 13, 2026, 1:50 PM","A quick one before driving to the rowing camp","Seated Cable Row - Bar Grip",,"",2,"normal",92.5,10,,,
"Pull","Mar 13, 2026, 1:05 PM","Mar 13, 2026, 1:50 PM","A quick one before driving to the rowing camp","Reverse Fly Single Arm (Cable)",,"",0,"normal",25,10,,,
"Pull","Mar 13, 2026, 1:05 PM","Mar 13, 2026, 1:50 PM","A quick one before driving to the rowing camp","Reverse Fly Single Arm (Cable)",,"",1,"normal",20,13,,,
"Pull","Mar 13, 2026, 1:05 PM","Mar 13, 2026, 1:50 PM","A quick one before driving to the rowing camp","Reverse Fly Single Arm (Cable)",,"",2,"normal",20,13,,,
"Pull","Mar 13, 2026, 1:05 PM","Mar 13, 2026, 1:50 PM","A quick one before driving to the rowing camp","Hammer Curl (Dumbbell)",,"",0,"normal",26,12,,,
"Pull","Mar 13, 2026, 1:05 PM","Mar 13, 2026, 1:50 PM","A quick one before driving to the rowing camp","Hammer Curl (Dumbbell)",,"",1,"normal",26,10,,,
"Pull","Mar 13, 2026, 1:05 PM","Mar 13, 2026, 1:50 PM","A quick one before driving to the rowing camp","Hammer Curl (Dumbbell)",,"",2,"normal",24,10,,,
"Push","Mar 11, 2026, 10:10 PM","Mar 11, 2026, 11:33 PM","Really good chest day with nina definitely getting our strength up 💪","Bench Press (Barbell)",,"",0,"warmup",60,12,,,
"Push","Mar 11, 2026, 10:10 PM","Mar 11, 2026, 11:33 PM","Really good chest day with nina definitely getting our strength up 💪","Bench Press (Barbell)",,"",1,"normal",82.5,7,,,
"Push","Mar 11, 2026, 10:10 PM","Mar 11, 2026, 11:33 PM","Really good chest day with nina definitely getting our strength up 💪","Bench Press (Barbell)",,"",2,"normal",82.5,8,,,
"Push","Mar 11, 2026, 10:10 PM","Mar 11, 2026, 11:33 PM","Really good chest day with nina definitely getting our strength up 💪","Chest Press (Machine)",,"",0,"normal",105,9,,,
"Push","Mar 11, 2026, 10:10 PM","Mar 11, 2026, 11:33 PM","Really good chest day with nina definitely getting our strength up 💪","Chest Press (Machine)",,"",1,"normal",105,9,,,
"Push","Mar 11, 2026, 10:10 PM","Mar 11, 2026, 11:33 PM","Really good chest day with nina definitely getting our strength up 💪","Chest Press (Machine)",,"",2,"normal",105,9,,,
"Push","Mar 11, 2026, 10:10 PM","Mar 11, 2026, 11:33 PM","Really good chest day with nina definitely getting our strength up 💪","Seated Shoulder Press (Machine)",,"",0,"normal",52.5,12,,,
"Push","Mar 11, 2026, 10:10 PM","Mar 11, 2026, 11:33 PM","Really good chest day with nina definitely getting our strength up 💪","Seated Shoulder Press (Machine)",,"",1,"normal",55,10,,,
"Push","Mar 11, 2026, 10:10 PM","Mar 11, 2026, 11:33 PM","Really good chest day with nina definitely getting our strength up 💪","Seated Shoulder Press (Machine)",,"",2,"normal",55,12,,,
"Push","Mar 11, 2026, 10:10 PM","Mar 11, 2026, 11:33 PM","Really good chest day with nina definitely getting our strength up 💪","Triceps Pushdown",,"",0,"normal",42.5,12,,,
"Push","Mar 11, 2026, 10:10 PM","Mar 11, 2026, 11:33 PM","Really good chest day with nina definitely getting our strength up 💪","Triceps Pushdown",,"",1,"normal",42.5,12,,,
"Push","Mar 11, 2026, 10:10 PM","Mar 11, 2026, 11:33 PM","Really good chest day with nina definitely getting our strength up 💪","Single Arm Triceps Pushdown (Cable)",,"",0,"normal",15,12,,,
"Push","Mar 11, 2026, 10:10 PM","Mar 11, 2026, 11:33 PM","Really good chest day with nina definitely getting our strength up 💪","Single Arm Triceps Pushdown (Cable)",,"",1,"normal",15,12,,,
"Push","Mar 11, 2026, 10:10 PM","Mar 11, 2026, 11:33 PM","Really good chest day with nina definitely getting our strength up 💪","Chest Fly (Machine)",,"",0,"normal",80,11,,,
"Push","Mar 11, 2026, 10:10 PM","Mar 11, 2026, 11:33 PM","Really good chest day with nina definitely getting our strength up 💪","Chest Fly (Machine)",,"",1,"normal",80,9,,,
"Lower","Mar 10, 2026, 9:48 PM","Mar 10, 2026, 10:53 PM","Lowkey been locked out so i came in for a low volume leg day so i dont die at rowing tmr. Sore hip so idk how thats gonna be hopefully not injured 🙏","Standing Calf Raise (Machine)",,"Lower weight with slow controlled reps",0,"normal",100,36,,,
"Lower","Mar 10, 2026, 9:48 PM","Mar 10, 2026, 10:53 PM","Lowkey been locked out so i came in for a low volume leg day so i dont die at rowing tmr. Sore hip so idk how thats gonna be hopefully not injured 🙏","Standing Calf Raise (Machine)",,"Lower weight with slow controlled reps",1,"normal",140,30,,,
"Lower","Mar 10, 2026, 9:48 PM","Mar 10, 2026, 10:53 PM","Lowkey been locked out so i came in for a low volume leg day so i dont die at rowing tmr. Sore hip so idk how thats gonna be hopefully not injured 🙏","Standing Calf Raise (Machine)",,"Lower weight with slow controlled reps",2,"normal",140,16,,,
"Lower","Mar 10, 2026, 9:48 PM","Mar 10, 2026, 10:53 PM","Lowkey been locked out so i came in for a low volume leg day so i dont die at rowing tmr. Sore hip so idk how thats gonna be hopefully not injured 🙏","Seated Leg Curl (Machine)",,"",0,"normal",82.5,8,,,
"Lower","Mar 10, 2026, 9:48 PM","Mar 10, 2026, 10:53 PM","Lowkey been locked out so i came in for a low volume leg day so i dont die at rowing tmr. Sore hip so idk how thats gonna be hopefully not injured 🙏","Seated Leg Curl (Machine)",,"",1,"normal",75,12,,,
"Lower","Mar 10, 2026, 9:48 PM","Mar 10, 2026, 10:53 PM","Lowkey been locked out so i came in for a low volume leg day so i dont die at rowing tmr. Sore hip so idk how thats gonna be hopefully not injured 🙏","Leg Press (Machine)",,"Something felt wrong with my hip flexors when i brought my knees in. Since im doing rowing i cant get injured so i stopped",0,"warmup",100,20,,,
"Lower","Mar 10, 2026, 9:48 PM","Mar 10, 2026, 10:53 PM","Lowkey been locked out so i came in for a low volume leg day so i dont die at rowing tmr. Sore hip so idk how thats gonna be hopefully not injured 🙏","Single Leg Extensions",,"",0,"normal",43,12,,,
"Lower","Mar 10, 2026, 9:48 PM","Mar 10, 2026, 10:53 PM","Lowkey been locked out so i came in for a low volume leg day so i dont die at rowing tmr. Sore hip so idk how thats gonna be hopefully not injured 🙏","Single Leg Extensions",,"",1,"normal",57,11,,,
"Lower","Mar 10, 2026, 9:48 PM","Mar 10, 2026, 10:53 PM","Lowkey been locked out so i came in for a low volume leg day so i dont die at rowing tmr. Sore hip so idk how thats gonna be hopefully not injured 🙏","Single Leg Extensions",,"",2,"normal",57,11,,,
"Lower","Mar 10, 2026, 9:48 PM","Mar 10, 2026, 10:53 PM","Lowkey been locked out so i came in for a low volume leg day so i dont die at rowing tmr. Sore hip so idk how thats gonna be hopefully not injured 🙏","Rowing Machine",,"",0,"normal",,,2,480,
"Push","Mar 7, 2026, 10:17 AM","Mar 7, 2026, 11:14 AM","Solid chest day felt really strong on the machines/triceps","Chest Press (Machine)",,"",0,"warmup",30,20,,,
"Push","Mar 7, 2026, 10:17 AM","Mar 7, 2026, 11:14 AM","Solid chest day felt really strong on the machines/triceps","Chest Press (Machine)",,"",1,"warmup",57,12,,,
"Push","Mar 7, 2026, 10:17 AM","Mar 7, 2026, 11:14 AM","Solid chest day felt really strong on the machines/triceps","Chest Press (Machine)",,"",2,"normal",105,10,,,
"Push","Mar 7, 2026, 10:17 AM","Mar 7, 2026, 11:14 AM","Solid chest day felt really strong on the machines/triceps","Chest Press (Machine)",,"",3,"normal",105,12,,,
"Push","Mar 7, 2026, 10:17 AM","Mar 7, 2026, 11:14 AM","Solid chest day felt really strong on the machines/triceps","Chest Press (Machine)",,"",4,"normal",105,10,,,
"Push","Mar 7, 2026, 10:17 AM","Mar 7, 2026, 11:14 AM","Solid chest day felt really strong on the machines/triceps","Lateral Raise (Machine)",,"",0,"normal",40,10,,,
"Push","Mar 7, 2026, 10:17 AM","Mar 7, 2026, 11:14 AM","Solid chest day felt really strong on the machines/triceps","Lateral Raise (Machine)",,"",1,"normal",40,9,,,
"Push","Mar 7, 2026, 10:17 AM","Mar 7, 2026, 11:14 AM","Solid chest day felt really strong on the machines/triceps","Lateral Raise (Machine)",,"",2,"normal",37.5,12,,,
"Push","Mar 7, 2026, 10:17 AM","Mar 7, 2026, 11:14 AM","Solid chest day felt really strong on the machines/triceps","Seated Shoulder Press (Machine)",,"",0,"normal",50,12,,,
"Push","Mar 7, 2026, 10:17 AM","Mar 7, 2026, 11:14 AM","Solid chest day felt really strong on the machines/triceps","Seated Shoulder Press (Machine)",,"",1,"normal",50,12,,,
"Push","Mar 7, 2026, 10:17 AM","Mar 7, 2026, 11:14 AM","Solid chest day felt really strong on the machines/triceps","Seated Shoulder Press (Machine)",,"",2,"normal",52.5,9,,,
"Push","Mar 7, 2026, 10:17 AM","Mar 7, 2026, 11:14 AM","Solid chest day felt really strong on the machines/triceps","Triceps Pushdown",,"",0,"normal",42.5,11,,,
"Push","Mar 7, 2026, 10:17 AM","Mar 7, 2026, 11:14 AM","Solid chest day felt really strong on the machines/triceps","Triceps Pushdown",,"",1,"normal",42.5,9,,,
"Push","Mar 7, 2026, 10:17 AM","Mar 7, 2026, 11:14 AM","Solid chest day felt really strong on the machines/triceps","Triceps Pushdown",,"",2,"normal",42.5,10,,,
"Push","Mar 7, 2026, 10:17 AM","Mar 7, 2026, 11:14 AM","Solid chest day felt really strong on the machines/triceps","Single Arm Triceps Pushdown (Cable)",,"",0,"normal",15,12,,,
"Push","Mar 7, 2026, 10:17 AM","Mar 7, 2026, 11:14 AM","Solid chest day felt really strong on the machines/triceps","Single Arm Triceps Pushdown (Cable)",,"",1,"normal",15,11,,,
"Push","Mar 7, 2026, 10:17 AM","Mar 7, 2026, 11:14 AM","Solid chest day felt really strong on the machines/triceps","Single Arm Triceps Pushdown (Cable)",,"",2,"normal",15,10,,,
"Push","Mar 7, 2026, 10:17 AM","Mar 7, 2026, 11:14 AM","Solid chest day felt really strong on the machines/triceps","Chest Fly (Machine)",,"",0,"normal",80,9,,,
"Push","Mar 7, 2026, 10:17 AM","Mar 7, 2026, 11:14 AM","Solid chest day felt really strong on the machines/triceps","Chest Fly (Machine)",,"",1,"normal",80,10,,,
"Push","Mar 7, 2026, 10:17 AM","Mar 7, 2026, 11:14 AM","Solid chest day felt really strong on the machines/triceps","Chest Fly (Machine)",,"",2,"normal",70,11,,,
"Pull","Mar 5, 2026, 12:01 PM","Mar 5, 2026, 1:27 PM","Solid back day with james no complaints","Lat Pulldown (Cable)",,"",0,"warmup",40,12,,,
"Pull","Mar 5, 2026, 12:01 PM","Mar 5, 2026, 1:27 PM","Solid back day with james no complaints","Lat Pulldown (Cable)",,"",1,"normal",90,12,,,
"Pull","Mar 5, 2026, 12:01 PM","Mar 5, 2026, 1:27 PM","Solid back day with james no complaints","Lat Pulldown (Cable)",,"",2,"normal",90,11,,,
"Pull","Mar 5, 2026, 12:01 PM","Mar 5, 2026, 1:27 PM","Solid back day with james no complaints","Lat Pulldown (Cable)",,"",3,"normal",80,12,,,
"Pull","Mar 5, 2026, 12:01 PM","Mar 5, 2026, 1:27 PM","Solid back day with james no complaints","Single Arm Lat Pulldown",,"",0,"normal",42.5,11,,,
"Pull","Mar 5, 2026, 12:01 PM","Mar 5, 2026, 1:27 PM","Solid back day with james no complaints","Single Arm Lat Pulldown",,"",1,"normal",42.5,10,,,
"Pull","Mar 5, 2026, 12:01 PM","Mar 5, 2026, 1:27 PM","Solid back day with james no complaints","Single Arm Lat Pulldown",,"",2,"normal",42.5,10,,,
"Pull","Mar 5, 2026, 12:01 PM","Mar 5, 2026, 1:27 PM","Solid back day with james no complaints","Seated Cable Row - Bar Grip",,"",0,"warmup",30,12,,,
"Pull","Mar 5, 2026, 12:01 PM","Mar 5, 2026, 1:27 PM","Solid back day with james no complaints","Seated Cable Row - Bar Grip",,"",1,"normal",85,13,,,
"Pull","Mar 5, 2026, 12:01 PM","Mar 5, 2026, 1:27 PM","Solid back day with james no complaints","Seated Cable Row - Bar Grip",,"",2,"normal",85,14,,,
"Pull","Mar 5, 2026, 12:01 PM","Mar 5, 2026, 1:27 PM","Solid back day with james no complaints","Seated Cable Row - Bar Grip",,"",3,"normal",85,14,,,
"Pull","Mar 5, 2026, 12:01 PM","Mar 5, 2026, 1:27 PM","Solid back day with james no complaints","Reverse Fly Single Arm (Cable)",,"",0,"normal",20,16,,,
"Pull","Mar 5, 2026, 12:01 PM","Mar 5, 2026, 1:27 PM","Solid back day with james no complaints","Reverse Fly Single Arm (Cable)",,"",1,"normal",25,12,,,
"Pull","Mar 5, 2026, 12:01 PM","Mar 5, 2026, 1:27 PM","Solid back day with james no complaints","Hammer Curl (Dumbbell)",,"",0,"normal",24,15,,,
"Pull","Mar 5, 2026, 12:01 PM","Mar 5, 2026, 1:27 PM","Solid back day with james no complaints","Hammer Curl (Dumbbell)",,"",1,"normal",24,12,,,
"Pull","Mar 5, 2026, 12:01 PM","Mar 5, 2026, 1:27 PM","Solid back day with james no complaints","Hammer Curl (Dumbbell)",,"",2,"normal",24,12,,,
"Pull","Mar 5, 2026, 12:01 PM","Mar 5, 2026, 1:27 PM","Solid back day with james no complaints","Seated Palms Up Wrist Curl",,"",0,"normal",20,12,,,
"Pull","Mar 5, 2026, 12:01 PM","Mar 5, 2026, 1:27 PM","Solid back day with james no complaints","Seated Palms Up Wrist Curl",,"",1,"normal",20,12,,,
"Pull","Mar 5, 2026, 12:01 PM","Mar 5, 2026, 1:27 PM","Solid back day with james no complaints","Seated Palms Up Wrist Curl",,"",2,"normal",20,12,,,
"Pull","Mar 5, 2026, 12:01 PM","Mar 5, 2026, 1:27 PM","Solid back day with james no complaints","Seated Wrist Extension (Barbell)",,"",0,"normal",14,16,,,
"Pull","Mar 5, 2026, 12:01 PM","Mar 5, 2026, 1:27 PM","Solid back day with james no complaints","Seated Wrist Extension (Barbell)",,"",1,"normal",14,16,,,
"Pull","Mar 5, 2026, 12:01 PM","Mar 5, 2026, 1:27 PM","Solid back day with james no complaints","Seated Wrist Extension (Barbell)",,"",2,"normal",14,16,,,
"Lower","Mar 2, 2026, 8:42 PM","Mar 2, 2026, 9:20 PM","Nina hurt herself so i had to call it earlystill got my quads pretty good tho","Squat (Barbell)",,"",0,"warmup",60,12,,,
"Lower","Mar 2, 2026, 8:42 PM","Mar 2, 2026, 9:20 PM","Nina hurt herself so i had to call it earlystill got my quads pretty good tho","Squat (Barbell)",,"",1,"normal",100,12,,,
"Lower","Mar 2, 2026, 8:42 PM","Mar 2, 2026, 9:20 PM","Nina hurt herself so i had to call it earlystill got my quads pretty good tho","Squat (Barbell)",,"",2,"normal",100,14,,,
"Lower","Mar 2, 2026, 8:42 PM","Mar 2, 2026, 9:20 PM","Nina hurt herself so i had to call it earlystill got my quads pretty good tho","Leg Extension (Machine)",,"",0,"normal",107.5,12,,,
"Lower","Mar 2, 2026, 8:42 PM","Mar 2, 2026, 9:20 PM","Nina hurt herself so i had to call it earlystill got my quads pretty good tho","Leg Extension (Machine)",,"",1,"normal",107.5,12,,,
"Lower","Mar 2, 2026, 8:42 PM","Mar 2, 2026, 9:20 PM","Nina hurt herself so i had to call it earlystill got my quads pretty good tho","Leg Extension (Machine)",,"",2,"normal",107.5,12,,,
"Pull","Mar 1, 2026, 8:35 PM","Mar 1, 2026, 9:43 PM","Fuck my fucking chud existence 😭 these forearm exercises are killing me","Lat Pulldown (Cable)",,"",0,"warmup",45,12,,,
"Pull","Mar 1, 2026, 8:35 PM","Mar 1, 2026, 9:43 PM","Fuck my fucking chud existence 😭 these forearm exercises are killing me","Lat Pulldown (Cable)",,"",1,"normal",90,12,,,
"Pull","Mar 1, 2026, 8:35 PM","Mar 1, 2026, 9:43 PM","Fuck my fucking chud existence 😭 these forearm exercises are killing me","Lat Pulldown (Cable)",,"",2,"normal",92.5,10,,,
"Pull","Mar 1, 2026, 8:35 PM","Mar 1, 2026, 9:43 PM","Fuck my fucking chud existence 😭 these forearm exercises are killing me","Lat Pulldown (Cable)",,"",3,"normal",92.5,8,,,
"Pull","Mar 1, 2026, 8:35 PM","Mar 1, 2026, 9:43 PM","Fuck my fucking chud existence 😭 these forearm exercises are killing me","Seated Cable Row - Bar Grip",,"",0,"warmup",30,12,,,
"Pull","Mar 1, 2026, 8:35 PM","Mar 1, 2026, 9:43 PM","Fuck my fucking chud existence 😭 these forearm exercises are killing me","Seated Cable Row - Bar Grip",,"",1,"normal",92.5,12,,,
"Pull","Mar 1, 2026, 8:35 PM","Mar 1, 2026, 9:43 PM","Fuck my fucking chud existence 😭 these forearm exercises are killing me","Seated Cable Row - Bar Grip",,"",2,"normal",92.5,12,,,
"Pull","Mar 1, 2026, 8:35 PM","Mar 1, 2026, 9:43 PM","Fuck my fucking chud existence 😭 these forearm exercises are killing me","Seated Cable Row - Bar Grip",,"",3,"normal",92.5,8,,,
"Pull","Mar 1, 2026, 8:35 PM","Mar 1, 2026, 9:43 PM","Fuck my fucking chud existence 😭 these forearm exercises are killing me","Hammer Curl (Dumbbell)",,"",0,"normal",24,12,,,
"Pull","Mar 1, 2026, 8:35 PM","Mar 1, 2026, 9:43 PM","Fuck my fucking chud existence 😭 these forearm exercises are killing me","Hammer Curl (Dumbbell)",,"",1,"normal",24,13,,,
"Pull","Mar 1, 2026, 8:35 PM","Mar 1, 2026, 9:43 PM","Fuck my fucking chud existence 😭 these forearm exercises are killing me","Hammer Curl (Dumbbell)",,"",2,"normal",24,12,,,
"Pull","Mar 1, 2026, 8:35 PM","Mar 1, 2026, 9:43 PM","Fuck my fucking chud existence 😭 these forearm exercises are killing me","Seated Palms Up Wrist Curl",,"",0,"normal",20,13,,,
"Pull","Mar 1, 2026, 8:35 PM","Mar 1, 2026, 9:43 PM","Fuck my fucking chud existence 😭 these forearm exercises are killing me","Seated Palms Up Wrist Curl",,"",1,"normal",20,13,,,
"Pull","Mar 1, 2026, 8:35 PM","Mar 1, 2026, 9:43 PM","Fuck my fucking chud existence 😭 these forearm exercises are killing me","Seated Wrist Extension (Barbell)",,"",0,"normal",14,16,,,
"Pull","Mar 1, 2026, 8:35 PM","Mar 1, 2026, 9:43 PM","Fuck my fucking chud existence 😭 these forearm exercises are killing me","Seated Wrist Extension (Barbell)",,"",1,"normal",14,15,,,
"Push","Feb 28, 2026, 12:35 PM","Feb 28, 2026, 1:43 PM","Solid workout feeling pretty darn good","Chest Press (Machine)",,"",0,"warmup",64,12,,,
"Push","Feb 28, 2026, 12:35 PM","Feb 28, 2026, 1:43 PM","Solid workout feeling pretty darn good","Chest Press (Machine)",,"",1,"normal",98,13,,,
"Push","Feb 28, 2026, 12:35 PM","Feb 28, 2026, 1:43 PM","Solid workout feeling pretty darn good","Chest Press (Machine)",,"",2,"normal",98,13,,,
"Push","Feb 28, 2026, 12:35 PM","Feb 28, 2026, 1:43 PM","Solid workout feeling pretty darn good","Chest Press (Machine)",,"",3,"normal",98,12,,,
"Push","Feb 28, 2026, 12:35 PM","Feb 28, 2026, 1:43 PM","Solid workout feeling pretty darn good","Incline Bench Press (Smith Machine)",,"Feeling a bit heavier today after taking a break from these",0,"normal",55.5,10,,,
"Push","Feb 28, 2026, 12:35 PM","Feb 28, 2026, 1:43 PM","Solid workout feeling pretty darn good","Incline Bench Press (Smith Machine)",,"Feeling a bit heavier today after taking a break from these",1,"normal",55.5,9,,,
"Push","Feb 28, 2026, 12:35 PM","Feb 28, 2026, 1:43 PM","Solid workout feeling pretty darn good","Incline Bench Press (Smith Machine)",,"Feeling a bit heavier today after taking a break from these",2,"normal",55.5,10,,,
"Push","Feb 28, 2026, 12:35 PM","Feb 28, 2026, 1:43 PM","Solid workout feeling pretty darn good","Triceps Pushdown",,"",0,"normal",40,12,,,
"Push","Feb 28, 2026, 12:35 PM","Feb 28, 2026, 1:43 PM","Solid workout feeling pretty darn good","Triceps Pushdown",,"",1,"normal",40,12,,,
"Push","Feb 28, 2026, 12:35 PM","Feb 28, 2026, 1:43 PM","Solid workout feeling pretty darn good","Triceps Pushdown",,"",2,"normal",40,12,,,
"Push","Feb 28, 2026, 12:35 PM","Feb 28, 2026, 1:43 PM","Solid workout feeling pretty darn good","Single Arm Triceps Pushdown (Cable)",,"",0,"normal",15,11,,,
"Push","Feb 28, 2026, 12:35 PM","Feb 28, 2026, 1:43 PM","Solid workout feeling pretty darn good","Single Arm Triceps Pushdown (Cable)",,"",1,"normal",15,10,,,
"Push","Feb 28, 2026, 12:35 PM","Feb 28, 2026, 1:43 PM","Solid workout feeling pretty darn good","Single Arm Triceps Pushdown (Cable)",,"",2,"normal",15,10,,,
"Push","Feb 28, 2026, 12:35 PM","Feb 28, 2026, 1:43 PM","Solid workout feeling pretty darn good","Lateral Raise (Cable)",,"",0,"normal",10,12,,,
"Push","Feb 28, 2026, 12:35 PM","Feb 28, 2026, 1:43 PM","Solid workout feeling pretty darn good","Lateral Raise (Cable)",,"",1,"normal",10,10,,,
"Push","Feb 28, 2026, 12:35 PM","Feb 28, 2026, 1:43 PM","Solid workout feeling pretty darn good","Lateral Raise (Cable)",,"",2,"normal",10,10,,,
"Lower","Feb 26, 2026, 8:13 PM","Feb 26, 2026, 9:13 PM","Lowkey on some pussy shit. Mood was killed anyway we still got shit done just didnt have the preparation I usually do","Standing Calf Raise (Machine)",,"",0,"normal",220,12,,,
"Lower","Feb 26, 2026, 8:13 PM","Feb 26, 2026, 9:13 PM","Lowkey on some pussy shit. Mood was killed anyway we still got shit done just didnt have the preparation I usually do","Standing Calf Raise (Machine)",,"",1,"normal",220,14,,,
"Lower","Feb 26, 2026, 8:13 PM","Feb 26, 2026, 9:13 PM","Lowkey on some pussy shit. Mood was killed anyway we still got shit done just didnt have the preparation I usually do","Standing Calf Raise (Machine)",,"",2,"normal",200,14,,,
"Lower","Feb 26, 2026, 8:13 PM","Feb 26, 2026, 9:13 PM","Lowkey on some pussy shit. Mood was killed anyway we still got shit done just didnt have the preparation I usually do","Squat (Barbell)",,"",0,"normal",100,10,,,
"Lower","Feb 26, 2026, 8:13 PM","Feb 26, 2026, 9:13 PM","Lowkey on some pussy shit. Mood was killed anyway we still got shit done just didnt have the preparation I usually do","Leg Press (Machine)",,"",0,"normal",220,10,,,
"Lower","Feb 26, 2026, 8:13 PM","Feb 26, 2026, 9:13 PM","Lowkey on some pussy shit. Mood was killed anyway we still got shit done just didnt have the preparation I usually do","Leg Press (Machine)",,"",1,"normal",220,11,,,
"Lower","Feb 26, 2026, 8:13 PM","Feb 26, 2026, 9:13 PM","Lowkey on some pussy shit. Mood was killed anyway we still got shit done just didnt have the preparation I usually do","Leg Press (Machine)",,"",2,"normal",220,10,,,
"Lower","Feb 26, 2026, 8:13 PM","Feb 26, 2026, 9:13 PM","Lowkey on some pussy shit. Mood was killed anyway we still got shit done just didnt have the preparation I usually do","Leg Extension (Machine)",,"",0,"normal",105,13,,,
"Lower","Feb 26, 2026, 8:13 PM","Feb 26, 2026, 9:13 PM","Lowkey on some pussy shit. Mood was killed anyway we still got shit done just didnt have the preparation I usually do","Leg Extension (Machine)",,"",1,"normal",105,13,,,
"Lower","Feb 26, 2026, 8:13 PM","Feb 26, 2026, 9:13 PM","Lowkey on some pussy shit. Mood was killed anyway we still got shit done just didnt have the preparation I usually do","Leg Extension (Machine)",,"",2,"normal",105,12,,,
"Pull","Feb 25, 2026, 8:29 PM","Feb 25, 2026, 9:35 PM","Short one with nina felt really good tho especially in the latter half","Single Arm Lat Pulldown",,"",0,"normal",42.5,10,,,
"Pull","Feb 25, 2026, 8:29 PM","Feb 25, 2026, 9:35 PM","Short one with nina felt really good tho especially in the latter half","Single Arm Lat Pulldown",,"",1,"normal",42.5,12,,,
"Pull","Feb 25, 2026, 8:29 PM","Feb 25, 2026, 9:35 PM","Short one with nina felt really good tho especially in the latter half","Single Arm Lat Pulldown",,"",2,"normal",42.5,12,,,
"Pull","Feb 25, 2026, 8:29 PM","Feb 25, 2026, 9:35 PM","Short one with nina felt really good tho especially in the latter half","Seated Cable Row - Bar Grip",,"",0,"normal",90,12,,,
"Pull","Feb 25, 2026, 8:29 PM","Feb 25, 2026, 9:35 PM","Short one with nina felt really good tho especially in the latter half","Seated Cable Row - Bar Grip",,"",1,"normal",90,12,,,
"Pull","Feb 25, 2026, 8:29 PM","Feb 25, 2026, 9:35 PM","Short one with nina felt really good tho especially in the latter half","Seated Cable Row - Bar Grip",,"",2,"normal",90,10,,,
"Pull","Feb 25, 2026, 8:29 PM","Feb 25, 2026, 9:35 PM","Short one with nina felt really good tho especially in the latter half","Hammer Curl (Dumbbell)",,"",0,"normal",22,12,,,
"Pull","Feb 25, 2026, 8:29 PM","Feb 25, 2026, 9:35 PM","Short one with nina felt really good tho especially in the latter half","Hammer Curl (Dumbbell)",,"",1,"normal",22,14,,,
"Pull","Feb 25, 2026, 8:29 PM","Feb 25, 2026, 9:35 PM","Short one with nina felt really good tho especially in the latter half","Hammer Curl (Dumbbell)",,"",2,"normal",22,15,,,
"Pull","Feb 25, 2026, 8:29 PM","Feb 25, 2026, 9:35 PM","Short one with nina felt really good tho especially in the latter half","Seated Palms Up Wrist Curl",,"",0,"normal",20,12,,,
"Pull","Feb 25, 2026, 8:29 PM","Feb 25, 2026, 9:35 PM","Short one with nina felt really good tho especially in the latter half","Seated Palms Up Wrist Curl",,"",1,"normal",20,9,,,
"Pull","Feb 25, 2026, 8:29 PM","Feb 25, 2026, 9:35 PM","Short one with nina felt really good tho especially in the latter half","Seated Palms Up Wrist Curl",,"",2,"normal",20,12,,,
"Pull","Feb 25, 2026, 8:29 PM","Feb 25, 2026, 9:35 PM","Short one with nina felt really good tho especially in the latter half","Seated Wrist Extension (Barbell)",,"",0,"normal",14,15,,,
"Pull","Feb 25, 2026, 8:29 PM","Feb 25, 2026, 9:35 PM","Short one with nina felt really good tho especially in the latter half","Seated Wrist Extension (Barbell)",,"",1,"normal",14,15,,,
"Pull","Feb 25, 2026, 8:29 PM","Feb 25, 2026, 9:35 PM","Short one with nina felt really good tho especially in the latter half","Seated Wrist Extension (Barbell)",,"",2,"normal",14,15,,,
"Push","Feb 24, 2026, 8:20 PM","Feb 24, 2026, 9:19 PM","Quick one after work gad to go home to cook dinner for me and nina","Bench Press (Barbell)",,"",0,"normal",60,8,,,
"Push","Feb 24, 2026, 8:20 PM","Feb 24, 2026, 9:19 PM","Quick one after work gad to go home to cook dinner for me and nina","Bench Press (Barbell)",,"",1,"normal",80,10,,,
"Push","Feb 24, 2026, 8:20 PM","Feb 24, 2026, 9:19 PM","Quick one after work gad to go home to cook dinner for me and nina","Bench Press (Barbell)",,"",2,"normal",80,10,,,
"Push","Feb 24, 2026, 8:20 PM","Feb 24, 2026, 9:19 PM","Quick one after work gad to go home to cook dinner for me and nina","Bench Press (Barbell)",,"",3,"normal",80,8,,,
"Push","Feb 24, 2026, 8:20 PM","Feb 24, 2026, 9:19 PM","Quick one after work gad to go home to cook dinner for me and nina","Chest Press (Machine)",,"",0,"normal",98,10,,,
"Push","Feb 24, 2026, 8:20 PM","Feb 24, 2026, 9:19 PM","Quick one after work gad to go home to cook dinner for me and nina","Chest Press (Machine)",,"",1,"normal",98,8,,,
"Push","Feb 24, 2026, 8:20 PM","Feb 24, 2026, 9:19 PM","Quick one after work gad to go home to cook dinner for me and nina","Chest Press (Machine)",,"",2,"normal",98,6,,,
"Push","Feb 24, 2026, 8:20 PM","Feb 24, 2026, 9:19 PM","Quick one after work gad to go home to cook dinner for me and nina","Single Arm Triceps Pushdown (Cable)",,"",0,"normal",15,11,,,
"Push","Feb 24, 2026, 8:20 PM","Feb 24, 2026, 9:19 PM","Quick one after work gad to go home to cook dinner for me and nina","Single Arm Triceps Pushdown (Cable)",,"",1,"normal",15,10,,,
"Push","Feb 24, 2026, 8:20 PM","Feb 24, 2026, 9:19 PM","Quick one after work gad to go home to cook dinner for me and nina","Single Arm Triceps Pushdown (Cable)",,"",2,"normal",15,8,,,
"Push","Feb 24, 2026, 8:20 PM","Feb 24, 2026, 9:19 PM","Quick one after work gad to go home to cook dinner for me and nina","Lateral Raise (Cable)",,"",0,"normal",7.5,16,,,
"Push","Feb 24, 2026, 8:20 PM","Feb 24, 2026, 9:19 PM","Quick one after work gad to go home to cook dinner for me and nina","Lateral Raise (Cable)",,"",1,"normal",10,8,,,
"Push","Feb 24, 2026, 8:20 PM","Feb 24, 2026, 9:19 PM","Quick one after work gad to go home to cook dinner for me and nina","Lateral Raise (Cable)",,"",2,"normal",10,9,,,
"Lower","Feb 22, 2026, 9:02 AM","Feb 22, 2026, 10:29 AM","Pretty average leg day had a but of a time limit o had to cut it short. Been a while since I last stretched so lost a little flexibility","Standing Calf Raise (Machine)",,"",0,"normal",210,15,,,
"Lower","Feb 22, 2026, 9:02 AM","Feb 22, 2026, 10:29 AM","Pretty average leg day had a but of a time limit o had to cut it short. Been a while since I last stretched so lost a little flexibility","Standing Calf Raise (Machine)",,"",1,"normal",210,15,,,
"Lower","Feb 22, 2026, 9:02 AM","Feb 22, 2026, 10:29 AM","Pretty average leg day had a but of a time limit o had to cut it short. Been a while since I last stretched so lost a little flexibility","Seated Leg Curl (Machine)",,"",0,"normal",82.5,12,,,
"Lower","Feb 22, 2026, 9:02 AM","Feb 22, 2026, 10:29 AM","Pretty average leg day had a but of a time limit o had to cut it short. Been a while since I last stretched so lost a little flexibility","Seated Leg Curl (Machine)",,"",1,"normal",82.5,11,,,
"Lower","Feb 22, 2026, 9:02 AM","Feb 22, 2026, 10:29 AM","Pretty average leg day had a but of a time limit o had to cut it short. Been a while since I last stretched so lost a little flexibility","Seated Leg Curl (Machine)",,"",2,"normal",82.5,10,,,
"Lower","Feb 22, 2026, 9:02 AM","Feb 22, 2026, 10:29 AM","Pretty average leg day had a but of a time limit o had to cut it short. Been a while since I last stretched so lost a little flexibility","Leg Press (Machine)",,"",0,"normal",210,12,,,
"Lower","Feb 22, 2026, 9:02 AM","Feb 22, 2026, 10:29 AM","Pretty average leg day had a but of a time limit o had to cut it short. Been a while since I last stretched so lost a little flexibility","Leg Press (Machine)",,"",1,"normal",210,13,,,
"Lower","Feb 22, 2026, 9:02 AM","Feb 22, 2026, 10:29 AM","Pretty average leg day had a but of a time limit o had to cut it short. Been a while since I last stretched so lost a little flexibility","Leg Extension (Machine)",,"",0,"normal",105,12,,,
"Lower","Feb 22, 2026, 9:02 AM","Feb 22, 2026, 10:29 AM","Pretty average leg day had a but of a time limit o had to cut it short. Been a while since I last stretched so lost a little flexibility","Leg Extension (Machine)",,"",1,"normal",105,10,,,
"Lower","Feb 22, 2026, 9:02 AM","Feb 22, 2026, 10:29 AM","Pretty average leg day had a but of a time limit o had to cut it short. Been a while since I last stretched so lost a little flexibility","Leg Extension (Machine)",,"",2,"normal",105,12,,,
"Lower","Feb 22, 2026, 9:02 AM","Feb 22, 2026, 10:29 AM","Pretty average leg day had a but of a time limit o had to cut it short. Been a while since I last stretched so lost a little flexibility","Hip Abduction (Machine)",,"",0,"normal",102.5,26,,,
"Lower","Feb 22, 2026, 9:02 AM","Feb 22, 2026, 10:29 AM","Pretty average leg day had a but of a time limit o had to cut it short. Been a while since I last stretched so lost a little flexibility","Hip Abduction (Machine)",,"",1,"normal",102.5,25,,,
"Lower","Feb 22, 2026, 9:02 AM","Feb 22, 2026, 10:29 AM","Pretty average leg day had a but of a time limit o had to cut it short. Been a while since I last stretched so lost a little flexibility","Romanian Deadlift (Barbell)",,"",0,"normal",150,9,,,
"Lower","Feb 22, 2026, 9:02 AM","Feb 22, 2026, 10:29 AM","Pretty average leg day had a but of a time limit o had to cut it short. Been a while since I last stretched so lost a little flexibility","Romanian Deadlift (Barbell)",,"",1,"normal",150,10,,,
"Lower","Feb 22, 2026, 9:02 AM","Feb 22, 2026, 10:29 AM","Pretty average leg day had a but of a time limit o had to cut it short. Been a while since I last stretched so lost a little flexibility","Hip Abduction (Machine)",,"",0,"normal",100,20,,,
"Lower","Feb 22, 2026, 9:02 AM","Feb 22, 2026, 10:29 AM","Pretty average leg day had a but of a time limit o had to cut it short. Been a while since I last stretched so lost a little flexibility","Hip Abduction (Machine)",,"",1,"normal",102.5,25,,,
"Afternoon workout 💪","Feb 21, 2026, 3:40 PM","Feb 21, 2026, 4:37 PM","Arm day","Overhead Triceps Extension (Cable)",,"",0,"warmup",27.5,12,,,
"Afternoon workout 💪","Feb 21, 2026, 3:40 PM","Feb 21, 2026, 4:37 PM","Arm day","Overhead Triceps Extension (Cable)",,"",1,"normal",27.5,14,,,
"Afternoon workout 💪","Feb 21, 2026, 3:40 PM","Feb 21, 2026, 4:37 PM","Arm day","Overhead Triceps Extension (Cable)",,"",2,"normal",27.5,16,,,
"Afternoon workout 💪","Feb 21, 2026, 3:40 PM","Feb 21, 2026, 4:37 PM","Arm day","Bicep Curl (Dumbbell)",,"",0,"normal",20,8,,,
"Afternoon workout 💪","Feb 21, 2026, 3:40 PM","Feb 21, 2026, 4:37 PM","Arm day","Bicep Curl (Dumbbell)",,"",1,"normal",20,7,,,
"Afternoon workout 💪","Feb 21, 2026, 3:40 PM","Feb 21, 2026, 4:37 PM","Arm day","Bicep Curl (Dumbbell)",,"",2,"normal",20,7,,,
"Afternoon workout 💪","Feb 21, 2026, 3:40 PM","Feb 21, 2026, 4:37 PM","Arm day","Triceps Pushdown",,"",0,"normal",40,10,,,
"Afternoon workout 💪","Feb 21, 2026, 3:40 PM","Feb 21, 2026, 4:37 PM","Arm day","Triceps Pushdown",,"",1,"normal",40,12,,,
"Afternoon workout 💪","Feb 21, 2026, 3:40 PM","Feb 21, 2026, 4:37 PM","Arm day","Triceps Pushdown",,"",2,"normal",40,11,,,
"Afternoon workout 💪","Feb 21, 2026, 3:40 PM","Feb 21, 2026, 4:37 PM","Arm day","Triceps Rope Pushdown",,"",0,"normal",25,6,,,
"Afternoon workout 💪","Feb 21, 2026, 3:40 PM","Feb 21, 2026, 4:37 PM","Arm day","Triceps Rope Pushdown",,"",1,"normal",25,5,,,
"Afternoon workout 💪","Feb 21, 2026, 3:40 PM","Feb 21, 2026, 4:37 PM","Arm day","Triceps Rope Pushdown",,"",2,"normal",20,6,,,
"Afternoon workout 💪","Feb 21, 2026, 3:40 PM","Feb 21, 2026, 4:37 PM","Arm day","Preacher Curl (Machine)",,"",0,"normal",55,12,,,
"Afternoon workout 💪","Feb 21, 2026, 3:40 PM","Feb 21, 2026, 4:37 PM","Arm day","Preacher Curl (Machine)",,"",1,"normal",64,8,,,
"Afternoon workout 💪","Feb 21, 2026, 3:40 PM","Feb 21, 2026, 4:37 PM","Arm day","Preacher Curl (Machine)",,"",2,"normal",64,12,,,
"Pull","Feb 20, 2026, 8:01 PM","Feb 20, 2026, 9:00 PM","Forearms are destroyed, low volume on some exercises cause was hurting my upper chest injury","Lat Pulldown (Cable)",,"",0,"normal",90,11,,,
"Pull","Feb 20, 2026, 8:01 PM","Feb 20, 2026, 9:00 PM","Forearms are destroyed, low volume on some exercises cause was hurting my upper chest injury","Lat Pulldown (Cable)",,"",1,"normal",90,9,,,
"Pull","Feb 20, 2026, 8:01 PM","Feb 20, 2026, 9:00 PM","Forearms are destroyed, low volume on some exercises cause was hurting my upper chest injury","Lat Pulldown (Cable)",,"",2,"normal",90,8,,,
"Pull","Feb 20, 2026, 8:01 PM","Feb 20, 2026, 9:00 PM","Forearms are destroyed, low volume on some exercises cause was hurting my upper chest injury","Single Arm Lat Pulldown",,"",0,"normal",42.5,10,,,
"Pull","Feb 20, 2026, 8:01 PM","Feb 20, 2026, 9:00 PM","Forearms are destroyed, low volume on some exercises cause was hurting my upper chest injury","Single Arm Lat Pulldown",,"",1,"normal",42.5,8,,,
"Pull","Feb 20, 2026, 8:01 PM","Feb 20, 2026, 9:00 PM","Forearms are destroyed, low volume on some exercises cause was hurting my upper chest injury","Single Arm Lat Pulldown",,"",2,"normal",42.5,7,,,
"Pull","Feb 20, 2026, 8:01 PM","Feb 20, 2026, 9:00 PM","Forearms are destroyed, low volume on some exercises cause was hurting my upper chest injury","Seated Cable Row - Bar Grip",,"",0,"normal",90,11,,,
"Pull","Feb 20, 2026, 8:01 PM","Feb 20, 2026, 9:00 PM","Forearms are destroyed, low volume on some exercises cause was hurting my upper chest injury","Seated Cable Row - Bar Grip",,"",1,"normal",90,10,,,
"Pull","Feb 20, 2026, 8:01 PM","Feb 20, 2026, 9:00 PM","Forearms are destroyed, low volume on some exercises cause was hurting my upper chest injury","Seated Cable Row - Bar Grip",,"",2,"normal",90,9,,,
"Pull","Feb 20, 2026, 8:01 PM","Feb 20, 2026, 9:00 PM","Forearms are destroyed, low volume on some exercises cause was hurting my upper chest injury","Reverse Fly Single Arm (Cable)",,"",0,"normal",22.5,10,,,
"Pull","Feb 20, 2026, 8:01 PM","Feb 20, 2026, 9:00 PM","Forearms are destroyed, low volume on some exercises cause was hurting my upper chest injury","Reverse Fly Single Arm (Cable)",,"",1,"normal",20,12,,,
"Pull","Feb 20, 2026, 8:01 PM","Feb 20, 2026, 9:00 PM","Forearms are destroyed, low volume on some exercises cause was hurting my upper chest injury","Hammer Curl (Dumbbell)",,"",0,"normal",22,12,,,
"Pull","Feb 20, 2026, 8:01 PM","Feb 20, 2026, 9:00 PM","Forearms are destroyed, low volume on some exercises cause was hurting my upper chest injury","Hammer Curl (Dumbbell)",,"",1,"normal",22,11,,,
"Pull","Feb 20, 2026, 8:01 PM","Feb 20, 2026, 9:00 PM","Forearms are destroyed, low volume on some exercises cause was hurting my upper chest injury","Seated Palms Up Wrist Curl",,"",0,"normal",20,12,,,
"Pull","Feb 20, 2026, 8:01 PM","Feb 20, 2026, 9:00 PM","Forearms are destroyed, low volume on some exercises cause was hurting my upper chest injury","Seated Palms Up Wrist Curl",,"",1,"normal",20,11,,,
"Pull","Feb 20, 2026, 8:01 PM","Feb 20, 2026, 9:00 PM","Forearms are destroyed, low volume on some exercises cause was hurting my upper chest injury","Seated Palms Up Wrist Curl",,"",2,"normal",20,9,,,
"Pull","Feb 20, 2026, 8:01 PM","Feb 20, 2026, 9:00 PM","Forearms are destroyed, low volume on some exercises cause was hurting my upper chest injury","Seated Wrist Extension (Barbell)",,"",0,"normal",14,14,,,
"Pull","Feb 20, 2026, 8:01 PM","Feb 20, 2026, 9:00 PM","Forearms are destroyed, low volume on some exercises cause was hurting my upper chest injury","Seated Wrist Extension (Barbell)",,"",1,"normal",14,15,,,
"Pull","Feb 20, 2026, 8:01 PM","Feb 20, 2026, 9:00 PM","Forearms are destroyed, low volume on some exercises cause was hurting my upper chest injury","Seated Wrist Extension (Barbell)",,"",2,"normal",14,11,,,
"Push","Feb 19, 2026, 8:13 PM","Feb 19, 2026, 9:05 PM","I wasnt going to go tonight but my beautiful girlfriend got me some fresh new gymshark and ofc I had to test it out. Went a little bit easier on my chest and avoided most upper chest","Bench Press (Barbell)",,"",0,"normal",60,10,,,
"Push","Feb 19, 2026, 8:13 PM","Feb 19, 2026, 9:05 PM","I wasnt going to go tonight but my beautiful girlfriend got me some fresh new gymshark and ofc I had to test it out. Went a little bit easier on my chest and avoided most upper chest","Bench Press (Barbell)",,"",1,"normal",80,10,,,
"Push","Feb 19, 2026, 8:13 PM","Feb 19, 2026, 9:05 PM","I wasnt going to go tonight but my beautiful girlfriend got me some fresh new gymshark and ofc I had to test it out. Went a little bit easier on my chest and avoided most upper chest","Chest Press (Machine)",,"",0,"normal",98,8,,,
"Push","Feb 19, 2026, 8:13 PM","Feb 19, 2026, 9:05 PM","I wasnt going to go tonight but my beautiful girlfriend got me some fresh new gymshark and ofc I had to test it out. Went a little bit easier on my chest and avoided most upper chest","Chest Press (Machine)",,"",1,"normal",98,9,,,
"Push","Feb 19, 2026, 8:13 PM","Feb 19, 2026, 9:05 PM","I wasnt going to go tonight but my beautiful girlfriend got me some fresh new gymshark and ofc I had to test it out. Went a little bit easier on my chest and avoided most upper chest","Chest Press (Machine)",,"",2,"normal",98,10,,,
"Push","Feb 19, 2026, 8:13 PM","Feb 19, 2026, 9:05 PM","I wasnt going to go tonight but my beautiful girlfriend got me some fresh new gymshark and ofc I had to test it out. Went a little bit easier on my chest and avoided most upper chest","Chest Press (Machine)",,"",3,"normal",98,9,,,
"Push","Feb 19, 2026, 8:13 PM","Feb 19, 2026, 9:05 PM","I wasnt going to go tonight but my beautiful girlfriend got me some fresh new gymshark and ofc I had to test it out. Went a little bit easier on my chest and avoided most upper chest","Lateral Raise (Machine)",,"",0,"normal",35,14,,,
"Push","Feb 19, 2026, 8:13 PM","Feb 19, 2026, 9:05 PM","I wasnt going to go tonight but my beautiful girlfriend got me some fresh new gymshark and ofc I had to test it out. Went a little bit easier on my chest and avoided most upper chest","Lateral Raise (Machine)",,"",1,"normal",35,14,,,
"Push","Feb 19, 2026, 8:13 PM","Feb 19, 2026, 9:05 PM","I wasnt going to go tonight but my beautiful girlfriend got me some fresh new gymshark and ofc I had to test it out. Went a little bit easier on my chest and avoided most upper chest","Lateral Raise (Machine)",,"",2,"normal",35,14,,,
"Push","Feb 19, 2026, 8:13 PM","Feb 19, 2026, 9:05 PM","I wasnt going to go tonight but my beautiful girlfriend got me some fresh new gymshark and ofc I had to test it out. Went a little bit easier on my chest and avoided most upper chest","Triceps Pushdown",,"",0,"normal",40,12,,,
"Push","Feb 19, 2026, 8:13 PM","Feb 19, 2026, 9:05 PM","I wasnt going to go tonight but my beautiful girlfriend got me some fresh new gymshark and ofc I had to test it out. Went a little bit easier on my chest and avoided most upper chest","Triceps Pushdown",,"",1,"normal",40,11,,,
"Push","Feb 19, 2026, 8:13 PM","Feb 19, 2026, 9:05 PM","I wasnt going to go tonight but my beautiful girlfriend got me some fresh new gymshark and ofc I had to test it out. Went a little bit easier on my chest and avoided most upper chest","Triceps Pushdown",,"",2,"normal",40,11,,,
"Push","Feb 19, 2026, 8:13 PM","Feb 19, 2026, 9:05 PM","I wasnt going to go tonight but my beautiful girlfriend got me some fresh new gymshark and ofc I had to test it out. Went a little bit easier on my chest and avoided most upper chest","Single Arm Triceps Pushdown (Cable)",,"No wonder I start with these ones first holy moly",0,"normal",15,6,,,
"Push","Feb 19, 2026, 8:13 PM","Feb 19, 2026, 9:05 PM","I wasnt going to go tonight but my beautiful girlfriend got me some fresh new gymshark and ofc I had to test it out. Went a little bit easier on my chest and avoided most upper chest","Single Arm Triceps Pushdown (Cable)",,"No wonder I start with these ones first holy moly",1,"normal",12.5,9,,,
"Lower","Feb 17, 2026, 2:57 PM","Feb 17, 2026, 4:18 PM","Genuinely had to take a 30 min break half way through so I didnt throw up but Im not a pussy and I always finish","Standing Calf Raise (Machine)",,"",0,"normal",200,15,,,
"Lower","Feb 17, 2026, 2:57 PM","Feb 17, 2026, 4:18 PM","Genuinely had to take a 30 min break half way through so I didnt throw up but Im not a pussy and I always finish","Standing Calf Raise (Machine)",,"",1,"normal",200,15,,,
"Lower","Feb 17, 2026, 2:57 PM","Feb 17, 2026, 4:18 PM","Genuinely had to take a 30 min break half way through so I didnt throw up but Im not a pussy and I always finish","Standing Calf Raise (Machine)",,"",2,"normal",200,15,,,
"Lower","Feb 17, 2026, 2:57 PM","Feb 17, 2026, 4:18 PM","Genuinely had to take a 30 min break half way through so I didnt throw up but Im not a pussy and I always finish","Back Extension (Weighted Hyperextension)",,"",0,"normal",60,10,,,
"Lower","Feb 17, 2026, 2:57 PM","Feb 17, 2026, 4:18 PM","Genuinely had to take a 30 min break half way through so I didnt throw up but Im not a pussy and I always finish","Back Extension (Weighted Hyperextension)",,"",1,"normal",60,12,,,
"Lower","Feb 17, 2026, 2:57 PM","Feb 17, 2026, 4:18 PM","Genuinely had to take a 30 min break half way through so I didnt throw up but Im not a pussy and I always finish","Back Extension (Weighted Hyperextension)",,"",2,"normal",60,12,,,
"Lower","Feb 17, 2026, 2:57 PM","Feb 17, 2026, 4:18 PM","Genuinely had to take a 30 min break half way through so I didnt throw up but Im not a pussy and I always finish","Seated Leg Curl (Machine)",,"",0,"normal",80,12,,,
"Lower","Feb 17, 2026, 2:57 PM","Feb 17, 2026, 4:18 PM","Genuinely had to take a 30 min break half way through so I didnt throw up but Im not a pussy and I always finish","Seated Leg Curl (Machine)",,"",1,"normal",80,12,,,
"Lower","Feb 17, 2026, 2:57 PM","Feb 17, 2026, 4:18 PM","Genuinely had to take a 30 min break half way through so I didnt throw up but Im not a pussy and I always finish","Seated Leg Curl (Machine)",,"",2,"normal",80,12,,,
"Lower","Feb 17, 2026, 2:57 PM","Feb 17, 2026, 4:18 PM","Genuinely had to take a 30 min break half way through so I didnt throw up but Im not a pussy and I always finish","Leg Press (Machine)",,"",0,"normal",200,14,,,
"Lower","Feb 17, 2026, 2:57 PM","Feb 17, 2026, 4:18 PM","Genuinely had to take a 30 min break half way through so I didnt throw up but Im not a pussy and I always finish","Leg Press (Machine)",,"",1,"normal",200,14,,,
"Lower","Feb 17, 2026, 2:57 PM","Feb 17, 2026, 4:18 PM","Genuinely had to take a 30 min break half way through so I didnt throw up but Im not a pussy and I always finish","Leg Press (Machine)",,"",2,"normal",200,12,,,
"Lower","Feb 17, 2026, 2:57 PM","Feb 17, 2026, 4:18 PM","Genuinely had to take a 30 min break half way through so I didnt throw up but Im not a pussy and I always finish","Leg Extension (Machine)",,"",0,"normal",105,12,,,
"Lower","Feb 17, 2026, 2:57 PM","Feb 17, 2026, 4:18 PM","Genuinely had to take a 30 min break half way through so I didnt throw up but Im not a pussy and I always finish","Leg Extension (Machine)",,"",1,"normal",105,11,,,
"Lower","Feb 17, 2026, 2:57 PM","Feb 17, 2026, 4:18 PM","Genuinely had to take a 30 min break half way through so I didnt throw up but Im not a pussy and I always finish","Leg Extension (Machine)",,"",2,"normal",105,9,,,
"Lower","Feb 17, 2026, 2:57 PM","Feb 17, 2026, 4:18 PM","Genuinely had to take a 30 min break half way through so I didnt throw up but Im not a pussy and I always finish","Crunch (Machine)",,"",0,"normal",40,14,,,
"Lower","Feb 17, 2026, 2:57 PM","Feb 17, 2026, 4:18 PM","Genuinely had to take a 30 min break half way through so I didnt throw up but Im not a pussy and I always finish","Crunch (Machine)",,"",1,"normal",40,14,,,
"Lower","Feb 17, 2026, 2:57 PM","Feb 17, 2026, 4:18 PM","Genuinely had to take a 30 min break half way through so I didnt throw up but Im not a pussy and I always finish","Crunch (Machine)",,"",2,"normal",40,13,,,
"Lower","Feb 17, 2026, 2:57 PM","Feb 17, 2026, 4:18 PM","Genuinely had to take a 30 min break half way through so I didnt throw up but Im not a pussy and I always finish","Treadmill",,"",0,"normal",,,3.25,2400,
"Pull","Feb 16, 2026, 12:42 PM","Feb 16, 2026, 1:29 PM","A quick low volume one today cause we are in recovery mode. Could feel the upper chest hurting during the pulldown exercises give it a week of good recovery and we can start picking things back up","Lat Pulldown (Cable)",,"",0,"normal",90,10,,,
"Pull","Feb 16, 2026, 12:42 PM","Feb 16, 2026, 1:29 PM","A quick low volume one today cause we are in recovery mode. Could feel the upper chest hurting during the pulldown exercises give it a week of good recovery and we can start picking things back up","Lat Pulldown (Cable)",,"",1,"normal",90,9,,,
"Pull","Feb 16, 2026, 12:42 PM","Feb 16, 2026, 1:29 PM","A quick low volume one today cause we are in recovery mode. Could feel the upper chest hurting during the pulldown exercises give it a week of good recovery and we can start picking things back up","Lat Pulldown (Cable)",,"",2,"normal",90,8,,,
"Pull","Feb 16, 2026, 12:42 PM","Feb 16, 2026, 1:29 PM","A quick low volume one today cause we are in recovery mode. Could feel the upper chest hurting during the pulldown exercises give it a week of good recovery and we can start picking things back up","Single Arm Lat Pulldown",,"",0,"normal",40,12,,,
"Pull","Feb 16, 2026, 12:42 PM","Feb 16, 2026, 1:29 PM","A quick low volume one today cause we are in recovery mode. Could feel the upper chest hurting during the pulldown exercises give it a week of good recovery and we can start picking things back up","Single Arm Lat Pulldown",,"",1,"normal",40,12,,,
"Pull","Feb 16, 2026, 12:42 PM","Feb 16, 2026, 1:29 PM","A quick low volume one today cause we are in recovery mode. Could feel the upper chest hurting during the pulldown exercises give it a week of good recovery and we can start picking things back up","Single Arm Lat Pulldown",,"",2,"normal",40,12,,,
"Pull","Feb 16, 2026, 12:42 PM","Feb 16, 2026, 1:29 PM","A quick low volume one today cause we are in recovery mode. Could feel the upper chest hurting during the pulldown exercises give it a week of good recovery and we can start picking things back up","Seated Cable Row - Bar Grip",,"",0,"normal",90,9,,,
"Pull","Feb 16, 2026, 12:42 PM","Feb 16, 2026, 1:29 PM","A quick low volume one today cause we are in recovery mode. Could feel the upper chest hurting during the pulldown exercises give it a week of good recovery and we can start picking things back up","Seated Cable Row - Bar Grip",,"",1,"normal",90,10,,,
"Pull","Feb 16, 2026, 12:42 PM","Feb 16, 2026, 1:29 PM","A quick low volume one today cause we are in recovery mode. Could feel the upper chest hurting during the pulldown exercises give it a week of good recovery and we can start picking things back up","Seated Cable Row - Bar Grip",,"",2,"normal",90,10,,,
"Push","Feb 15, 2026, 8:01 PM","Feb 15, 2026, 9:03 PM","We might have us a minor muscle strain on the chest. Not good news gonna rest up and get this recovered","Bench Press (Barbell)",,"",0,"normal",80,1,,,
"Push","Feb 15, 2026, 8:01 PM","Feb 15, 2026, 9:03 PM","We might have us a minor muscle strain on the chest. Not good news gonna rest up and get this recovered","Bench Press (Barbell)",,"",1,"normal",90,1,,,
"Push","Feb 15, 2026, 8:01 PM","Feb 15, 2026, 9:03 PM","We might have us a minor muscle strain on the chest. Not good news gonna rest up and get this recovered","Bench Press (Barbell)",,"",2,"normal",95,1,,,
"Push","Feb 15, 2026, 8:01 PM","Feb 15, 2026, 9:03 PM","We might have us a minor muscle strain on the chest. Not good news gonna rest up and get this recovered","Bench Press (Barbell)",,"",3,"normal",100,1,,,
"Push","Feb 15, 2026, 8:01 PM","Feb 15, 2026, 9:03 PM","We might have us a minor muscle strain on the chest. Not good news gonna rest up and get this recovered","Chest Press (Machine)",,"Different machine with plates
I think i pusjed it too far without proper warm up today and can feel it in my upper chest on my right side",0,"normal",96,16,,,
"Push","Feb 15, 2026, 8:01 PM","Feb 15, 2026, 9:03 PM","We might have us a minor muscle strain on the chest. Not good news gonna rest up and get this recovered","Chest Press (Machine)",,"Different machine with plates
I think i pusjed it too far without proper warm up today and can feel it in my upper chest on my right side",1,"normal",116,6,,,
"Push","Feb 15, 2026, 8:01 PM","Feb 15, 2026, 9:03 PM","We might have us a minor muscle strain on the chest. Not good news gonna rest up and get this recovered","Chest Press (Machine)",,"Different machine with plates
I think i pusjed it too far without proper warm up today and can feel it in my upper chest on my right side",2,"normal",96,11,,,
"Push","Feb 15, 2026, 8:01 PM","Feb 15, 2026, 9:03 PM","We might have us a minor muscle strain on the chest. Not good news gonna rest up and get this recovered","Triceps Pushdown",,"",0,"normal",35,14,,,
"Push","Feb 15, 2026, 8:01 PM","Feb 15, 2026, 9:03 PM","We might have us a minor muscle strain on the chest. Not good news gonna rest up and get this recovered","Triceps Pushdown",,"",1,"normal",37.5,12,,,
"Push","Feb 15, 2026, 8:01 PM","Feb 15, 2026, 9:03 PM","We might have us a minor muscle strain on the chest. Not good news gonna rest up and get this recovered","Triceps Pushdown",,"",2,"normal",37.5,12,,,
"Push","Feb 15, 2026, 8:01 PM","Feb 15, 2026, 9:03 PM","We might have us a minor muscle strain on the chest. Not good news gonna rest up and get this recovered","Single Arm Triceps Pushdown (Cable)",,"",0,"normal",15,8,,,
"Push","Feb 15, 2026, 8:01 PM","Feb 15, 2026, 9:03 PM","We might have us a minor muscle strain on the chest. Not good news gonna rest up and get this recovered","Single Arm Triceps Pushdown (Cable)",,"",1,"normal",15,8,,,
"Push","Feb 15, 2026, 8:01 PM","Feb 15, 2026, 9:03 PM","We might have us a minor muscle strain on the chest. Not good news gonna rest up and get this recovered","Lateral Raise (Cable)",,"",0,"normal",7.5,14,,,
"Push","Feb 15, 2026, 8:01 PM","Feb 15, 2026, 9:03 PM","We might have us a minor muscle strain on the chest. Not good news gonna rest up and get this recovered","Lateral Raise (Cable)",,"",1,"normal",7.5,12,,,
"Push","Feb 15, 2026, 8:01 PM","Feb 15, 2026, 9:03 PM","We might have us a minor muscle strain on the chest. Not good news gonna rest up and get this recovered","Lateral Raise (Cable)",,"",2,"normal",7.5,12,,,
"Lower","Feb 13, 2026, 11:17 AM","Feb 13, 2026, 12:49 PM","Forgot to wnd it until i got home but workout was pretty solid","Squat (Barbell)",,"",0,"normal",100,10,,,
"Lower","Feb 13, 2026, 11:17 AM","Feb 13, 2026, 12:49 PM","Forgot to wnd it until i got home but workout was pretty solid","Squat (Barbell)",,"",1,"normal",100,8,,,
"Lower","Feb 13, 2026, 11:17 AM","Feb 13, 2026, 12:49 PM","Forgot to wnd it until i got home but workout was pretty solid","Seated Leg Curl (Machine)",,"Same thing here as the leg extensions",0,"normal",80,12,,,
"Lower","Feb 13, 2026, 11:17 AM","Feb 13, 2026, 12:49 PM","Forgot to wnd it until i got home but workout was pretty solid","Seated Leg Curl (Machine)",,"Same thing here as the leg extensions",1,"normal",80,10,,,
"Lower","Feb 13, 2026, 11:17 AM","Feb 13, 2026, 12:49 PM","Forgot to wnd it until i got home but workout was pretty solid","Seated Leg Curl (Machine)",,"Same thing here as the leg extensions",2,"normal",80,9,,,
"Lower","Feb 13, 2026, 11:17 AM","Feb 13, 2026, 12:49 PM","Forgot to wnd it until i got home but workout was pretty solid","Leg Extension (Machine)",,"Bettering my form and trying to stop lifting my butt off the seat",0,"normal",105,11,,,
"Lower","Feb 13, 2026, 11:17 AM","Feb 13, 2026, 12:49 PM","Forgot to wnd it until i got home but workout was pretty solid","Leg Extension (Machine)",,"Bettering my form and trying to stop lifting my butt off the seat",1,"normal",105,10,,,
"Lower","Feb 13, 2026, 11:17 AM","Feb 13, 2026, 12:49 PM","Forgot to wnd it until i got home but workout was pretty solid","Leg Extension (Machine)",,"Bettering my form and trying to stop lifting my butt off the seat",2,"normal",105,9,,,
"Lower","Feb 13, 2026, 11:17 AM","Feb 13, 2026, 12:49 PM","Forgot to wnd it until i got home but workout was pretty solid","Hip Abduction (Machine)",,"",0,"normal",102.5,25,,,
"Lower","Feb 13, 2026, 11:17 AM","Feb 13, 2026, 12:49 PM","Forgot to wnd it until i got home but workout was pretty solid","Hip Abduction (Machine)",,"",1,"normal",102.5,25,,,
"Lower","Feb 13, 2026, 11:17 AM","Feb 13, 2026, 12:49 PM","Forgot to wnd it until i got home but workout was pretty solid","Hip Abduction (Machine)",,"",2,"normal",102.5,22,,,
"Lower","Feb 13, 2026, 11:17 AM","Feb 13, 2026, 12:49 PM","Forgot to wnd it until i got home but workout was pretty solid","Romanian Deadlift (Barbell)",,"Honestly my grip is coming loose even with straps today",0,"normal",150,5,,,
"Lower","Feb 13, 2026, 11:17 AM","Feb 13, 2026, 12:49 PM","Forgot to wnd it until i got home but workout was pretty solid","Romanian Deadlift (Barbell)",,"Honestly my grip is coming loose even with straps today",1,"normal",140,9,,,
"Lower","Feb 13, 2026, 11:17 AM","Feb 13, 2026, 12:49 PM","Forgot to wnd it until i got home but workout was pretty solid","Crunch (Machine)",,"",0,"normal",40,12,,,
"Lower","Feb 13, 2026, 11:17 AM","Feb 13, 2026, 12:49 PM","Forgot to wnd it until i got home but workout was pretty solid","Crunch (Machine)",,"",1,"normal",40,13,,,
"Lower","Feb 13, 2026, 11:17 AM","Feb 13, 2026, 12:49 PM","Forgot to wnd it until i got home but workout was pretty solid","Crunch (Machine)",,"",2,"normal",40,12,,,
"Lower","Feb 13, 2026, 11:17 AM","Feb 13, 2026, 12:49 PM","Forgot to wnd it until i got home but workout was pretty solid","Hip Abduction (Machine)",,"",0,"normal",102.5,25,,,
"Lower","Feb 13, 2026, 11:17 AM","Feb 13, 2026, 12:49 PM","Forgot to wnd it until i got home but workout was pretty solid","Hip Abduction (Machine)",,"",1,"normal",102.5,25,,,
"Lower","Feb 13, 2026, 11:17 AM","Feb 13, 2026, 12:49 PM","Forgot to wnd it until i got home but workout was pretty solid","Hip Abduction (Machine)",,"",2,"normal",102.5,25,,,
"Pull","Feb 12, 2026, 9:37 AM","Feb 12, 2026, 10:50 AM","Liked the new angle for the archer pulls gonna make that the new baseline","Lat Pulldown (Cable)",,"",0,"normal",90,10,,,
"Pull","Feb 12, 2026, 9:37 AM","Feb 12, 2026, 10:50 AM","Liked the new angle for the archer pulls gonna make that the new baseline","Lat Pulldown (Cable)",,"",1,"normal",90,10,,,
"Pull","Feb 12, 2026, 9:37 AM","Feb 12, 2026, 10:50 AM","Liked the new angle for the archer pulls gonna make that the new baseline","Lat Pulldown (Cable)",,"",2,"normal",90,8,,,
"Pull","Feb 12, 2026, 9:37 AM","Feb 12, 2026, 10:50 AM","Liked the new angle for the archer pulls gonna make that the new baseline","Single Arm Lat Pulldown",,"",0,"normal",40,12,,,
"Pull","Feb 12, 2026, 9:37 AM","Feb 12, 2026, 10:50 AM","Liked the new angle for the archer pulls gonna make that the new baseline","Single Arm Lat Pulldown",,"",1,"normal",40,12,,,
"Pull","Feb 12, 2026, 9:37 AM","Feb 12, 2026, 10:50 AM","Liked the new angle for the archer pulls gonna make that the new baseline","Single Arm Lat Pulldown",,"",2,"normal",40,12,,,
"Pull","Feb 12, 2026, 9:37 AM","Feb 12, 2026, 10:50 AM","Liked the new angle for the archer pulls gonna make that the new baseline","Seated Cable Row - Bar Grip",,"",0,"normal",90,9,,,
"Pull","Feb 12, 2026, 9:37 AM","Feb 12, 2026, 10:50 AM","Liked the new angle for the archer pulls gonna make that the new baseline","Seated Cable Row - Bar Grip",,"",1,"normal",80,12,,,
"Pull","Feb 12, 2026, 9:37 AM","Feb 12, 2026, 10:50 AM","Liked the new angle for the archer pulls gonna make that the new baseline","Seated Cable Row - Bar Grip",,"",2,"normal",80,12,,,
"Pull","Feb 12, 2026, 9:37 AM","Feb 12, 2026, 10:50 AM","Liked the new angle for the archer pulls gonna make that the new baseline","Reverse Fly Single Arm (Cable)",,"Trying a low to high angle today rather than a high to low. Have to lower the weight a bit",0,"normal",20,12,,,
"Pull","Feb 12, 2026, 9:37 AM","Feb 12, 2026, 10:50 AM","Liked the new angle for the archer pulls gonna make that the new baseline","Reverse Fly Single Arm (Cable)",,"Trying a low to high angle today rather than a high to low. Have to lower the weight a bit",1,"normal",20,12,,,
"Pull","Feb 12, 2026, 9:37 AM","Feb 12, 2026, 10:50 AM","Liked the new angle for the archer pulls gonna make that the new baseline","Reverse Fly Single Arm (Cable)",,"Trying a low to high angle today rather than a high to low. Have to lower the weight a bit",2,"normal",20,12,,,
"Pull","Feb 12, 2026, 9:37 AM","Feb 12, 2026, 10:50 AM","Liked the new angle for the archer pulls gonna make that the new baseline","Hammer Curl (Dumbbell)",,"",0,"normal",20,12,,,
"Pull","Feb 12, 2026, 9:37 AM","Feb 12, 2026, 10:50 AM","Liked the new angle for the archer pulls gonna make that the new baseline","Hammer Curl (Dumbbell)",,"",1,"normal",20,13,,,
"Pull","Feb 12, 2026, 9:37 AM","Feb 12, 2026, 10:50 AM","Liked the new angle for the archer pulls gonna make that the new baseline","Hammer Curl (Dumbbell)",,"",2,"normal",20,13,,,
"Pull","Feb 12, 2026, 9:37 AM","Feb 12, 2026, 10:50 AM","Liked the new angle for the archer pulls gonna make that the new baseline","Preacher Curl (Dumbbell)",,"",0,"normal",18,8,,,
"Pull","Feb 12, 2026, 9:37 AM","Feb 12, 2026, 10:50 AM","Liked the new angle for the archer pulls gonna make that the new baseline","Preacher Curl (Dumbbell)",,"",1,"normal",18,7,,,
"Pull","Feb 12, 2026, 9:37 AM","Feb 12, 2026, 10:50 AM","Liked the new angle for the archer pulls gonna make that the new baseline","Seated Palms Up Wrist Curl",,"",0,"normal",18,14,,,
"Pull","Feb 12, 2026, 9:37 AM","Feb 12, 2026, 10:50 AM","Liked the new angle for the archer pulls gonna make that the new baseline","Seated Palms Up Wrist Curl",,"",1,"normal",18,14,,,
"Pull","Feb 12, 2026, 9:37 AM","Feb 12, 2026, 10:50 AM","Liked the new angle for the archer pulls gonna make that the new baseline","Seated Palms Up Wrist Curl",,"",2,"normal",18,14,,,
"Pull","Feb 12, 2026, 9:37 AM","Feb 12, 2026, 10:50 AM","Liked the new angle for the archer pulls gonna make that the new baseline","Seated Wrist Extension (Barbell)",,"",0,"normal",12,20,,,
"Pull","Feb 12, 2026, 9:37 AM","Feb 12, 2026, 10:50 AM","Liked the new angle for the archer pulls gonna make that the new baseline","Seated Wrist Extension (Barbell)",,"",1,"normal",12,20,,,
"Pull","Feb 12, 2026, 9:37 AM","Feb 12, 2026, 10:50 AM","Liked the new angle for the archer pulls gonna make that the new baseline","Seated Wrist Extension (Barbell)",,"",2,"normal",12,20,,,
"Pull","Feb 12, 2026, 9:37 AM","Feb 12, 2026, 10:50 AM","Liked the new angle for the archer pulls gonna make that the new baseline","Treadmill",,"",0,"normal",,,3.25,2400,
"Push","Feb 10, 2026, 8:34 AM","Feb 10, 2026, 10:17 AM","Pretty mean push day bit bloated and indigestion at the start but got better","Bench Press (Barbell)",,"",0,"normal",95,4,,,
"Push","Feb 10, 2026, 8:34 AM","Feb 10, 2026, 10:17 AM","Pretty mean push day bit bloated and indigestion at the start but got better","Bench Press (Barbell)",,"",1,"normal",90,5,,,
"Push","Feb 10, 2026, 8:34 AM","Feb 10, 2026, 10:17 AM","Pretty mean push day bit bloated and indigestion at the start but got better","Bench Press (Barbell)",,"",2,"normal",90,4,,,
"Push","Feb 10, 2026, 8:34 AM","Feb 10, 2026, 10:17 AM","Pretty mean push day bit bloated and indigestion at the start but got better","Incline Bench Press (Smith Machine)",,"",0,"normal",55.5,12,,,
"Push","Feb 10, 2026, 8:34 AM","Feb 10, 2026, 10:17 AM","Pretty mean push day bit bloated and indigestion at the start but got better","Incline Bench Press (Smith Machine)",,"",1,"normal",60.5,12,,,
"Push","Feb 10, 2026, 8:34 AM","Feb 10, 2026, 10:17 AM","Pretty mean push day bit bloated and indigestion at the start but got better","Incline Bench Press (Smith Machine)",,"",2,"normal",60.5,13,,,
"Push","Feb 10, 2026, 8:34 AM","Feb 10, 2026, 10:17 AM","Pretty mean push day bit bloated and indigestion at the start but got better","Overhead Press (Smith Machine)",,"",0,"normal",45.5,10,,,
"Push","Feb 10, 2026, 8:34 AM","Feb 10, 2026, 10:17 AM","Pretty mean push day bit bloated and indigestion at the start but got better","Overhead Press (Smith Machine)",,"",1,"normal",45.5,10,,,
"Push","Feb 10, 2026, 8:34 AM","Feb 10, 2026, 10:17 AM","Pretty mean push day bit bloated and indigestion at the start but got better","Overhead Press (Smith Machine)",,"",2,"normal",45.5,9,,,
"Push","Feb 10, 2026, 8:34 AM","Feb 10, 2026, 10:17 AM","Pretty mean push day bit bloated and indigestion at the start but got better","Lateral Raise (Cable)",,"",0,"normal",7.5,12,,,
"Push","Feb 10, 2026, 8:34 AM","Feb 10, 2026, 10:17 AM","Pretty mean push day bit bloated and indigestion at the start but got better","Lateral Raise (Cable)",,"",1,"normal",7.5,14,,,
"Push","Feb 10, 2026, 8:34 AM","Feb 10, 2026, 10:17 AM","Pretty mean push day bit bloated and indigestion at the start but got better","Lateral Raise (Cable)",,"",2,"normal",7.5,14,,,
"Lower","Feb 9, 2026, 5:43 PM","Feb 9, 2026, 7:26 PM","Went for a run this morning then hit a solid leg day too 💪","Standing Calf Raise (Machine)",,"",0,"normal",200,12,,,
"Lower","Feb 9, 2026, 5:43 PM","Feb 9, 2026, 7:26 PM","Went for a run this morning then hit a solid leg day too 💪","Standing Calf Raise (Machine)",,"",1,"normal",200,12,,,
"Lower","Feb 9, 2026, 5:43 PM","Feb 9, 2026, 7:26 PM","Went for a run this morning then hit a solid leg day too 💪","Standing Calf Raise (Machine)",,"",2,"normal",200,12,,,
"Lower","Feb 9, 2026, 5:43 PM","Feb 9, 2026, 7:26 PM","Went for a run this morning then hit a solid leg day too 💪","Seated Leg Curl (Machine)",,"",0,"normal",80,12,,,
"Lower","Feb 9, 2026, 5:43 PM","Feb 9, 2026, 7:26 PM","Went for a run this morning then hit a solid leg day too 💪","Seated Leg Curl (Machine)",,"",1,"normal",80,12,,,
"Lower","Feb 9, 2026, 5:43 PM","Feb 9, 2026, 7:26 PM","Went for a run this morning then hit a solid leg day too 💪","Seated Leg Curl (Machine)",,"",2,"normal",80,12,,,
"Lower","Feb 9, 2026, 5:43 PM","Feb 9, 2026, 7:26 PM","Went for a run this morning then hit a solid leg day too 💪","Leg Press (Machine)",,"",0,"normal",200,13,,,
"Lower","Feb 9, 2026, 5:43 PM","Feb 9, 2026, 7:26 PM","Went for a run this morning then hit a solid leg day too 💪","Leg Press (Machine)",,"",1,"normal",200,13,,,
"Lower","Feb 9, 2026, 5:43 PM","Feb 9, 2026, 7:26 PM","Went for a run this morning then hit a solid leg day too 💪","Leg Press (Machine)",,"",2,"normal",200,13,,,
"Lower","Feb 9, 2026, 5:43 PM","Feb 9, 2026, 7:26 PM","Went for a run this morning then hit a solid leg day too 💪","Leg Extension (Machine)",,"",0,"normal",110,12,,,
"Lower","Feb 9, 2026, 5:43 PM","Feb 9, 2026, 7:26 PM","Went for a run this morning then hit a solid leg day too 💪","Leg Extension (Machine)",,"",1,"normal",105,12,,,
"Lower","Feb 9, 2026, 5:43 PM","Feb 9, 2026, 7:26 PM","Went for a run this morning then hit a solid leg day too 💪","Leg Extension (Machine)",,"",2,"normal",105,12,,,
"Lower","Feb 9, 2026, 5:43 PM","Feb 9, 2026, 7:26 PM","Went for a run this morning then hit a solid leg day too 💪","Hip Abduction (Machine)",,"",0,"normal",100,22,,,
"Lower","Feb 9, 2026, 5:43 PM","Feb 9, 2026, 7:26 PM","Went for a run this morning then hit a solid leg day too 💪","Hip Abduction (Machine)",,"",1,"normal",102.5,22,,,
"Lower","Feb 9, 2026, 5:43 PM","Feb 9, 2026, 7:26 PM","Went for a run this morning then hit a solid leg day too 💪","Hip Abduction (Machine)",,"",2,"normal",102.5,22,,,
"Lower","Feb 9, 2026, 5:43 PM","Feb 9, 2026, 7:26 PM","Went for a run this morning then hit a solid leg day too 💪","Romanian Deadlift (Barbell)",,"",0,"normal",120,13,,,
"Lower","Feb 9, 2026, 5:43 PM","Feb 9, 2026, 7:26 PM","Went for a run this morning then hit a solid leg day too 💪","Romanian Deadlift (Barbell)",,"",1,"normal",130,15,,,
"Lower","Feb 9, 2026, 5:43 PM","Feb 9, 2026, 7:26 PM","Went for a run this morning then hit a solid leg day too 💪","Romanian Deadlift (Barbell)",,"",2,"normal",150,10,,,
"Lower","Feb 9, 2026, 5:43 PM","Feb 9, 2026, 7:26 PM","Went for a run this morning then hit a solid leg day too 💪","Crunch (Machine)",,"",0,"normal",40,12,,,
"Lower","Feb 9, 2026, 5:43 PM","Feb 9, 2026, 7:26 PM","Went for a run this morning then hit a solid leg day too 💪","Crunch (Machine)",,"",1,"normal",45,10,,,
"Lower","Feb 9, 2026, 5:43 PM","Feb 9, 2026, 7:26 PM","Went for a run this morning then hit a solid leg day too 💪","Crunch (Machine)",,"",2,"normal",45,10,,,
"Pull","Feb 8, 2026, 1:49 PM","Feb 8, 2026, 3:08 PM","Solid solid pull day. Feeling strong and feeling jacked too","Lat Pulldown (Cable)",,"",0,"normal",82.5,13,,,
"Pull","Feb 8, 2026, 1:49 PM","Feb 8, 2026, 3:08 PM","Solid solid pull day. Feeling strong and feeling jacked too","Lat Pulldown (Cable)",,"",1,"normal",82.5,12,,,
"Pull","Feb 8, 2026, 1:49 PM","Feb 8, 2026, 3:08 PM","Solid solid pull day. Feeling strong and feeling jacked too","Lat Pulldown (Cable)",,"",2,"normal",90,8,,,
"Pull","Feb 8, 2026, 1:49 PM","Feb 8, 2026, 3:08 PM","Solid solid pull day. Feeling strong and feeling jacked too","Single Arm Lat Pulldown",,"",0,"normal",40,10,,,
"Pull","Feb 8, 2026, 1:49 PM","Feb 8, 2026, 3:08 PM","Solid solid pull day. Feeling strong and feeling jacked too","Single Arm Lat Pulldown",,"",1,"normal",40,10,,,
"Pull","Feb 8, 2026, 1:49 PM","Feb 8, 2026, 3:08 PM","Solid solid pull day. Feeling strong and feeling jacked too","Single Arm Lat Pulldown",,"",2,"normal",40,10,,,
"Pull","Feb 8, 2026, 1:49 PM","Feb 8, 2026, 3:08 PM","Solid solid pull day. Feeling strong and feeling jacked too","Seated Cable Row - Bar Grip",,"",0,"normal",82.5,12,,,
"Pull","Feb 8, 2026, 1:49 PM","Feb 8, 2026, 3:08 PM","Solid solid pull day. Feeling strong and feeling jacked too","Seated Cable Row - Bar Grip",,"",1,"normal",90,9,,,
"Pull","Feb 8, 2026, 1:49 PM","Feb 8, 2026, 3:08 PM","Solid solid pull day. Feeling strong and feeling jacked too","Seated Cable Row - Bar Grip",,"",2,"normal",90,9,,,
"Pull","Feb 8, 2026, 1:49 PM","Feb 8, 2026, 3:08 PM","Solid solid pull day. Feeling strong and feeling jacked too","Reverse Fly Single Arm (Cable)",,"",0,"normal",25,14,,,
"Pull","Feb 8, 2026, 1:49 PM","Feb 8, 2026, 3:08 PM","Solid solid pull day. Feeling strong and feeling jacked too","Reverse Fly Single Arm (Cable)",,"",1,"normal",27.5,14,,,
"Pull","Feb 8, 2026, 1:49 PM","Feb 8, 2026, 3:08 PM","Solid solid pull day. Feeling strong and feeling jacked too","Reverse Fly Single Arm (Cable)",,"",2,"normal",27.5,14,,,
"Pull","Feb 8, 2026, 1:49 PM","Feb 8, 2026, 3:08 PM","Solid solid pull day. Feeling strong and feeling jacked too","Hammer Curl (Dumbbell)",,"",0,"normal",20,12,,,
"Pull","Feb 8, 2026, 1:49 PM","Feb 8, 2026, 3:08 PM","Solid solid pull day. Feeling strong and feeling jacked too","Hammer Curl (Dumbbell)",,"",1,"normal",20,12,,,
"Pull","Feb 8, 2026, 1:49 PM","Feb 8, 2026, 3:08 PM","Solid solid pull day. Feeling strong and feeling jacked too","Hammer Curl (Dumbbell)",,"",2,"normal",20,12,,,
"Pull","Feb 8, 2026, 1:49 PM","Feb 8, 2026, 3:08 PM","Solid solid pull day. Feeling strong and feeling jacked too","Seated Palms Up Wrist Curl",,"",0,"normal",16,16,,,
"Pull","Feb 8, 2026, 1:49 PM","Feb 8, 2026, 3:08 PM","Solid solid pull day. Feeling strong and feeling jacked too","Seated Palms Up Wrist Curl",,"",1,"normal",18,14,,,
"Pull","Feb 8, 2026, 1:49 PM","Feb 8, 2026, 3:08 PM","Solid solid pull day. Feeling strong and feeling jacked too","Seated Palms Up Wrist Curl",,"",2,"normal",18,14,,,
"Pull","Feb 8, 2026, 1:49 PM","Feb 8, 2026, 3:08 PM","Solid solid pull day. Feeling strong and feeling jacked too","Seated Wrist Extension (Barbell)",,"",0,"normal",12,12,,,
"Pull","Feb 8, 2026, 1:49 PM","Feb 8, 2026, 3:08 PM","Solid solid pull day. Feeling strong and feeling jacked too","Seated Wrist Extension (Barbell)",,"",1,"normal",12,16,,,
"Pull","Feb 8, 2026, 1:49 PM","Feb 8, 2026, 3:08 PM","Solid solid pull day. Feeling strong and feeling jacked too","Seated Wrist Extension (Barbell)",,"",2,"normal",12,16,,,
"Pull","Feb 8, 2026, 1:49 PM","Feb 8, 2026, 3:08 PM","Solid solid pull day. Feeling strong and feeling jacked too","Treadmill",,"",0,"normal",,,3.25,2400,
"Push","Feb 7, 2026, 4:05 PM","Feb 7, 2026, 5:22 PM","Nina and i went for our prs and both get them, otherwise workout was alr","Bench Press (Barbell)",,"",0,"normal",105,1,,,
"Push","Feb 7, 2026, 4:05 PM","Feb 7, 2026, 5:22 PM","Nina and i went for our prs and both get them, otherwise workout was alr","Chest Press (Machine)",,"",0,"normal",98,8,,,
"Push","Feb 7, 2026, 4:05 PM","Feb 7, 2026, 5:22 PM","Nina and i went for our prs and both get them, otherwise workout was alr","Chest Press (Machine)",,"",1,"normal",98,11,,,
"Push","Feb 7, 2026, 4:05 PM","Feb 7, 2026, 5:22 PM","Nina and i went for our prs and both get them, otherwise workout was alr","Chest Press (Machine)",,"",2,"normal",98,13,,,
"Push","Feb 7, 2026, 4:05 PM","Feb 7, 2026, 5:22 PM","Nina and i went for our prs and both get them, otherwise workout was alr","Chest Press (Machine)",,"",3,"normal",98,12,,,
"Push","Feb 7, 2026, 4:05 PM","Feb 7, 2026, 5:22 PM","Nina and i went for our prs and both get them, otherwise workout was alr","Lateral Raise (Machine)",,"",0,"normal",35,12,,,
"Push","Feb 7, 2026, 4:05 PM","Feb 7, 2026, 5:22 PM","Nina and i went for our prs and both get them, otherwise workout was alr","Lateral Raise (Machine)",,"",1,"normal",35,12,,,
"Push","Feb 7, 2026, 4:05 PM","Feb 7, 2026, 5:22 PM","Nina and i went for our prs and both get them, otherwise workout was alr","Lateral Raise (Machine)",,"",2,"normal",35,13,,,
"Push","Feb 7, 2026, 4:05 PM","Feb 7, 2026, 5:22 PM","Nina and i went for our prs and both get them, otherwise workout was alr","Seated Shoulder Press (Machine)",,"",0,"normal",50,12,,,
"Push","Feb 7, 2026, 4:05 PM","Feb 7, 2026, 5:22 PM","Nina and i went for our prs and both get them, otherwise workout was alr","Seated Shoulder Press (Machine)",,"",1,"normal",50,10,,,
"Push","Feb 7, 2026, 4:05 PM","Feb 7, 2026, 5:22 PM","Nina and i went for our prs and both get them, otherwise workout was alr","Seated Shoulder Press (Machine)",,"",2,"normal",50,16,,,
"Push","Feb 7, 2026, 4:05 PM","Feb 7, 2026, 5:22 PM","Nina and i went for our prs and both get them, otherwise workout was alr","Triceps Pushdown",,"",0,"normal",37.5,12,,,
"Push","Feb 7, 2026, 4:05 PM","Feb 7, 2026, 5:22 PM","Nina and i went for our prs and both get them, otherwise workout was alr","Triceps Pushdown",,"",1,"normal",37.5,12,,,
"Push","Feb 7, 2026, 4:05 PM","Feb 7, 2026, 5:22 PM","Nina and i went for our prs and both get them, otherwise workout was alr","Triceps Pushdown",,"",2,"normal",35,12,,,
"Push","Feb 7, 2026, 4:05 PM","Feb 7, 2026, 5:22 PM","Nina and i went for our prs and both get them, otherwise workout was alr","Single Arm Triceps Pushdown (Cable)",,"",0,"normal",15,10,,,
"Push","Feb 7, 2026, 4:05 PM","Feb 7, 2026, 5:22 PM","Nina and i went for our prs and both get them, otherwise workout was alr","Single Arm Triceps Pushdown (Cable)",,"",1,"normal",15,10,,,
"Lower","Feb 5, 2026, 5:03 PM","Feb 5, 2026, 6:47 PM","First squats in a while legs are destroyed","Squat (Barbell)",,"",0,"normal",100,9,,,
"Lower","Feb 5, 2026, 5:03 PM","Feb 5, 2026, 6:47 PM","First squats in a while legs are destroyed","Squat (Barbell)",,"",1,"normal",100,8,,,
"Lower","Feb 5, 2026, 5:03 PM","Feb 5, 2026, 6:47 PM","First squats in a while legs are destroyed","Squat (Barbell)",,"",2,"normal",100,8,,,
"Lower","Feb 5, 2026, 5:03 PM","Feb 5, 2026, 6:47 PM","First squats in a while legs are destroyed","Back Extension (Weighted Hyperextension)",,"",0,"normal",30,12,,,
"Lower","Feb 5, 2026, 5:03 PM","Feb 5, 2026, 6:47 PM","First squats in a while legs are destroyed","Back Extension (Weighted Hyperextension)",,"",1,"normal",50,12,,,
"Lower","Feb 5, 2026, 5:03 PM","Feb 5, 2026, 6:47 PM","First squats in a while legs are destroyed","Back Extension (Weighted Hyperextension)",,"",2,"normal",50,13,,,
"Lower","Feb 5, 2026, 5:03 PM","Feb 5, 2026, 6:47 PM","First squats in a while legs are destroyed","Leg Extension (Machine)",,"",0,"normal",110,13,,,
"Lower","Feb 5, 2026, 5:03 PM","Feb 5, 2026, 6:47 PM","First squats in a while legs are destroyed","Leg Extension (Machine)",,"",1,"normal",110,8,,,
"Lower","Feb 5, 2026, 5:03 PM","Feb 5, 2026, 6:47 PM","First squats in a while legs are destroyed","Hip Abduction (Machine)",,"",0,"normal",100,22,,,
"Lower","Feb 5, 2026, 5:03 PM","Feb 5, 2026, 6:47 PM","First squats in a while legs are destroyed","Hip Abduction (Machine)",,"",1,"normal",102.5,20,,,
"Lower","Feb 5, 2026, 5:03 PM","Feb 5, 2026, 6:47 PM","First squats in a while legs are destroyed","Hip Abduction (Machine)",,"",2,"normal",102.5,16,,,
"Lower","Feb 5, 2026, 5:03 PM","Feb 5, 2026, 6:47 PM","First squats in a while legs are destroyed","Cable Crunch",,"",0,"normal",40,12,,,
"Lower","Feb 5, 2026, 5:03 PM","Feb 5, 2026, 6:47 PM","First squats in a while legs are destroyed","Cable Crunch",,"",1,"normal",50,14,,,
"Lower","Feb 5, 2026, 5:03 PM","Feb 5, 2026, 6:47 PM","First squats in a while legs are destroyed","Cable Crunch",,"",2,"normal",50,12,,,
"Lower","Feb 5, 2026, 5:03 PM","Feb 5, 2026, 6:47 PM","First squats in a while legs are destroyed","Spinning",,"",0,"normal",,,,2400,
"Pull","Feb 3, 2026, 8:38 PM","Feb 3, 2026, 9:59 PM","Average one today, not good but not bad either. I hate training forearms but its a must","Single Arm Lat Pulldown",,"",0,"normal",37.5,12,,,
"Pull","Feb 3, 2026, 8:38 PM","Feb 3, 2026, 9:59 PM","Average one today, not good but not bad either. I hate training forearms but its a must","Single Arm Lat Pulldown",,"",1,"normal",37.5,12,,,
"Pull","Feb 3, 2026, 8:38 PM","Feb 3, 2026, 9:59 PM","Average one today, not good but not bad either. I hate training forearms but its a must","Single Arm Lat Pulldown",,"",2,"normal",37.5,13,,,
"Pull","Feb 3, 2026, 8:38 PM","Feb 3, 2026, 9:59 PM","Average one today, not good but not bad either. I hate training forearms but its a must","Pull Up",,"",0,"normal",,16,,,
"Pull","Feb 3, 2026, 8:38 PM","Feb 3, 2026, 9:59 PM","Average one today, not good but not bad either. I hate training forearms but its a must","Pull Up",,"",1,"normal",,12,,,
"Pull","Feb 3, 2026, 8:38 PM","Feb 3, 2026, 9:59 PM","Average one today, not good but not bad either. I hate training forearms but its a must","Pull Up",,"",2,"normal",,12,,,
"Pull","Feb 3, 2026, 8:38 PM","Feb 3, 2026, 9:59 PM","Average one today, not good but not bad either. I hate training forearms but its a must","Seated Cable Row - Bar Grip",,"",0,"normal",82.5,12,,,
"Pull","Feb 3, 2026, 8:38 PM","Feb 3, 2026, 9:59 PM","Average one today, not good but not bad either. I hate training forearms but its a must","Seated Cable Row - Bar Grip",,"",1,"normal",72.5,13,,,
"Pull","Feb 3, 2026, 8:38 PM","Feb 3, 2026, 9:59 PM","Average one today, not good but not bad either. I hate training forearms but its a must","Seated Cable Row - Bar Grip",,"",2,"normal",72.5,14,,,
"Pull","Feb 3, 2026, 8:38 PM","Feb 3, 2026, 9:59 PM","Average one today, not good but not bad either. I hate training forearms but its a must","Reverse Fly Single Arm (Cable)",,"",0,"normal",25,13,,,
"Pull","Feb 3, 2026, 8:38 PM","Feb 3, 2026, 9:59 PM","Average one today, not good but not bad either. I hate training forearms but its a must","Reverse Fly Single Arm (Cable)",,"",1,"normal",25,14,,,
"Pull","Feb 3, 2026, 8:38 PM","Feb 3, 2026, 9:59 PM","Average one today, not good but not bad either. I hate training forearms but its a must","Reverse Fly Single Arm (Cable)",,"",2,"normal",25,14,,,
"Pull","Feb 3, 2026, 8:38 PM","Feb 3, 2026, 9:59 PM","Average one today, not good but not bad either. I hate training forearms but its a must","Hammer Curl (Dumbbell)",,"",0,"normal",20,12,,,
"Pull","Feb 3, 2026, 8:38 PM","Feb 3, 2026, 9:59 PM","Average one today, not good but not bad either. I hate training forearms but its a must","Hammer Curl (Dumbbell)",,"",1,"normal",20,12,,,
"Pull","Feb 3, 2026, 8:38 PM","Feb 3, 2026, 9:59 PM","Average one today, not good but not bad either. I hate training forearms but its a must","Hammer Curl (Dumbbell)",,"",2,"normal",20,12,,,
"Pull","Feb 3, 2026, 8:38 PM","Feb 3, 2026, 9:59 PM","Average one today, not good but not bad either. I hate training forearms but its a must","Seated Palms Up Wrist Curl",,"",0,"normal",16,14,,,
"Pull","Feb 3, 2026, 8:38 PM","Feb 3, 2026, 9:59 PM","Average one today, not good but not bad either. I hate training forearms but its a must","Seated Palms Up Wrist Curl",,"",1,"normal",16,14,,,
"Pull","Feb 3, 2026, 8:38 PM","Feb 3, 2026, 9:59 PM","Average one today, not good but not bad either. I hate training forearms but its a must","Seated Palms Up Wrist Curl",,"",2,"normal",16,12,,,
"Push","Feb 2, 2026, 7:35 PM","Feb 2, 2026, 9:42 PM","Ngl perfect push day felt really good and hoping that the next one is just as good","Bench Press (Barbell)",,"",0,"normal",90,6,,,
"Push","Feb 2, 2026, 7:35 PM","Feb 2, 2026, 9:42 PM","Ngl perfect push day felt really good and hoping that the next one is just as good","Bench Press (Barbell)",,"",1,"normal",90,5,,,
"Push","Feb 2, 2026, 7:35 PM","Feb 2, 2026, 9:42 PM","Ngl perfect push day felt really good and hoping that the next one is just as good","Bench Press (Barbell)",,"",2,"normal",90,5,,,
"Push","Feb 2, 2026, 7:35 PM","Feb 2, 2026, 9:42 PM","Ngl perfect push day felt really good and hoping that the next one is just as good","Chest Press (Machine)",,"",0,"normal",91,16,,,
"Push","Feb 2, 2026, 7:35 PM","Feb 2, 2026, 9:42 PM","Ngl perfect push day felt really good and hoping that the next one is just as good","Chest Press (Machine)",,"",1,"normal",98,15,,,
"Push","Feb 2, 2026, 7:35 PM","Feb 2, 2026, 9:42 PM","Ngl perfect push day felt really good and hoping that the next one is just as good","Chest Press (Machine)",,"",2,"normal",105,12,,,
"Push","Feb 2, 2026, 7:35 PM","Feb 2, 2026, 9:42 PM","Ngl perfect push day felt really good and hoping that the next one is just as good","Chest Press (Machine)",,"",3,"normal",111,8,,,
"Push","Feb 2, 2026, 7:35 PM","Feb 2, 2026, 9:42 PM","Ngl perfect push day felt really good and hoping that the next one is just as good","Lateral Raise (Machine)",,"",0,"normal",30,16,,,
"Push","Feb 2, 2026, 7:35 PM","Feb 2, 2026, 9:42 PM","Ngl perfect push day felt really good and hoping that the next one is just as good","Lateral Raise (Machine)",,"",1,"normal",35,13,,,
"Push","Feb 2, 2026, 7:35 PM","Feb 2, 2026, 9:42 PM","Ngl perfect push day felt really good and hoping that the next one is just as good","Lateral Raise (Machine)",,"",2,"normal",35,13,,,
"Push","Feb 2, 2026, 7:35 PM","Feb 2, 2026, 9:42 PM","Ngl perfect push day felt really good and hoping that the next one is just as good","Seated Shoulder Press (Machine)",,"",0,"normal",60,8,,,
"Push","Feb 2, 2026, 7:35 PM","Feb 2, 2026, 9:42 PM","Ngl perfect push day felt really good and hoping that the next one is just as good","Seated Shoulder Press (Machine)",,"",1,"normal",50,12,,,
"Push","Feb 2, 2026, 7:35 PM","Feb 2, 2026, 9:42 PM","Ngl perfect push day felt really good and hoping that the next one is just as good","Seated Shoulder Press (Machine)",,"",2,"normal",50,8,,,
"Push","Feb 2, 2026, 7:35 PM","Feb 2, 2026, 9:42 PM","Ngl perfect push day felt really good and hoping that the next one is just as good","Single Arm Triceps Pushdown (Cable)",,"",0,"normal",15,8,,,
"Push","Feb 2, 2026, 7:35 PM","Feb 2, 2026, 9:42 PM","Ngl perfect push day felt really good and hoping that the next one is just as good","Single Arm Triceps Pushdown (Cable)",,"",1,"normal",15,9,,,
"Push","Feb 2, 2026, 7:35 PM","Feb 2, 2026, 9:42 PM","Ngl perfect push day felt really good and hoping that the next one is just as good","Single Arm Triceps Pushdown (Cable)",,"",2,"normal",15,8,,,
"Push","Feb 2, 2026, 7:35 PM","Feb 2, 2026, 9:42 PM","Ngl perfect push day felt really good and hoping that the next one is just as good","Spinning",,"",0,"normal",,,,2404,
"Lower","Feb 1, 2026, 8:52 PM","Feb 1, 2026, 10:11 PM","Low volume leg day. Been busy and tired from moving","Seated Leg Curl (Machine)",,"",0,"normal",70,16,,,
"Lower","Feb 1, 2026, 8:52 PM","Feb 1, 2026, 10:11 PM","Low volume leg day. Been busy and tired from moving","Seated Leg Curl (Machine)",,"",1,"normal",80,12,,,
"Lower","Feb 1, 2026, 8:52 PM","Feb 1, 2026, 10:11 PM","Low volume leg day. Been busy and tired from moving","Seated Leg Curl (Machine)",,"",2,"normal",80,12,,,
"Lower","Feb 1, 2026, 8:52 PM","Feb 1, 2026, 10:11 PM","Low volume leg day. Been busy and tired from moving","Leg Extension (Machine)",,"",0,"normal",110,13,,,
"Lower","Feb 1, 2026, 8:52 PM","Feb 1, 2026, 10:11 PM","Low volume leg day. Been busy and tired from moving","Leg Extension (Machine)",,"",1,"normal",110,14,,,
"Lower","Feb 1, 2026, 8:52 PM","Feb 1, 2026, 10:11 PM","Low volume leg day. Been busy and tired from moving","Leg Extension (Machine)",,"",2,"normal",100,13,,,
"Lower","Feb 1, 2026, 8:52 PM","Feb 1, 2026, 10:11 PM","Low volume leg day. Been busy and tired from moving","Hip Abduction (Machine)",,"",0,"normal",102.5,20,,,
"Lower","Feb 1, 2026, 8:52 PM","Feb 1, 2026, 10:11 PM","Low volume leg day. Been busy and tired from moving","Hip Abduction (Machine)",,"",1,"normal",102.5,20,,,
"Lower","Feb 1, 2026, 8:52 PM","Feb 1, 2026, 10:11 PM","Low volume leg day. Been busy and tired from moving","Hip Abduction (Machine)",,"",2,"normal",102.5,20,,,
"Lower","Feb 1, 2026, 8:52 PM","Feb 1, 2026, 10:11 PM","Low volume leg day. Been busy and tired from moving","Spinning",,"",0,"normal",,,,1998,
"Upper","Jan 31, 2026, 9:22 AM","Jan 31, 2026, 10:44 AM","Solid workout forgot my headphones tho","Bench Press (Barbell)",,"",0,"normal",85,7,,,
"Upper","Jan 31, 2026, 9:22 AM","Jan 31, 2026, 10:44 AM","Solid workout forgot my headphones tho","Bench Press (Barbell)",,"",1,"normal",85,6,,,
"Upper","Jan 31, 2026, 9:22 AM","Jan 31, 2026, 10:44 AM","Solid workout forgot my headphones tho","Bench Press (Barbell)",,"",2,"normal",70,12,,,
"Upper","Jan 31, 2026, 9:22 AM","Jan 31, 2026, 10:44 AM","Solid workout forgot my headphones tho","Lat Pulldown (Cable)",,"",0,"normal",82.5,12,,,
"Upper","Jan 31, 2026, 9:22 AM","Jan 31, 2026, 10:44 AM","Solid workout forgot my headphones tho","Lat Pulldown (Cable)",,"",1,"normal",82.5,12,,,
"Upper","Jan 31, 2026, 9:22 AM","Jan 31, 2026, 10:44 AM","Solid workout forgot my headphones tho","Lat Pulldown (Cable)",,"",2,"normal",82.5,9,,,
"Upper","Jan 31, 2026, 9:22 AM","Jan 31, 2026, 10:44 AM","Solid workout forgot my headphones tho","Seated Cable Row - Bar Grip",,"",0,"normal",82.5,13,,,
"Upper","Jan 31, 2026, 9:22 AM","Jan 31, 2026, 10:44 AM","Solid workout forgot my headphones tho","Seated Cable Row - Bar Grip",,"",1,"normal",82.5,12,,,
"Upper","Jan 31, 2026, 9:22 AM","Jan 31, 2026, 10:44 AM","Solid workout forgot my headphones tho","Seated Cable Row - Bar Grip",,"",2,"normal",82.5,11,,,
"Upper","Jan 31, 2026, 9:22 AM","Jan 31, 2026, 10:44 AM","Solid workout forgot my headphones tho","Lateral Raise (Machine)",,"",0,"normal",35,12,,,
"Upper","Jan 31, 2026, 9:22 AM","Jan 31, 2026, 10:44 AM","Solid workout forgot my headphones tho","Lateral Raise (Machine)",,"",1,"normal",30,15,,,
"Upper","Jan 31, 2026, 9:22 AM","Jan 31, 2026, 10:44 AM","Solid workout forgot my headphones tho","Lateral Raise (Machine)",,"",2,"normal",30,15,,,
"Upper","Jan 31, 2026, 9:22 AM","Jan 31, 2026, 10:44 AM","Solid workout forgot my headphones tho","Single Arm Lat Pulldown",,"",0,"normal",35,13,,,
"Upper","Jan 31, 2026, 9:22 AM","Jan 31, 2026, 10:44 AM","Solid workout forgot my headphones tho","Single Arm Lat Pulldown",,"",1,"normal",35,14,,,
"Upper","Jan 31, 2026, 9:22 AM","Jan 31, 2026, 10:44 AM","Solid workout forgot my headphones tho","Single Arm Lat Pulldown",,"",2,"normal",35,12,,,
"Upper","Jan 31, 2026, 9:22 AM","Jan 31, 2026, 10:44 AM","Solid workout forgot my headphones tho","Chest Press (Machine)",,"",0,"normal",91,9,,,
"Upper","Jan 31, 2026, 9:22 AM","Jan 31, 2026, 10:44 AM","Solid workout forgot my headphones tho","Chest Press (Machine)",,"",1,"normal",84,8,,,
"Upper","Jan 31, 2026, 9:22 AM","Jan 31, 2026, 10:44 AM","Solid workout forgot my headphones tho","Chest Press (Machine)",,"",2,"normal",84,7,,,
"Upper","Jan 31, 2026, 9:22 AM","Jan 31, 2026, 10:44 AM","Solid workout forgot my headphones tho","Incline Bench Press (Smith Machine)",,"",0,"normal",55.5,12,,,
"Upper","Jan 31, 2026, 9:22 AM","Jan 31, 2026, 10:44 AM","Solid workout forgot my headphones tho","Incline Bench Press (Smith Machine)",,"",1,"normal",55.5,12,,,
"Upper","Jan 31, 2026, 9:22 AM","Jan 31, 2026, 10:44 AM","Solid workout forgot my headphones tho","Incline Bench Press (Smith Machine)",,"",2,"normal",55.5,9,,,
"Upper","Jan 31, 2026, 9:22 AM","Jan 31, 2026, 10:44 AM","Solid workout forgot my headphones tho","Treadmill",,"",0,"normal",,,3.25,2400,
"Lower","Jan 29, 2026, 2:17 PM","Jan 29, 2026, 3:39 PM","Solid leg day with some good stretching at the end","Back Extension (Weighted Hyperextension)",,"",0,"normal",30,15,,,
"Lower","Jan 29, 2026, 2:17 PM","Jan 29, 2026, 3:39 PM","Solid leg day with some good stretching at the end","Back Extension (Weighted Hyperextension)",,"",1,"normal",40,14,,,
"Lower","Jan 29, 2026, 2:17 PM","Jan 29, 2026, 3:39 PM","Solid leg day with some good stretching at the end","Back Extension (Weighted Hyperextension)",,"",2,"normal",40,14,,,
"Lower","Jan 29, 2026, 2:17 PM","Jan 29, 2026, 3:39 PM","Solid leg day with some good stretching at the end","Leg Extension (Machine)",,"",0,"normal",100,16,,,
"Lower","Jan 29, 2026, 2:17 PM","Jan 29, 2026, 3:39 PM","Solid leg day with some good stretching at the end","Leg Extension (Machine)",,"",1,"normal",105,13,,,
"Lower","Jan 29, 2026, 2:17 PM","Jan 29, 2026, 3:39 PM","Solid leg day with some good stretching at the end","Leg Extension (Machine)",,"",2,"normal",105,14,,,
"Lower","Jan 29, 2026, 2:17 PM","Jan 29, 2026, 3:39 PM","Solid leg day with some good stretching at the end","Hack Squat (Machine)",,"",0,"normal",156,12,,,
"Lower","Jan 29, 2026, 2:17 PM","Jan 29, 2026, 3:39 PM","Solid leg day with some good stretching at the end","Hack Squat (Machine)",,"",1,"normal",156,12,,,
"Lower","Jan 29, 2026, 2:17 PM","Jan 29, 2026, 3:39 PM","Solid leg day with some good stretching at the end","Lying Leg Curl (Machine)",,"",0,"normal",70,15,,,
"Lower","Jan 29, 2026, 2:17 PM","Jan 29, 2026, 3:39 PM","Solid leg day with some good stretching at the end","Lying Leg Curl (Machine)",,"",1,"normal",80,11,,,
"Lower","Jan 29, 2026, 2:17 PM","Jan 29, 2026, 3:39 PM","Solid leg day with some good stretching at the end","Lying Leg Curl (Machine)",,"",2,"normal",80,9,,,
"Lower","Jan 29, 2026, 2:17 PM","Jan 29, 2026, 3:39 PM","Solid leg day with some good stretching at the end","Cable Crunch",,"",0,"normal",59,15,,,
"Lower","Jan 29, 2026, 2:17 PM","Jan 29, 2026, 3:39 PM","Solid leg day with some good stretching at the end","Cable Crunch",,"",1,"normal",64,13,,,
"Lower","Jan 29, 2026, 2:17 PM","Jan 29, 2026, 3:39 PM","Solid leg day with some good stretching at the end","Cable Crunch",,"",2,"normal",64,15,,,
"Sarms","Jan 28, 2026, 8:51 PM","Jan 28, 2026, 10:04 PM","","Shoulder Press (Dumbbell)",,"",0,"normal",26,12,,,
"Sarms","Jan 28, 2026, 8:51 PM","Jan 28, 2026, 10:04 PM","","Shoulder Press (Dumbbell)",,"",1,"normal",26,10,,,
"Sarms","Jan 28, 2026, 8:51 PM","Jan 28, 2026, 10:04 PM","","Shoulder Press (Dumbbell)",,"",2,"normal",26,9,,,
"Sarms","Jan 28, 2026, 8:51 PM","Jan 28, 2026, 10:04 PM","","Lateral Raise (Machine)",,"",0,"normal",32,18,,,
"Sarms","Jan 28, 2026, 8:51 PM","Jan 28, 2026, 10:04 PM","","Lateral Raise (Machine)",,"",1,"normal",32,18,,,
"Sarms","Jan 28, 2026, 8:51 PM","Jan 28, 2026, 10:04 PM","","Lateral Raise (Machine)",,"",2,"normal",36,16,,,
"Sarms","Jan 28, 2026, 8:51 PM","Jan 28, 2026, 10:04 PM","","Reverse Fly Single Arm (Cable)",,"",0,"normal",25,12,,,
"Sarms","Jan 28, 2026, 8:51 PM","Jan 28, 2026, 10:04 PM","","Reverse Fly Single Arm (Cable)",,"",1,"normal",25,13,,,
"Sarms","Jan 28, 2026, 8:51 PM","Jan 28, 2026, 10:04 PM","","Reverse Fly Single Arm (Cable)",,"",2,"normal",25,13,,,
"Sarms","Jan 28, 2026, 8:51 PM","Jan 28, 2026, 10:04 PM","","Hammer Curl (Dumbbell)",,"",0,"normal",22,12,,,
"Sarms","Jan 28, 2026, 8:51 PM","Jan 28, 2026, 10:04 PM","","Hammer Curl (Dumbbell)",,"",1,"normal",20,12,,,
"Sarms","Jan 28, 2026, 8:51 PM","Jan 28, 2026, 10:04 PM","","Hammer Curl (Dumbbell)",,"",2,"normal",20,12,,,
"Sarms","Jan 28, 2026, 8:51 PM","Jan 28, 2026, 10:04 PM","","Triceps Pushdown",,"",0,"normal",37.5,14,,,
"Sarms","Jan 28, 2026, 8:51 PM","Jan 28, 2026, 10:04 PM","","Triceps Pushdown",,"",1,"normal",37.5,13,,,
"Sarms","Jan 28, 2026, 8:51 PM","Jan 28, 2026, 10:04 PM","","Triceps Pushdown",,"",2,"normal",37.5,12,,,
"Upper","Jan 27, 2026, 4:24 PM","Jan 27, 2026, 5:51 PM","Chest focused upper day with luca. Felt strong good workout","Bench Press (Barbell)",,"",0,"normal",80,12,,,
"Upper","Jan 27, 2026, 4:24 PM","Jan 27, 2026, 5:51 PM","Chest focused upper day with luca. Felt strong good workout","Bench Press (Barbell)",,"",1,"normal",90,5,,,
"Upper","Jan 27, 2026, 4:24 PM","Jan 27, 2026, 5:51 PM","Chest focused upper day with luca. Felt strong good workout","Bench Press (Barbell)",,"",2,"normal",90,5,,,
"Upper","Jan 27, 2026, 4:24 PM","Jan 27, 2026, 5:51 PM","Chest focused upper day with luca. Felt strong good workout","Cable Fly Crossovers",,"",0,"normal",12.5,12,,,
"Upper","Jan 27, 2026, 4:24 PM","Jan 27, 2026, 5:51 PM","Chest focused upper day with luca. Felt strong good workout","Cable Fly Crossovers",,"",1,"normal",15,8,,,
"Upper","Jan 27, 2026, 4:24 PM","Jan 27, 2026, 5:51 PM","Chest focused upper day with luca. Felt strong good workout","Treadmill",,"",0,"normal",,,3.25,2400,
"Upper","Jan 27, 2026, 4:24 PM","Jan 27, 2026, 5:51 PM","Chest focused upper day with luca. Felt strong good workout","Seated Shoulder Press (Machine)",,"",0,"normal",80,7,,,
"Upper","Jan 27, 2026, 4:24 PM","Jan 27, 2026, 5:51 PM","Chest focused upper day with luca. Felt strong good workout","Seated Shoulder Press (Machine)",,"",1,"normal",80,8,,,
"Upper","Jan 27, 2026, 4:24 PM","Jan 27, 2026, 5:51 PM","Chest focused upper day with luca. Felt strong good workout","Seated Shoulder Press (Machine)",,"",2,"normal",80,8,,,
"Upper","Jan 27, 2026, 4:24 PM","Jan 27, 2026, 5:51 PM","Chest focused upper day with luca. Felt strong good workout","Pull Up",,"",0,"normal",,15,,,
"Upper","Jan 27, 2026, 4:24 PM","Jan 27, 2026, 5:51 PM","Chest focused upper day with luca. Felt strong good workout","Pull Up",,"",1,"normal",,14,,,
"Upper","Jan 27, 2026, 4:24 PM","Jan 27, 2026, 5:51 PM","Chest focused upper day with luca. Felt strong good workout","Lateral Raise (Cable)",,"",0,"normal",7.5,16,,,
"Upper","Jan 27, 2026, 4:24 PM","Jan 27, 2026, 5:51 PM","Chest focused upper day with luca. Felt strong good workout","Lateral Raise (Cable)",,"",1,"normal",7.5,16,,,
"Upper","Jan 27, 2026, 4:24 PM","Jan 27, 2026, 5:51 PM","Chest focused upper day with luca. Felt strong good workout","Chest Fly (Dumbbell)",,"",0,"normal",12,12,,,
"Upper","Jan 27, 2026, 4:24 PM","Jan 27, 2026, 5:51 PM","Chest focused upper day with luca. Felt strong good workout","Chest Fly (Dumbbell)",,"",1,"normal",12,12,,,
"Lower","Jan 25, 2026, 12:01 PM","Jan 25, 2026, 1:10 PM","Lots of energy and good workout. Felt sick after the rdls and im exhausted","Standing Calf Raise (Machine)",,"",0,"normal",180,20,,,
"Lower","Jan 25, 2026, 12:01 PM","Jan 25, 2026, 1:10 PM","Lots of energy and good workout. Felt sick after the rdls and im exhausted","Standing Calf Raise (Machine)",,"",1,"normal",180,17,,,
"Lower","Jan 25, 2026, 12:01 PM","Jan 25, 2026, 1:10 PM","Lots of energy and good workout. Felt sick after the rdls and im exhausted","Standing Calf Raise (Machine)",,"",2,"normal",180,20,,,
"Lower","Jan 25, 2026, 12:01 PM","Jan 25, 2026, 1:10 PM","Lots of energy and good workout. Felt sick after the rdls and im exhausted","Leg Press (Machine)",,"",0,"normal",180,12,,,
"Lower","Jan 25, 2026, 12:01 PM","Jan 25, 2026, 1:10 PM","Lots of energy and good workout. Felt sick after the rdls and im exhausted","Leg Press (Machine)",,"",1,"normal",180,12,,,
"Lower","Jan 25, 2026, 12:01 PM","Jan 25, 2026, 1:10 PM","Lots of energy and good workout. Felt sick after the rdls and im exhausted","Leg Press (Machine)",,"",2,"normal",180,15,,,
"Lower","Jan 25, 2026, 12:01 PM","Jan 25, 2026, 1:10 PM","Lots of energy and good workout. Felt sick after the rdls and im exhausted","Leg Extension (Machine)",,"",0,"normal",100,16,,,
"Lower","Jan 25, 2026, 12:01 PM","Jan 25, 2026, 1:10 PM","Lots of energy and good workout. Felt sick after the rdls and im exhausted","Leg Extension (Machine)",,"",1,"normal",100,13,,,
"Lower","Jan 25, 2026, 12:01 PM","Jan 25, 2026, 1:10 PM","Lots of energy and good workout. Felt sick after the rdls and im exhausted","Hip Abduction (Machine)",,"",0,"normal",100,20,,,
"Lower","Jan 25, 2026, 12:01 PM","Jan 25, 2026, 1:10 PM","Lots of energy and good workout. Felt sick after the rdls and im exhausted","Hip Abduction (Machine)",,"",1,"normal",100,20,,,
"Lower","Jan 25, 2026, 12:01 PM","Jan 25, 2026, 1:10 PM","Lots of energy and good workout. Felt sick after the rdls and im exhausted","Romanian Deadlift (Barbell)",,"",0,"normal",110,15,,,
"Lower","Jan 25, 2026, 12:01 PM","Jan 25, 2026, 1:10 PM","Lots of energy and good workout. Felt sick after the rdls and im exhausted","Romanian Deadlift (Barbell)",,"",1,"normal",110,15,,,
"Lower","Jan 25, 2026, 12:01 PM","Jan 25, 2026, 1:10 PM","Lots of energy and good workout. Felt sick after the rdls and im exhausted","Romanian Deadlift (Barbell)",,"",2,"normal",110,15,,,
"Lower","Jan 25, 2026, 12:01 PM","Jan 25, 2026, 1:10 PM","Lots of energy and good workout. Felt sick after the rdls and im exhausted","Crunch (Machine)",,"",0,"normal",35,14,,,
"Lower","Jan 25, 2026, 12:01 PM","Jan 25, 2026, 1:10 PM","Lots of energy and good workout. Felt sick after the rdls and im exhausted","Crunch (Machine)",,"",1,"normal",35,15,,,
"Lower","Jan 25, 2026, 12:01 PM","Jan 25, 2026, 1:10 PM","Lots of energy and good workout. Felt sick after the rdls and im exhausted","Crunch (Machine)",,"",2,"normal",35,15,,,
"Upper","Jan 24, 2026, 8:53 AM","Jan 24, 2026, 10:20 AM","Felt a bit tired but most my exercises were good. Not making any progress on the flat bench and that might be from ego lifting or just a form issue. Gonna start going gym at night again and see if a day of eating fixes energy issues and im going to lower the weights on bench and really focus on trying to improve","Bench Press (Barbell)",,"",0,"normal",85,7,,,
"Upper","Jan 24, 2026, 8:53 AM","Jan 24, 2026, 10:20 AM","Felt a bit tired but most my exercises were good. Not making any progress on the flat bench and that might be from ego lifting or just a form issue. Gonna start going gym at night again and see if a day of eating fixes energy issues and im going to lower the weights on bench and really focus on trying to improve","Bench Press (Barbell)",,"",1,"normal",80,7,,,
"Upper","Jan 24, 2026, 8:53 AM","Jan 24, 2026, 10:20 AM","Felt a bit tired but most my exercises were good. Not making any progress on the flat bench and that might be from ego lifting or just a form issue. Gonna start going gym at night again and see if a day of eating fixes energy issues and im going to lower the weights on bench and really focus on trying to improve","Bench Press (Barbell)",,"",2,"normal",80,6,,,
"Upper","Jan 24, 2026, 8:53 AM","Jan 24, 2026, 10:20 AM","Felt a bit tired but most my exercises were good. Not making any progress on the flat bench and that might be from ego lifting or just a form issue. Gonna start going gym at night again and see if a day of eating fixes energy issues and im going to lower the weights on bench and really focus on trying to improve","Lat Pulldown (Cable)",,"",0,"normal",80,12,,,
"Upper","Jan 24, 2026, 8:53 AM","Jan 24, 2026, 10:20 AM","Felt a bit tired but most my exercises were good. Not making any progress on the flat bench and that might be from ego lifting or just a form issue. Gonna start going gym at night again and see if a day of eating fixes energy issues and im going to lower the weights on bench and really focus on trying to improve","Lat Pulldown (Cable)",,"",1,"normal",80,12,,,
"Upper","Jan 24, 2026, 8:53 AM","Jan 24, 2026, 10:20 AM","Felt a bit tired but most my exercises were good. Not making any progress on the flat bench and that might be from ego lifting or just a form issue. Gonna start going gym at night again and see if a day of eating fixes energy issues and im going to lower the weights on bench and really focus on trying to improve","Lat Pulldown (Cable)",,"",2,"normal",80,9,,,
"Upper","Jan 24, 2026, 8:53 AM","Jan 24, 2026, 10:20 AM","Felt a bit tired but most my exercises were good. Not making any progress on the flat bench and that might be from ego lifting or just a form issue. Gonna start going gym at night again and see if a day of eating fixes energy issues and im going to lower the weights on bench and really focus on trying to improve","Seated Cable Row - Bar Grip",,"",0,"normal",80,12,,,
"Upper","Jan 24, 2026, 8:53 AM","Jan 24, 2026, 10:20 AM","Felt a bit tired but most my exercises were good. Not making any progress on the flat bench and that might be from ego lifting or just a form issue. Gonna start going gym at night again and see if a day of eating fixes energy issues and im going to lower the weights on bench and really focus on trying to improve","Seated Cable Row - Bar Grip",,"",1,"normal",80,12,,,
"Upper","Jan 24, 2026, 8:53 AM","Jan 24, 2026, 10:20 AM","Felt a bit tired but most my exercises were good. Not making any progress on the flat bench and that might be from ego lifting or just a form issue. Gonna start going gym at night again and see if a day of eating fixes energy issues and im going to lower the weights on bench and really focus on trying to improve","Seated Cable Row - Bar Grip",,"",2,"normal",80,10,,,
"Upper","Jan 24, 2026, 8:53 AM","Jan 24, 2026, 10:20 AM","Felt a bit tired but most my exercises were good. Not making any progress on the flat bench and that might be from ego lifting or just a form issue. Gonna start going gym at night again and see if a day of eating fixes energy issues and im going to lower the weights on bench and really focus on trying to improve","Lateral Raise (Machine)",,"",0,"normal",35,14,,,
"Upper","Jan 24, 2026, 8:53 AM","Jan 24, 2026, 10:20 AM","Felt a bit tired but most my exercises were good. Not making any progress on the flat bench and that might be from ego lifting or just a form issue. Gonna start going gym at night again and see if a day of eating fixes energy issues and im going to lower the weights on bench and really focus on trying to improve","Lateral Raise (Machine)",,"",1,"normal",35,13,,,
"Upper","Jan 24, 2026, 8:53 AM","Jan 24, 2026, 10:20 AM","Felt a bit tired but most my exercises were good. Not making any progress on the flat bench and that might be from ego lifting or just a form issue. Gonna start going gym at night again and see if a day of eating fixes energy issues and im going to lower the weights on bench and really focus on trying to improve","Lateral Raise (Machine)",,"",2,"normal",35,12,,,
"Upper","Jan 24, 2026, 8:53 AM","Jan 24, 2026, 10:20 AM","Felt a bit tired but most my exercises were good. Not making any progress on the flat bench and that might be from ego lifting or just a form issue. Gonna start going gym at night again and see if a day of eating fixes energy issues and im going to lower the weights on bench and really focus on trying to improve","Single Arm Lat Pulldown",,"",0,"normal",32.5,14,,,
"Upper","Jan 24, 2026, 8:53 AM","Jan 24, 2026, 10:20 AM","Felt a bit tired but most my exercises were good. Not making any progress on the flat bench and that might be from ego lifting or just a form issue. Gonna start going gym at night again and see if a day of eating fixes energy issues and im going to lower the weights on bench and really focus on trying to improve","Single Arm Lat Pulldown",,"",1,"normal",32.5,14,,,
"Upper","Jan 24, 2026, 8:53 AM","Jan 24, 2026, 10:20 AM","Felt a bit tired but most my exercises were good. Not making any progress on the flat bench and that might be from ego lifting or just a form issue. Gonna start going gym at night again and see if a day of eating fixes energy issues and im going to lower the weights on bench and really focus on trying to improve","Single Arm Lat Pulldown",,"",2,"normal",32.5,14,,,
"Upper","Jan 24, 2026, 8:53 AM","Jan 24, 2026, 10:20 AM","Felt a bit tired but most my exercises were good. Not making any progress on the flat bench and that might be from ego lifting or just a form issue. Gonna start going gym at night again and see if a day of eating fixes energy issues and im going to lower the weights on bench and really focus on trying to improve","Chest Press (Machine)",,"",0,"normal",84,15,,,
"Upper","Jan 24, 2026, 8:53 AM","Jan 24, 2026, 10:20 AM","Felt a bit tired but most my exercises were good. Not making any progress on the flat bench and that might be from ego lifting or just a form issue. Gonna start going gym at night again and see if a day of eating fixes energy issues and im going to lower the weights on bench and really focus on trying to improve","Chest Press (Machine)",,"",1,"normal",84,15,,,
"Upper","Jan 24, 2026, 8:53 AM","Jan 24, 2026, 10:20 AM","Felt a bit tired but most my exercises were good. Not making any progress on the flat bench and that might be from ego lifting or just a form issue. Gonna start going gym at night again and see if a day of eating fixes energy issues and im going to lower the weights on bench and really focus on trying to improve","Chest Press (Machine)",,"",2,"normal",84,12,,,
"Upper","Jan 24, 2026, 8:53 AM","Jan 24, 2026, 10:20 AM","Felt a bit tired but most my exercises were good. Not making any progress on the flat bench and that might be from ego lifting or just a form issue. Gonna start going gym at night again and see if a day of eating fixes energy issues and im going to lower the weights on bench and really focus on trying to improve","Incline Bench Press (Smith Machine)",,"",0,"normal",55.5,11,,,
"Upper","Jan 24, 2026, 8:53 AM","Jan 24, 2026, 10:20 AM","Felt a bit tired but most my exercises were good. Not making any progress on the flat bench and that might be from ego lifting or just a form issue. Gonna start going gym at night again and see if a day of eating fixes energy issues and im going to lower the weights on bench and really focus on trying to improve","Incline Bench Press (Smith Machine)",,"",1,"normal",55.5,8,,,
"Upper","Jan 24, 2026, 8:53 AM","Jan 24, 2026, 10:20 AM","Felt a bit tired but most my exercises were good. Not making any progress on the flat bench and that might be from ego lifting or just a form issue. Gonna start going gym at night again and see if a day of eating fixes energy issues and im going to lower the weights on bench and really focus on trying to improve","Incline Bench Press (Smith Machine)",,"",2,"normal",45.5,14,,,
"Upper","Jan 24, 2026, 8:53 AM","Jan 24, 2026, 10:20 AM","Felt a bit tired but most my exercises were good. Not making any progress on the flat bench and that might be from ego lifting or just a form issue. Gonna start going gym at night again and see if a day of eating fixes energy issues and im going to lower the weights on bench and really focus on trying to improve","Treadmill",,"",0,"normal",,,3.25,2400,
"Sarms","Jan 21, 2026, 7:02 PM","Jan 21, 2026, 7:42 PM","Holy fatiguemaxing. Went for an 8k run yesterday plus gym and only got 5 hours of sleep. Honestly i should have taken a rest day but i aint no pussy. Kept it low volume strength just wasnt quite there today. We move and it just proves the point that i gotta keep these outside factors in check","Shoulder Press (Dumbbell)",,"",0,"normal",26,9,,,
"Sarms","Jan 21, 2026, 7:02 PM","Jan 21, 2026, 7:42 PM","Holy fatiguemaxing. Went for an 8k run yesterday plus gym and only got 5 hours of sleep. Honestly i should have taken a rest day but i aint no pussy. Kept it low volume strength just wasnt quite there today. We move and it just proves the point that i gotta keep these outside factors in check","Shoulder Press (Dumbbell)",,"",1,"normal",26,6,,,
"Sarms","Jan 21, 2026, 7:02 PM","Jan 21, 2026, 7:42 PM","Holy fatiguemaxing. Went for an 8k run yesterday plus gym and only got 5 hours of sleep. Honestly i should have taken a rest day but i aint no pussy. Kept it low volume strength just wasnt quite there today. We move and it just proves the point that i gotta keep these outside factors in check","Shoulder Press (Dumbbell)",,"",2,"normal",20,10,,,
"Sarms","Jan 21, 2026, 7:02 PM","Jan 21, 2026, 7:42 PM","Holy fatiguemaxing. Went for an 8k run yesterday plus gym and only got 5 hours of sleep. Honestly i should have taken a rest day but i aint no pussy. Kept it low volume strength just wasnt quite there today. We move and it just proves the point that i gotta keep these outside factors in check","Lateral Raise (Machine)",,"",0,"normal",35,12,,,
"Sarms","Jan 21, 2026, 7:02 PM","Jan 21, 2026, 7:42 PM","Holy fatiguemaxing. Went for an 8k run yesterday plus gym and only got 5 hours of sleep. Honestly i should have taken a rest day but i aint no pussy. Kept it low volume strength just wasnt quite there today. We move and it just proves the point that i gotta keep these outside factors in check","Lateral Raise (Machine)",,"",1,"normal",35,12,,,
"Sarms","Jan 21, 2026, 7:02 PM","Jan 21, 2026, 7:42 PM","Holy fatiguemaxing. Went for an 8k run yesterday plus gym and only got 5 hours of sleep. Honestly i should have taken a rest day but i aint no pussy. Kept it low volume strength just wasnt quite there today. We move and it just proves the point that i gotta keep these outside factors in check","Lateral Raise (Machine)",,"",2,"normal",35,11,,,
"Sarms","Jan 21, 2026, 7:02 PM","Jan 21, 2026, 7:42 PM","Holy fatiguemaxing. Went for an 8k run yesterday plus gym and only got 5 hours of sleep. Honestly i should have taken a rest day but i aint no pussy. Kept it low volume strength just wasnt quite there today. We move and it just proves the point that i gotta keep these outside factors in check","Reverse Fly Single Arm (Cable)",,"",0,"normal",25,13,,,
"Sarms","Jan 21, 2026, 7:02 PM","Jan 21, 2026, 7:42 PM","Holy fatiguemaxing. Went for an 8k run yesterday plus gym and only got 5 hours of sleep. Honestly i should have taken a rest day but i aint no pussy. Kept it low volume strength just wasnt quite there today. We move and it just proves the point that i gotta keep these outside factors in check","Reverse Fly Single Arm (Cable)",,"",1,"normal",25,13,,,
"Sarms","Jan 21, 2026, 7:02 PM","Jan 21, 2026, 7:42 PM","Holy fatiguemaxing. Went for an 8k run yesterday plus gym and only got 5 hours of sleep. Honestly i should have taken a rest day but i aint no pussy. Kept it low volume strength just wasnt quite there today. We move and it just proves the point that i gotta keep these outside factors in check","Reverse Fly Single Arm (Cable)",,"",2,"normal",25,13,,,
"Sarms","Jan 21, 2026, 7:02 PM","Jan 21, 2026, 7:42 PM","Holy fatiguemaxing. Went for an 8k run yesterday plus gym and only got 5 hours of sleep. Honestly i should have taken a rest day but i aint no pussy. Kept it low volume strength just wasnt quite there today. We move and it just proves the point that i gotta keep these outside factors in check","Treadmill",,"",0,"normal",,,3.25,2400,
"Upper","Jan 20, 2026, 8:09 PM","Jan 20, 2026, 9:35 PM","Cheeky gym sesh with james and jack felt pretty solid","Incline Bench Press (Dumbbell)",,"",0,"normal",34,10,,,
"Upper","Jan 20, 2026, 8:09 PM","Jan 20, 2026, 9:35 PM","Cheeky gym sesh with james and jack felt pretty solid","Incline Bench Press (Dumbbell)",,"",1,"normal",34,9,,,
"Upper","Jan 20, 2026, 8:09 PM","Jan 20, 2026, 9:35 PM","Cheeky gym sesh with james and jack felt pretty solid","Incline Bench Press (Dumbbell)",,"",2,"normal",34,7,,,
"Upper","Jan 20, 2026, 8:09 PM","Jan 20, 2026, 9:35 PM","Cheeky gym sesh with james and jack felt pretty solid","Cable Fly Crossovers",,"",0,"normal",15,13,,,
"Upper","Jan 20, 2026, 8:09 PM","Jan 20, 2026, 9:35 PM","Cheeky gym sesh with james and jack felt pretty solid","Cable Fly Crossovers",,"",1,"normal",15,12,,,
"Upper","Jan 20, 2026, 8:09 PM","Jan 20, 2026, 9:35 PM","Cheeky gym sesh with james and jack felt pretty solid","Cable Fly Crossovers",,"",2,"normal",15,13,,,
"Upper","Jan 20, 2026, 8:09 PM","Jan 20, 2026, 9:35 PM","Cheeky gym sesh with james and jack felt pretty solid","Lat Pulldown (Cable)",,"",0,"normal",80,10,,,
"Upper","Jan 20, 2026, 8:09 PM","Jan 20, 2026, 9:35 PM","Cheeky gym sesh with james and jack felt pretty solid","Lat Pulldown (Cable)",,"",1,"normal",72.5,12,,,
"Upper","Jan 20, 2026, 8:09 PM","Jan 20, 2026, 9:35 PM","Cheeky gym sesh with james and jack felt pretty solid","Lat Pulldown (Cable)",,"",2,"normal",72.5,13,,,
"Upper","Jan 20, 2026, 8:09 PM","Jan 20, 2026, 9:35 PM","Cheeky gym sesh with james and jack felt pretty solid","Triceps Pushdown",,"",0,"normal",30,20,,,
"Upper","Jan 20, 2026, 8:09 PM","Jan 20, 2026, 9:35 PM","Cheeky gym sesh with james and jack felt pretty solid","Triceps Pushdown",,"",1,"normal",37.5,12,,,
"Upper","Jan 20, 2026, 8:09 PM","Jan 20, 2026, 9:35 PM","Cheeky gym sesh with james and jack felt pretty solid","Triceps Pushdown",,"",2,"normal",37.5,12,,,
"Upper","Jan 20, 2026, 8:09 PM","Jan 20, 2026, 9:35 PM","Cheeky gym sesh with james and jack felt pretty solid","T Bar Row",,"",0,"normal",75,12,,,
"Upper","Jan 20, 2026, 8:09 PM","Jan 20, 2026, 9:35 PM","Cheeky gym sesh with james and jack felt pretty solid","T Bar Row",,"",1,"normal",75,10,,,
"Upper","Jan 20, 2026, 8:09 PM","Jan 20, 2026, 9:35 PM","Cheeky gym sesh with james and jack felt pretty solid","T Bar Row",,"",2,"normal",75,9,,,
"Upper","Jan 20, 2026, 8:09 PM","Jan 20, 2026, 9:35 PM","Cheeky gym sesh with james and jack felt pretty solid","Preacher Curl (Machine)",,"",0,"normal",55,15,,,
"Upper","Jan 20, 2026, 8:09 PM","Jan 20, 2026, 9:35 PM","Cheeky gym sesh with james and jack felt pretty solid","Preacher Curl (Machine)",,"",1,"normal",55,15,,,
"Upper","Jan 20, 2026, 8:09 PM","Jan 20, 2026, 9:35 PM","Cheeky gym sesh with james and jack felt pretty solid","Preacher Curl (Machine)",,"",2,"normal",55,15,,,
"Upper","Jan 20, 2026, 8:09 PM","Jan 20, 2026, 9:35 PM","Cheeky gym sesh with james and jack felt pretty solid","Lateral Raise (Dumbbell)",,"",0,"normal",8,20,,,
"Upper","Jan 20, 2026, 8:09 PM","Jan 20, 2026, 9:35 PM","Cheeky gym sesh with james and jack felt pretty solid","Lateral Raise (Dumbbell)",,"",1,"normal",8,20,,,
"Upper","Jan 20, 2026, 8:09 PM","Jan 20, 2026, 9:35 PM","Cheeky gym sesh with james and jack felt pretty solid","Lateral Raise (Dumbbell)",,"",2,"normal",8,20,,,
"Lower","Jan 19, 2026, 1:34 PM","Jan 19, 2026, 2:26 PM","Low volume leg day. Gonna be sore tmr","Standing Calf Raise (Machine)",,"",0,"normal",180,15,,,
"Lower","Jan 19, 2026, 1:34 PM","Jan 19, 2026, 2:26 PM","Low volume leg day. Gonna be sore tmr","Standing Calf Raise (Machine)",,"",1,"normal",180,12,,,
"Lower","Jan 19, 2026, 1:34 PM","Jan 19, 2026, 2:26 PM","Low volume leg day. Gonna be sore tmr","Standing Calf Raise (Machine)",,"",2,"normal",180,12,,,
"Lower","Jan 19, 2026, 1:34 PM","Jan 19, 2026, 2:26 PM","Low volume leg day. Gonna be sore tmr","Leg Press (Machine)",,"",0,"normal",180,12,,,
"Lower","Jan 19, 2026, 1:34 PM","Jan 19, 2026, 2:26 PM","Low volume leg day. Gonna be sore tmr","Leg Press (Machine)",,"",1,"normal",180,12,,,
"Lower","Jan 19, 2026, 1:34 PM","Jan 19, 2026, 2:26 PM","Low volume leg day. Gonna be sore tmr","Leg Press (Machine)",,"",2,"normal",180,12,,,
"Lower","Jan 19, 2026, 1:34 PM","Jan 19, 2026, 2:26 PM","Low volume leg day. Gonna be sore tmr","Leg Extension (Machine)",,"",0,"normal",95,15,,,
"Lower","Jan 19, 2026, 1:34 PM","Jan 19, 2026, 2:26 PM","Low volume leg day. Gonna be sore tmr","Leg Extension (Machine)",,"",1,"normal",100,12,,,
"Lower","Jan 19, 2026, 1:34 PM","Jan 19, 2026, 2:26 PM","Low volume leg day. Gonna be sore tmr","Leg Extension (Machine)",,"",2,"normal",100,12,,,
"Lower","Jan 19, 2026, 1:34 PM","Jan 19, 2026, 2:26 PM","Low volume leg day. Gonna be sore tmr","Romanian Deadlift (Barbell)",,"",0,"normal",110,12,,,
"Lower","Jan 19, 2026, 1:34 PM","Jan 19, 2026, 2:26 PM","Low volume leg day. Gonna be sore tmr","Romanian Deadlift (Barbell)",,"",1,"normal",110,12,,,
"Lower","Jan 19, 2026, 1:34 PM","Jan 19, 2026, 2:26 PM","Low volume leg day. Gonna be sore tmr","Romanian Deadlift (Barbell)",,"",2,"normal",110,12,,,
"Lower","Jan 19, 2026, 1:34 PM","Jan 19, 2026, 2:26 PM","Low volume leg day. Gonna be sore tmr","Crunch (Machine)",,"",0,"normal",35,12,,,
"Lower","Jan 19, 2026, 1:34 PM","Jan 19, 2026, 2:26 PM","Low volume leg day. Gonna be sore tmr","Crunch (Machine)",,"",1,"normal",35,12,,,
"Lower","Jan 19, 2026, 1:34 PM","Jan 19, 2026, 2:26 PM","Low volume leg day. Gonna be sore tmr","Crunch (Machine)",,"",2,"normal",35,12,,,
"Lower","Jan 19, 2026, 1:34 PM","Jan 19, 2026, 2:26 PM","Low volume leg day. Gonna be sore tmr","Treadmill",,"",0,"normal",,,3.25,2400,
"Upper","Jan 17, 2026, 9:33 AM","Jan 17, 2026, 10:59 AM","Felt pretty good today. Dont have much to do so I have the ability to just take my time and get a good pump going","Bench Press (Barbell)",,"",0,"normal",85,7,,,
"Upper","Jan 17, 2026, 9:33 AM","Jan 17, 2026, 10:59 AM","Felt pretty good today. Dont have much to do so I have the ability to just take my time and get a good pump going","Bench Press (Barbell)",,"",1,"normal",85,6,,,
"Upper","Jan 17, 2026, 9:33 AM","Jan 17, 2026, 10:59 AM","Felt pretty good today. Dont have much to do so I have the ability to just take my time and get a good pump going","Bench Press (Barbell)",,"",2,"normal",80,6,,,
"Upper","Jan 17, 2026, 9:33 AM","Jan 17, 2026, 10:59 AM","Felt pretty good today. Dont have much to do so I have the ability to just take my time and get a good pump going","Seated Cable Row - Bar Grip",,"",0,"normal",80,10,,,
"Upper","Jan 17, 2026, 9:33 AM","Jan 17, 2026, 10:59 AM","Felt pretty good today. Dont have much to do so I have the ability to just take my time and get a good pump going","Seated Cable Row - Bar Grip",,"",1,"normal",80,12,,,
"Upper","Jan 17, 2026, 9:33 AM","Jan 17, 2026, 10:59 AM","Felt pretty good today. Dont have much to do so I have the ability to just take my time and get a good pump going","Seated Cable Row - Bar Grip",,"",2,"normal",80,10,,,
"Upper","Jan 17, 2026, 9:33 AM","Jan 17, 2026, 10:59 AM","Felt pretty good today. Dont have much to do so I have the ability to just take my time and get a good pump going","Lateral Raise (Machine)",,"",0,"normal",35,14,,,
"Upper","Jan 17, 2026, 9:33 AM","Jan 17, 2026, 10:59 AM","Felt pretty good today. Dont have much to do so I have the ability to just take my time and get a good pump going","Lateral Raise (Machine)",,"",1,"normal",35,14,,,
"Upper","Jan 17, 2026, 9:33 AM","Jan 17, 2026, 10:59 AM","Felt pretty good today. Dont have much to do so I have the ability to just take my time and get a good pump going","Lateral Raise (Machine)",,"",2,"normal",35,13,,,
"Upper","Jan 17, 2026, 9:33 AM","Jan 17, 2026, 10:59 AM","Felt pretty good today. Dont have much to do so I have the ability to just take my time and get a good pump going","Bicep Curl (Dumbbell)",,"",0,"normal",18,12,,,
"Upper","Jan 17, 2026, 9:33 AM","Jan 17, 2026, 10:59 AM","Felt pretty good today. Dont have much to do so I have the ability to just take my time and get a good pump going","Bicep Curl (Dumbbell)",,"",1,"normal",18,9,,,
"Upper","Jan 17, 2026, 9:33 AM","Jan 17, 2026, 10:59 AM","Felt pretty good today. Dont have much to do so I have the ability to just take my time and get a good pump going","Bicep Curl (Dumbbell)",,"",2,"normal",18,8,,,
"Upper","Jan 17, 2026, 9:33 AM","Jan 17, 2026, 10:59 AM","Felt pretty good today. Dont have much to do so I have the ability to just take my time and get a good pump going","Incline Bench Press (Smith Machine)",,"",0,"normal",55.5,10,,,
"Upper","Jan 17, 2026, 9:33 AM","Jan 17, 2026, 10:59 AM","Felt pretty good today. Dont have much to do so I have the ability to just take my time and get a good pump going","Incline Bench Press (Smith Machine)",,"",1,"normal",55.5,9,,,
"Upper","Jan 17, 2026, 9:33 AM","Jan 17, 2026, 10:59 AM","Felt pretty good today. Dont have much to do so I have the ability to just take my time and get a good pump going","Incline Bench Press (Smith Machine)",,"",2,"normal",55.5,9,,,
"Upper","Jan 17, 2026, 9:33 AM","Jan 17, 2026, 10:59 AM","Felt pretty good today. Dont have much to do so I have the ability to just take my time and get a good pump going","Pull Up",,"",0,"normal",,14,,,
"Upper","Jan 17, 2026, 9:33 AM","Jan 17, 2026, 10:59 AM","Felt pretty good today. Dont have much to do so I have the ability to just take my time and get a good pump going","Pull Up",,"",1,"normal",,12,,,
"Upper","Jan 17, 2026, 9:33 AM","Jan 17, 2026, 10:59 AM","Felt pretty good today. Dont have much to do so I have the ability to just take my time and get a good pump going","Pull Up",,"",2,"normal",,11,,,
"Upper","Jan 17, 2026, 9:33 AM","Jan 17, 2026, 10:59 AM","Felt pretty good today. Dont have much to do so I have the ability to just take my time and get a good pump going","Overhead Triceps Extension (Cable)",,"",0,"warmup",27.5,9,,,
"Upper","Jan 17, 2026, 9:33 AM","Jan 17, 2026, 10:59 AM","Felt pretty good today. Dont have much to do so I have the ability to just take my time and get a good pump going","Overhead Triceps Extension (Cable)",,"",1,"normal",27.5,9,,,
"Upper","Jan 17, 2026, 9:33 AM","Jan 17, 2026, 10:59 AM","Felt pretty good today. Dont have much to do so I have the ability to just take my time and get a good pump going","Overhead Triceps Extension (Cable)",,"",2,"normal",25,11,,,
"Upper","Jan 17, 2026, 9:33 AM","Jan 17, 2026, 10:59 AM","Felt pretty good today. Dont have much to do so I have the ability to just take my time and get a good pump going","Treadmill",,"",0,"normal",,,3.25,2400,
"Lower","Jan 15, 2026, 1:16 PM","Jan 15, 2026, 2:59 PM","Carbed up, pre workout hitting, hydrated. Almost perfect workout. Shins feeling like they are back in business. Very happy with how today went 😁","Standing Calf Raise (Machine)",,"",0,"normal",180,12,,,
"Lower","Jan 15, 2026, 1:16 PM","Jan 15, 2026, 2:59 PM","Carbed up, pre workout hitting, hydrated. Almost perfect workout. Shins feeling like they are back in business. Very happy with how today went 😁","Standing Calf Raise (Machine)",,"",1,"normal",180,12,,,
"Lower","Jan 15, 2026, 1:16 PM","Jan 15, 2026, 2:59 PM","Carbed up, pre workout hitting, hydrated. Almost perfect workout. Shins feeling like they are back in business. Very happy with how today went 😁","Back Extension (Weighted Hyperextension)",,"",0,"normal",25,12,,,
"Lower","Jan 15, 2026, 1:16 PM","Jan 15, 2026, 2:59 PM","Carbed up, pre workout hitting, hydrated. Almost perfect workout. Shins feeling like they are back in business. Very happy with how today went 😁","Back Extension (Weighted Hyperextension)",,"",1,"normal",25,16,,,
"Lower","Jan 15, 2026, 1:16 PM","Jan 15, 2026, 2:59 PM","Carbed up, pre workout hitting, hydrated. Almost perfect workout. Shins feeling like they are back in business. Very happy with how today went 😁","Back Extension (Weighted Hyperextension)",,"",2,"normal",25,17,,,
"Lower","Jan 15, 2026, 1:16 PM","Jan 15, 2026, 2:59 PM","Carbed up, pre workout hitting, hydrated. Almost perfect workout. Shins feeling like they are back in business. Very happy with how today went 😁","Seated Leg Curl (Machine)",,"",0,"normal",65,15,,,
"Lower","Jan 15, 2026, 1:16 PM","Jan 15, 2026, 2:59 PM","Carbed up, pre workout hitting, hydrated. Almost perfect workout. Shins feeling like they are back in business. Very happy with how today went 😁","Seated Leg Curl (Machine)",,"",1,"normal",70,14,,,
"Lower","Jan 15, 2026, 1:16 PM","Jan 15, 2026, 2:59 PM","Carbed up, pre workout hitting, hydrated. Almost perfect workout. Shins feeling like they are back in business. Very happy with how today went 😁","Seated Leg Curl (Machine)",,"",2,"normal",70,14,,,
"Lower","Jan 15, 2026, 1:16 PM","Jan 15, 2026, 2:59 PM","Carbed up, pre workout hitting, hydrated. Almost perfect workout. Shins feeling like they are back in business. Very happy with how today went 😁","Leg Raise Parallel Bars",,"",0,"normal",,17,,,
"Lower","Jan 15, 2026, 1:16 PM","Jan 15, 2026, 2:59 PM","Carbed up, pre workout hitting, hydrated. Almost perfect workout. Shins feeling like they are back in business. Very happy with how today went 😁","Leg Raise Parallel Bars",,"",1,"normal",,18,,,
"Lower","Jan 15, 2026, 1:16 PM","Jan 15, 2026, 2:59 PM","Carbed up, pre workout hitting, hydrated. Almost perfect workout. Shins feeling like they are back in business. Very happy with how today went 😁","Leg Raise Parallel Bars",,"",2,"normal",,18,,,
"Lower","Jan 15, 2026, 1:16 PM","Jan 15, 2026, 2:59 PM","Carbed up, pre workout hitting, hydrated. Almost perfect workout. Shins feeling like they are back in business. Very happy with how today went 😁","Side Bend (Dumbbell)",,"",0,"normal",30,13,,,
"Lower","Jan 15, 2026, 1:16 PM","Jan 15, 2026, 2:59 PM","Carbed up, pre workout hitting, hydrated. Almost perfect workout. Shins feeling like they are back in business. Very happy with how today went 😁","Side Bend (Dumbbell)",,"",1,"normal",30,15,,,
"Lower","Jan 15, 2026, 1:16 PM","Jan 15, 2026, 2:59 PM","Carbed up, pre workout hitting, hydrated. Almost perfect workout. Shins feeling like they are back in business. Very happy with how today went 😁","Side Bend (Dumbbell)",,"",2,"normal",30,15,,,
"Lower","Jan 15, 2026, 1:16 PM","Jan 15, 2026, 2:59 PM","Carbed up, pre workout hitting, hydrated. Almost perfect workout. Shins feeling like they are back in business. Very happy with how today went 😁","Leg Press (Machine)",,"",0,"normal",140,20,,,
"Lower","Jan 15, 2026, 1:16 PM","Jan 15, 2026, 2:59 PM","Carbed up, pre workout hitting, hydrated. Almost perfect workout. Shins feeling like they are back in business. Very happy with how today went 😁","Leg Press (Machine)",,"",1,"normal",180,12,,,
"Lower","Jan 15, 2026, 1:16 PM","Jan 15, 2026, 2:59 PM","Carbed up, pre workout hitting, hydrated. Almost perfect workout. Shins feeling like they are back in business. Very happy with how today went 😁","Leg Press (Machine)",,"",2,"normal",180,12,,,
"Lower","Jan 15, 2026, 1:16 PM","Jan 15, 2026, 2:59 PM","Carbed up, pre workout hitting, hydrated. Almost perfect workout. Shins feeling like they are back in business. Very happy with how today went 😁","Leg Extension (Machine)",,"",0,"normal",85,15,,,
"Lower","Jan 15, 2026, 1:16 PM","Jan 15, 2026, 2:59 PM","Carbed up, pre workout hitting, hydrated. Almost perfect workout. Shins feeling like they are back in business. Very happy with how today went 😁","Leg Extension (Machine)",,"",1,"normal",95,14,,,
"Lower","Jan 15, 2026, 1:16 PM","Jan 15, 2026, 2:59 PM","Carbed up, pre workout hitting, hydrated. Almost perfect workout. Shins feeling like they are back in business. Very happy with how today went 😁","Leg Extension (Machine)",,"",2,"normal",95,16,,,
"Lower","Jan 15, 2026, 1:16 PM","Jan 15, 2026, 2:59 PM","Carbed up, pre workout hitting, hydrated. Almost perfect workout. Shins feeling like they are back in business. Very happy with how today went 😁","Hip Abduction (Machine)",,"",0,"normal",100,18,,,
"Lower","Jan 15, 2026, 1:16 PM","Jan 15, 2026, 2:59 PM","Carbed up, pre workout hitting, hydrated. Almost perfect workout. Shins feeling like they are back in business. Very happy with how today went 😁","Hip Abduction (Machine)",,"",1,"normal",100,20,,,
"Lower","Jan 15, 2026, 1:16 PM","Jan 15, 2026, 2:59 PM","Carbed up, pre workout hitting, hydrated. Almost perfect workout. Shins feeling like they are back in business. Very happy with how today went 😁","Hip Abduction (Machine)",,"",2,"normal",100,20,,,
"Lower","Jan 15, 2026, 1:16 PM","Jan 15, 2026, 2:59 PM","Carbed up, pre workout hitting, hydrated. Almost perfect workout. Shins feeling like they are back in business. Very happy with how today went 😁","Treadmill",,"",0,"normal",,,3.25,2400,
"Lower","Jan 14, 2026, 3:04 PM","Jan 14, 2026, 4:34 PM","Late entry from sundays ergathon","Rowing Machine",,"",0,"normal",,,8,1800,
"Lower","Jan 14, 2026, 3:04 PM","Jan 14, 2026, 4:34 PM","Late entry from sundays ergathon","Rowing Machine",,"",1,"normal",,,8,1800,
"Lower","Jan 14, 2026, 3:04 PM","Jan 14, 2026, 4:34 PM","Late entry from sundays ergathon","Rowing Machine",,"",2,"normal",,,7.5,1800,
"Sarms","Jan 14, 2026, 1:34 PM","Jan 14, 2026, 2:45 PM","Felt better than the past couple days which is good but still something a bit off, running out of gas pretty quick i think i might be getting a little sick","Shoulder Press (Dumbbell)",,"",0,"normal",26,10,,,
"Sarms","Jan 14, 2026, 1:34 PM","Jan 14, 2026, 2:45 PM","Felt better than the past couple days which is good but still something a bit off, running out of gas pretty quick i think i might be getting a little sick","Shoulder Press (Dumbbell)",,"",1,"normal",26,8,,,
"Sarms","Jan 14, 2026, 1:34 PM","Jan 14, 2026, 2:45 PM","Felt better than the past couple days which is good but still something a bit off, running out of gas pretty quick i think i might be getting a little sick","Shoulder Press (Dumbbell)",,"",2,"normal",26,8,,,
"Sarms","Jan 14, 2026, 1:34 PM","Jan 14, 2026, 2:45 PM","Felt better than the past couple days which is good but still something a bit off, running out of gas pretty quick i think i might be getting a little sick","Lateral Raise (Machine)",,"",0,"normal",35,12,,,
"Sarms","Jan 14, 2026, 1:34 PM","Jan 14, 2026, 2:45 PM","Felt better than the past couple days which is good but still something a bit off, running out of gas pretty quick i think i might be getting a little sick","Lateral Raise (Machine)",,"",1,"normal",35,12,,,
"Sarms","Jan 14, 2026, 1:34 PM","Jan 14, 2026, 2:45 PM","Felt better than the past couple days which is good but still something a bit off, running out of gas pretty quick i think i might be getting a little sick","Lateral Raise (Machine)",,"",2,"normal",35,10,,,
"Sarms","Jan 14, 2026, 1:34 PM","Jan 14, 2026, 2:45 PM","Felt better than the past couple days which is good but still something a bit off, running out of gas pretty quick i think i might be getting a little sick","Reverse Fly Single Arm (Cable)",,"",0,"normal",22.5,13,,,
"Sarms","Jan 14, 2026, 1:34 PM","Jan 14, 2026, 2:45 PM","Felt better than the past couple days which is good but still something a bit off, running out of gas pretty quick i think i might be getting a little sick","Reverse Fly Single Arm (Cable)",,"",1,"normal",22.5,14,,,
"Sarms","Jan 14, 2026, 1:34 PM","Jan 14, 2026, 2:45 PM","Felt better than the past couple days which is good but still something a bit off, running out of gas pretty quick i think i might be getting a little sick","Reverse Fly Single Arm (Cable)",,"",2,"normal",22.5,14,,,
"Sarms","Jan 14, 2026, 1:34 PM","Jan 14, 2026, 2:45 PM","Felt better than the past couple days which is good but still something a bit off, running out of gas pretty quick i think i might be getting a little sick","Bicep Curl (Dumbbell)",,"",0,"normal",18,11,,,
"Sarms","Jan 14, 2026, 1:34 PM","Jan 14, 2026, 2:45 PM","Felt better than the past couple days which is good but still something a bit off, running out of gas pretty quick i think i might be getting a little sick","Bicep Curl (Dumbbell)",,"",1,"normal",18,10,,,
"Sarms","Jan 14, 2026, 1:34 PM","Jan 14, 2026, 2:45 PM","Felt better than the past couple days which is good but still something a bit off, running out of gas pretty quick i think i might be getting a little sick","Bicep Curl (Dumbbell)",,"",2,"normal",18,8,,,
"Sarms","Jan 14, 2026, 1:34 PM","Jan 14, 2026, 2:45 PM","Felt better than the past couple days which is good but still something a bit off, running out of gas pretty quick i think i might be getting a little sick","Single Arm Triceps Pushdown (Cable)",,"",0,"normal",15,9,,,
"Sarms","Jan 14, 2026, 1:34 PM","Jan 14, 2026, 2:45 PM","Felt better than the past couple days which is good but still something a bit off, running out of gas pretty quick i think i might be getting a little sick","Single Arm Triceps Pushdown (Cable)",,"",1,"normal",12.5,12,,,
"Sarms","Jan 14, 2026, 1:34 PM","Jan 14, 2026, 2:45 PM","Felt better than the past couple days which is good but still something a bit off, running out of gas pretty quick i think i might be getting a little sick","Single Arm Triceps Pushdown (Cable)",,"",2,"normal",12.5,12,,,
"Sarms","Jan 14, 2026, 1:34 PM","Jan 14, 2026, 2:45 PM","Felt better than the past couple days which is good but still something a bit off, running out of gas pretty quick i think i might be getting a little sick","Shrug (Dumbbell)",,"",0,"normal",28,14,,,
"Sarms","Jan 14, 2026, 1:34 PM","Jan 14, 2026, 2:45 PM","Felt better than the past couple days which is good but still something a bit off, running out of gas pretty quick i think i might be getting a little sick","Shrug (Dumbbell)",,"",1,"normal",30,15,,,
"Sarms","Jan 14, 2026, 1:34 PM","Jan 14, 2026, 2:45 PM","Felt better than the past couple days which is good but still something a bit off, running out of gas pretty quick i think i might be getting a little sick","Shrug (Dumbbell)",,"",2,"normal",30,16,,,
"Upper","Jan 13, 2026, 8:18 AM","Jan 13, 2026, 9:14 AM","Some days it feels like the weights are really moving. This was not one of those days. I think it might have been dehydration. Gonna make sure i sort out all variables from now so i can have consistent good workouts","Bench Press (Barbell)",,"",0,"normal",85,7,,,
"Upper","Jan 13, 2026, 8:18 AM","Jan 13, 2026, 9:14 AM","Some days it feels like the weights are really moving. This was not one of those days. I think it might have been dehydration. Gonna make sure i sort out all variables from now so i can have consistent good workouts","Bench Press (Barbell)",,"",1,"normal",80,7,,,
"Upper","Jan 13, 2026, 8:18 AM","Jan 13, 2026, 9:14 AM","Some days it feels like the weights are really moving. This was not one of those days. I think it might have been dehydration. Gonna make sure i sort out all variables from now so i can have consistent good workouts","Bench Press (Barbell)",,"",2,"normal",80,7,,,
"Upper","Jan 13, 2026, 8:18 AM","Jan 13, 2026, 9:14 AM","Some days it feels like the weights are really moving. This was not one of those days. I think it might have been dehydration. Gonna make sure i sort out all variables from now so i can have consistent good workouts","Incline Bench Press (Dumbbell)",,"",0,"normal",26,10,,,
"Upper","Jan 13, 2026, 8:18 AM","Jan 13, 2026, 9:14 AM","Some days it feels like the weights are really moving. This was not one of those days. I think it might have been dehydration. Gonna make sure i sort out all variables from now so i can have consistent good workouts","Incline Bench Press (Dumbbell)",,"",1,"normal",26,11,,,
"Upper","Jan 13, 2026, 8:18 AM","Jan 13, 2026, 9:14 AM","Some days it feels like the weights are really moving. This was not one of those days. I think it might have been dehydration. Gonna make sure i sort out all variables from now so i can have consistent good workouts","Incline Bench Press (Dumbbell)",,"",2,"normal",26,9,,,
"Upper","Jan 13, 2026, 8:18 AM","Jan 13, 2026, 9:14 AM","Some days it feels like the weights are really moving. This was not one of those days. I think it might have been dehydration. Gonna make sure i sort out all variables from now so i can have consistent good workouts","Lat Pulldown (Cable)",,"",0,"normal",84,12,,,
"Upper","Jan 13, 2026, 8:18 AM","Jan 13, 2026, 9:14 AM","Some days it feels like the weights are really moving. This was not one of those days. I think it might have been dehydration. Gonna make sure i sort out all variables from now so i can have consistent good workouts","Lat Pulldown (Cable)",,"",1,"normal",84,12,,,
"Upper","Jan 13, 2026, 8:18 AM","Jan 13, 2026, 9:14 AM","Some days it feels like the weights are really moving. This was not one of those days. I think it might have been dehydration. Gonna make sure i sort out all variables from now so i can have consistent good workouts","Lat Pulldown (Cable)",,"",2,"normal",84,12,,,
"Upper","Jan 13, 2026, 8:18 AM","Jan 13, 2026, 9:14 AM","Some days it feels like the weights are really moving. This was not one of those days. I think it might have been dehydration. Gonna make sure i sort out all variables from now so i can have consistent good workouts","Lateral Raise (Machine)",,"",0,"normal",30,16,,,
"Upper","Jan 13, 2026, 8:18 AM","Jan 13, 2026, 9:14 AM","Some days it feels like the weights are really moving. This was not one of those days. I think it might have been dehydration. Gonna make sure i sort out all variables from now so i can have consistent good workouts","Lateral Raise (Machine)",,"",1,"normal",30,14,,,
"Upper","Jan 13, 2026, 8:18 AM","Jan 13, 2026, 9:14 AM","Some days it feels like the weights are really moving. This was not one of those days. I think it might have been dehydration. Gonna make sure i sort out all variables from now so i can have consistent good workouts","Lateral Raise (Machine)",,"",2,"normal",30,16,,,
"Upper","Jan 13, 2026, 8:18 AM","Jan 13, 2026, 9:14 AM","Some days it feels like the weights are really moving. This was not one of those days. I think it might have been dehydration. Gonna make sure i sort out all variables from now so i can have consistent good workouts","Chest Fly (Machine)",,"",0,"normal",60,14,,,
"Upper","Jan 13, 2026, 8:18 AM","Jan 13, 2026, 9:14 AM","Some days it feels like the weights are really moving. This was not one of those days. I think it might have been dehydration. Gonna make sure i sort out all variables from now so i can have consistent good workouts","Chest Fly (Machine)",,"",1,"normal",60,12,,,
"Upper","Jan 13, 2026, 8:18 AM","Jan 13, 2026, 9:14 AM","Some days it feels like the weights are really moving. This was not one of those days. I think it might have been dehydration. Gonna make sure i sort out all variables from now so i can have consistent good workouts","Chest Fly (Machine)",,"",2,"normal",60,14,,,
"Upper","Jan 10, 2026, 10:18 AM","Jan 10, 2026, 11:30 AM","Maybe didnt carb up enough at the start of this but besides running low on energy this was a good workout. Going on a little walk now for cardio","Incline Bench Press (Dumbbell)",,"",0,"normal",34,7,,,
"Upper","Jan 10, 2026, 10:18 AM","Jan 10, 2026, 11:30 AM","Maybe didnt carb up enough at the start of this but besides running low on energy this was a good workout. Going on a little walk now for cardio","Incline Bench Press (Dumbbell)",,"",1,"normal",34,7,,,
"Upper","Jan 10, 2026, 10:18 AM","Jan 10, 2026, 11:30 AM","Maybe didnt carb up enough at the start of this but besides running low on energy this was a good workout. Going on a little walk now for cardio","Incline Bench Press (Dumbbell)",,"",2,"normal",30,7,,,
"Upper","Jan 10, 2026, 10:18 AM","Jan 10, 2026, 11:30 AM","Maybe didnt carb up enough at the start of this but besides running low on energy this was a good workout. Going on a little walk now for cardio","Cable Fly Crossovers",,"",0,"normal",15,12,,,
"Upper","Jan 10, 2026, 10:18 AM","Jan 10, 2026, 11:30 AM","Maybe didnt carb up enough at the start of this but besides running low on energy this was a good workout. Going on a little walk now for cardio","Cable Fly Crossovers",,"",1,"normal",15,12,,,
"Upper","Jan 10, 2026, 10:18 AM","Jan 10, 2026, 11:30 AM","Maybe didnt carb up enough at the start of this but besides running low on energy this was a good workout. Going on a little walk now for cardio","Cable Fly Crossovers",,"",2,"normal",15,11,,,
"Upper","Jan 10, 2026, 10:18 AM","Jan 10, 2026, 11:30 AM","Maybe didnt carb up enough at the start of this but besides running low on energy this was a good workout. Going on a little walk now for cardio","Lat Pulldown (Cable)",,"",0,"normal",70,10,,,
"Upper","Jan 10, 2026, 10:18 AM","Jan 10, 2026, 11:30 AM","Maybe didnt carb up enough at the start of this but besides running low on energy this was a good workout. Going on a little walk now for cardio","Lat Pulldown (Cable)",,"",1,"normal",70,10,,,
"Upper","Jan 10, 2026, 10:18 AM","Jan 10, 2026, 11:30 AM","Maybe didnt carb up enough at the start of this but besides running low on energy this was a good workout. Going on a little walk now for cardio","Lat Pulldown (Cable)",,"",2,"normal",70,10,,,
"Upper","Jan 10, 2026, 10:18 AM","Jan 10, 2026, 11:30 AM","Maybe didnt carb up enough at the start of this but besides running low on energy this was a good workout. Going on a little walk now for cardio","Seated Cable Row - Bar Grip",,"",0,"normal",80,11,,,
"Upper","Jan 10, 2026, 10:18 AM","Jan 10, 2026, 11:30 AM","Maybe didnt carb up enough at the start of this but besides running low on energy this was a good workout. Going on a little walk now for cardio","Seated Cable Row - Bar Grip",,"",1,"normal",80,10,,,
"Upper","Jan 10, 2026, 10:18 AM","Jan 10, 2026, 11:30 AM","Maybe didnt carb up enough at the start of this but besides running low on energy this was a good workout. Going on a little walk now for cardio","Seated Cable Row - Bar Grip",,"",2,"normal",80,10,,,
"Upper","Jan 10, 2026, 10:18 AM","Jan 10, 2026, 11:30 AM","Maybe didnt carb up enough at the start of this but besides running low on energy this was a good workout. Going on a little walk now for cardio","Lateral Raise (Machine)",,"",0,"normal",30,14,,,
"Upper","Jan 10, 2026, 10:18 AM","Jan 10, 2026, 11:30 AM","Maybe didnt carb up enough at the start of this but besides running low on energy this was a good workout. Going on a little walk now for cardio","Lateral Raise (Machine)",,"",1,"normal",30,13,,,
"Upper","Jan 10, 2026, 10:18 AM","Jan 10, 2026, 11:30 AM","Maybe didnt carb up enough at the start of this but besides running low on energy this was a good workout. Going on a little walk now for cardio","Lateral Raise (Machine)",,"",2,"normal",30,14,,,
"Upper","Jan 10, 2026, 10:18 AM","Jan 10, 2026, 11:30 AM","Maybe didnt carb up enough at the start of this but besides running low on energy this was a good workout. Going on a little walk now for cardio","Single Arm Lat Pulldown",,"",0,"normal",30,14,,,
"Upper","Jan 10, 2026, 10:18 AM","Jan 10, 2026, 11:30 AM","Maybe didnt carb up enough at the start of this but besides running low on energy this was a good workout. Going on a little walk now for cardio","Single Arm Lat Pulldown",,"",1,"normal",32.5,12,,,
"Upper","Jan 10, 2026, 10:18 AM","Jan 10, 2026, 11:30 AM","Maybe didnt carb up enough at the start of this but besides running low on energy this was a good workout. Going on a little walk now for cardio","Single Arm Lat Pulldown",,"",2,"normal",32.5,12,,,
"Upper","Jan 10, 2026, 10:18 AM","Jan 10, 2026, 11:30 AM","Maybe didnt carb up enough at the start of this but besides running low on energy this was a good workout. Going on a little walk now for cardio","Chest Press (Machine)",,"",0,"normal",84,12,,,
"Upper","Jan 10, 2026, 10:18 AM","Jan 10, 2026, 11:30 AM","Maybe didnt carb up enough at the start of this but besides running low on energy this was a good workout. Going on a little walk now for cardio","Chest Press (Machine)",,"",1,"normal",84,10,,,
"Upper","Jan 10, 2026, 10:18 AM","Jan 10, 2026, 11:30 AM","Maybe didnt carb up enough at the start of this but besides running low on energy this was a good workout. Going on a little walk now for cardio","Chest Press (Machine)",,"",2,"normal",84,7,,,
"Lower","Jan 8, 2026, 11:05 AM","Jan 8, 2026, 12:49 PM","Still on recovery on my quads but we getting better","Standing Calf Raise (Machine)",,"",0,"normal",100,20,,,
"Lower","Jan 8, 2026, 11:05 AM","Jan 8, 2026, 12:49 PM","Still on recovery on my quads but we getting better","Standing Calf Raise (Machine)",,"",1,"normal",100,20,,,
"Lower","Jan 8, 2026, 11:05 AM","Jan 8, 2026, 12:49 PM","Still on recovery on my quads but we getting better","Standing Calf Raise (Machine)",,"",2,"normal",100,20,,,
"Lower","Jan 8, 2026, 11:05 AM","Jan 8, 2026, 12:49 PM","Still on recovery on my quads but we getting better","Back Extension (Weighted Hyperextension)",,"",0,"normal",25,12,,,
"Lower","Jan 8, 2026, 11:05 AM","Jan 8, 2026, 12:49 PM","Still on recovery on my quads but we getting better","Back Extension (Weighted Hyperextension)",,"",1,"normal",25,13,,,
"Lower","Jan 8, 2026, 11:05 AM","Jan 8, 2026, 12:49 PM","Still on recovery on my quads but we getting better","Back Extension (Weighted Hyperextension)",,"",2,"normal",25,13,,,
"Lower","Jan 8, 2026, 11:05 AM","Jan 8, 2026, 12:49 PM","Still on recovery on my quads but we getting better","Hip Thrust (Barbell)",,"",0,"normal",168.1,12,,,
"Lower","Jan 8, 2026, 11:05 AM","Jan 8, 2026, 12:49 PM","Still on recovery on my quads but we getting better","Hip Thrust (Barbell)",,"",1,"normal",168.1,12,,,
"Lower","Jan 8, 2026, 11:05 AM","Jan 8, 2026, 12:49 PM","Still on recovery on my quads but we getting better","Hip Thrust (Barbell)",,"",2,"normal",168.1,10,,,
"Lower","Jan 8, 2026, 11:05 AM","Jan 8, 2026, 12:49 PM","Still on recovery on my quads but we getting better","Seated Leg Curl (Machine)",,"",0,"normal",60,14,,,
"Lower","Jan 8, 2026, 11:05 AM","Jan 8, 2026, 12:49 PM","Still on recovery on my quads but we getting better","Seated Leg Curl (Machine)",,"",1,"normal",60,14,,,
"Lower","Jan 8, 2026, 11:05 AM","Jan 8, 2026, 12:49 PM","Still on recovery on my quads but we getting better","Seated Leg Curl (Machine)",,"",2,"normal",60,14,,,
"Lower","Jan 8, 2026, 11:05 AM","Jan 8, 2026, 12:49 PM","Still on recovery on my quads but we getting better","Leg Raise Parallel Bars",,"",0,"normal",,20,,,
"Lower","Jan 8, 2026, 11:05 AM","Jan 8, 2026, 12:49 PM","Still on recovery on my quads but we getting better","Leg Raise Parallel Bars",,"",1,"normal",,18,,,
"Lower","Jan 8, 2026, 11:05 AM","Jan 8, 2026, 12:49 PM","Still on recovery on my quads but we getting better","Leg Raise Parallel Bars",,"",2,"normal",,13,,,
"Lower","Jan 8, 2026, 11:05 AM","Jan 8, 2026, 12:49 PM","Still on recovery on my quads but we getting better","Side Bend (Dumbbell)",,"",0,"normal",30,12,,,
"Lower","Jan 8, 2026, 11:05 AM","Jan 8, 2026, 12:49 PM","Still on recovery on my quads but we getting better","Side Bend (Dumbbell)",,"",1,"normal",30,12,,,
"Lower","Jan 8, 2026, 11:05 AM","Jan 8, 2026, 12:49 PM","Still on recovery on my quads but we getting better","Side Bend (Dumbbell)",,"",2,"normal",30,12,,,
"Lower","Jan 8, 2026, 11:05 AM","Jan 8, 2026, 12:49 PM","Still on recovery on my quads but we getting better","Leg Press (Machine)",,"",0,"normal",100,10,,,
"Lower","Jan 8, 2026, 11:05 AM","Jan 8, 2026, 12:49 PM","Still on recovery on my quads but we getting better","Leg Extension (Machine)",,"",0,"normal",65,12,,,
"Lower","Jan 8, 2026, 11:05 AM","Jan 8, 2026, 12:49 PM","Still on recovery on my quads but we getting better","Leg Extension (Machine)",,"",1,"normal",65,12,,,
"Lower","Jan 8, 2026, 11:05 AM","Jan 8, 2026, 12:49 PM","Still on recovery on my quads but we getting better","Leg Extension (Machine)",,"",2,"normal",65,12,,,
"Lower","Jan 8, 2026, 11:05 AM","Jan 8, 2026, 12:49 PM","Still on recovery on my quads but we getting better","Hip Abduction (Machine)",,"",0,"normal",100,12,,,
"Lower","Jan 8, 2026, 11:05 AM","Jan 8, 2026, 12:49 PM","Still on recovery on my quads but we getting better","Hip Abduction (Machine)",,"",1,"normal",100,15,,,
"Lower","Jan 8, 2026, 11:05 AM","Jan 8, 2026, 12:49 PM","Still on recovery on my quads but we getting better","Hip Abduction (Machine)",,"",2,"normal",100,15,,,
"Sarms","Jan 7, 2026, 11:10 AM","Jan 7, 2026, 12:35 PM","Felt good","Shoulder Press (Dumbbell)",,"",0,"normal",26,9,,,
"Sarms","Jan 7, 2026, 11:10 AM","Jan 7, 2026, 12:35 PM","Felt good","Shoulder Press (Dumbbell)",,"",1,"normal",26,8,,,
"Sarms","Jan 7, 2026, 11:10 AM","Jan 7, 2026, 12:35 PM","Felt good","Shoulder Press (Dumbbell)",,"",2,"normal",26,7,,,
"Sarms","Jan 7, 2026, 11:10 AM","Jan 7, 2026, 12:35 PM","Felt good","Lateral Raise (Machine)",,"",0,"normal",30,13,,,
"Sarms","Jan 7, 2026, 11:10 AM","Jan 7, 2026, 12:35 PM","Felt good","Lateral Raise (Machine)",,"",1,"normal",30,13,,,
"Sarms","Jan 7, 2026, 11:10 AM","Jan 7, 2026, 12:35 PM","Felt good","Lateral Raise (Machine)",,"",2,"normal",30,12,,,
"Sarms","Jan 7, 2026, 11:10 AM","Jan 7, 2026, 12:35 PM","Felt good","Reverse Fly Single Arm (Cable)",,"",0,"normal",22.5,14,,,
"Sarms","Jan 7, 2026, 11:10 AM","Jan 7, 2026, 12:35 PM","Felt good","Reverse Fly Single Arm (Cable)",,"",1,"normal",22.5,14,,,
"Sarms","Jan 7, 2026, 11:10 AM","Jan 7, 2026, 12:35 PM","Felt good","Reverse Fly Single Arm (Cable)",,"",2,"normal",22.5,14,,,
"Sarms","Jan 7, 2026, 11:10 AM","Jan 7, 2026, 12:35 PM","Felt good","Bicep Curl (Dumbbell)",,"",0,"normal",20,8,,,
"Sarms","Jan 7, 2026, 11:10 AM","Jan 7, 2026, 12:35 PM","Felt good","Bicep Curl (Dumbbell)",,"",1,"normal",20,8,,,
"Sarms","Jan 7, 2026, 11:10 AM","Jan 7, 2026, 12:35 PM","Felt good","Bicep Curl (Dumbbell)",,"",2,"normal",20,6,,,
"Sarms","Jan 7, 2026, 11:10 AM","Jan 7, 2026, 12:35 PM","Felt good","Hammer Curl (Dumbbell)",,"",0,"normal",20,12,,,
"Sarms","Jan 7, 2026, 11:10 AM","Jan 7, 2026, 12:35 PM","Felt good","Hammer Curl (Dumbbell)",,"",1,"normal",20,12,,,
"Sarms","Jan 7, 2026, 11:10 AM","Jan 7, 2026, 12:35 PM","Felt good","Hammer Curl (Dumbbell)",,"",2,"normal",20,12,,,
"Sarms","Jan 7, 2026, 11:10 AM","Jan 7, 2026, 12:35 PM","Felt good","Triceps Pushdown",,"",0,"normal",35,14,,,
"Sarms","Jan 7, 2026, 11:10 AM","Jan 7, 2026, 12:35 PM","Felt good","Triceps Pushdown",,"",1,"normal",35,12,,,
"Sarms","Jan 7, 2026, 11:10 AM","Jan 7, 2026, 12:35 PM","Felt good","Triceps Pushdown",,"",2,"normal",35,12,,,
"Sarms","Jan 7, 2026, 11:10 AM","Jan 7, 2026, 12:35 PM","Felt good","Single Arm Triceps Pushdown (Cable)",,"",0,"normal",15,10,,,
"Sarms","Jan 7, 2026, 11:10 AM","Jan 7, 2026, 12:35 PM","Felt good","Single Arm Triceps Pushdown (Cable)",,"",1,"normal",15,10,,,
"Sarms","Jan 7, 2026, 11:10 AM","Jan 7, 2026, 12:35 PM","Felt good","Single Arm Triceps Pushdown (Cable)",,"",2,"normal",15,8,,,
"Sarms","Jan 7, 2026, 11:10 AM","Jan 7, 2026, 12:35 PM","Felt good","Shrug (Dumbbell)",,"",0,"normal",28,16,,,
"Sarms","Jan 7, 2026, 11:10 AM","Jan 7, 2026, 12:35 PM","Felt good","Shrug (Dumbbell)",,"",1,"normal",28,17,,,
"Sarms","Jan 7, 2026, 11:10 AM","Jan 7, 2026, 12:35 PM","Felt good","Shrug (Dumbbell)",,"",2,"normal",28,18,,,
"Sarms","Jan 7, 2026, 11:10 AM","Jan 7, 2026, 12:35 PM","Felt good","Seated Palms Up Wrist Curl",,"",0,"normal",16,14,,,
"Sarms","Jan 7, 2026, 11:10 AM","Jan 7, 2026, 12:35 PM","Felt good","Seated Palms Up Wrist Curl",,"",1,"normal",16,12,,,
"Sarms","Jan 7, 2026, 11:10 AM","Jan 7, 2026, 12:35 PM","Felt good","Seated Palms Up Wrist Curl",,"",2,"normal",16,12,,,
"Upper","Jan 6, 2026, 9:52 AM","Jan 6, 2026, 12:14 PM","Bloated and low energy at the start but once my food digested I was fine","Bench Press (Barbell)",,"",0,"normal",85,6,,,
"Upper","Jan 6, 2026, 9:52 AM","Jan 6, 2026, 12:14 PM","Bloated and low energy at the start but once my food digested I was fine","Bench Press (Barbell)",,"",1,"normal",85,6,,,
"Upper","Jan 6, 2026, 9:52 AM","Jan 6, 2026, 12:14 PM","Bloated and low energy at the start but once my food digested I was fine","Bench Press (Barbell)",,"",2,"normal",80,7,,,
"Upper","Jan 6, 2026, 9:52 AM","Jan 6, 2026, 12:14 PM","Bloated and low energy at the start but once my food digested I was fine","Cable Fly Crossovers",,"",0,"normal",15,11,,,
"Upper","Jan 6, 2026, 9:52 AM","Jan 6, 2026, 12:14 PM","Bloated and low energy at the start but once my food digested I was fine","Cable Fly Crossovers",,"",1,"normal",12.5,12,,,
"Upper","Jan 6, 2026, 9:52 AM","Jan 6, 2026, 12:14 PM","Bloated and low energy at the start but once my food digested I was fine","Cable Fly Crossovers",,"",2,"normal",12.5,11,,,
"Upper","Jan 6, 2026, 9:52 AM","Jan 6, 2026, 12:14 PM","Bloated and low energy at the start but once my food digested I was fine","Lat Pulldown (Cable)",,"",0,"normal",84,12,,,
"Upper","Jan 6, 2026, 9:52 AM","Jan 6, 2026, 12:14 PM","Bloated and low energy at the start but once my food digested I was fine","Lat Pulldown (Cable)",,"",1,"normal",84,12,,,
"Upper","Jan 6, 2026, 9:52 AM","Jan 6, 2026, 12:14 PM","Bloated and low energy at the start but once my food digested I was fine","Lat Pulldown (Cable)",,"",2,"normal",84,12,,,
"Upper","Jan 6, 2026, 9:52 AM","Jan 6, 2026, 12:14 PM","Bloated and low energy at the start but once my food digested I was fine","Seated Cable Row - Bar Grip",,"",0,"normal",80,9,,,
"Upper","Jan 6, 2026, 9:52 AM","Jan 6, 2026, 12:14 PM","Bloated and low energy at the start but once my food digested I was fine","Seated Cable Row - Bar Grip",,"",1,"normal",80,10,,,
"Upper","Jan 6, 2026, 9:52 AM","Jan 6, 2026, 12:14 PM","Bloated and low energy at the start but once my food digested I was fine","Seated Cable Row - Bar Grip",,"",2,"normal",80,8,,,
"Upper","Jan 6, 2026, 9:52 AM","Jan 6, 2026, 12:14 PM","Bloated and low energy at the start but once my food digested I was fine","Lateral Raise (Machine)",,"",0,"normal",30,12,,,
"Upper","Jan 6, 2026, 9:52 AM","Jan 6, 2026, 12:14 PM","Bloated and low energy at the start but once my food digested I was fine","Lateral Raise (Machine)",,"",1,"normal",30,12,,,
"Upper","Jan 6, 2026, 9:52 AM","Jan 6, 2026, 12:14 PM","Bloated and low energy at the start but once my food digested I was fine","Lateral Raise (Machine)",,"",2,"normal",30,12,,,
"Upper","Jan 6, 2026, 9:52 AM","Jan 6, 2026, 12:14 PM","Bloated and low energy at the start but once my food digested I was fine","Bicep Curl (Dumbbell)",,"",0,"normal",20,8,,,
"Upper","Jan 6, 2026, 9:52 AM","Jan 6, 2026, 12:14 PM","Bloated and low energy at the start but once my food digested I was fine","Bicep Curl (Dumbbell)",,"",1,"normal",20,7,,,
"Upper","Jan 6, 2026, 9:52 AM","Jan 6, 2026, 12:14 PM","Bloated and low energy at the start but once my food digested I was fine","Bicep Curl (Dumbbell)",,"",2,"normal",20,7,,,
"Upper","Jan 6, 2026, 9:52 AM","Jan 6, 2026, 12:14 PM","Bloated and low energy at the start but once my food digested I was fine","Triceps Pushdown",,"",0,"normal",35,14,,,
"Upper","Jan 6, 2026, 9:52 AM","Jan 6, 2026, 12:14 PM","Bloated and low energy at the start but once my food digested I was fine","Triceps Pushdown",,"",1,"normal",35,12,,,
"Upper","Jan 6, 2026, 9:52 AM","Jan 6, 2026, 12:14 PM","Bloated and low energy at the start but once my food digested I was fine","Triceps Pushdown",,"",2,"normal",35,12,,,
"Upper","Jan 6, 2026, 9:52 AM","Jan 6, 2026, 12:14 PM","Bloated and low energy at the start but once my food digested I was fine","Spinning",,"",0,"normal",,,,3641,
"Upper","Jan 6, 2026, 9:52 AM","Jan 6, 2026, 12:14 PM","Bloated and low energy at the start but once my food digested I was fine","Single Arm Lat Pulldown",,"",0,"normal",30,12,,,
"Upper","Jan 6, 2026, 9:52 AM","Jan 6, 2026, 12:14 PM","Bloated and low energy at the start but once my food digested I was fine","Single Arm Lat Pulldown",,"",1,"normal",30,13,,,
"Upper","Jan 6, 2026, 9:52 AM","Jan 6, 2026, 12:14 PM","Bloated and low energy at the start but once my food digested I was fine","Single Arm Lat Pulldown",,"",2,"normal",30,13,,,
"Legs","Sep 11, 2025, 8:42 PM","Sep 11, 2025, 9:33 PM","","Seated Leg Curl (Machine)",,"",0,"warmup",70,12,,,
"Legs","Sep 11, 2025, 8:42 PM","Sep 11, 2025, 9:33 PM","","Seated Leg Curl (Machine)",,"",1,"normal",90,7,,,
"Legs","Sep 11, 2025, 8:42 PM","Sep 11, 2025, 9:33 PM","","Seated Leg Curl (Machine)",,"",2,"normal",90,6,,,
"Legs","Sep 11, 2025, 8:42 PM","Sep 11, 2025, 9:33 PM","","Seated Leg Curl (Machine)",,"",3,"normal",70,6,,,
"Legs","Sep 11, 2025, 8:42 PM","Sep 11, 2025, 9:33 PM","","Squat (Barbell)",,"",0,"warmup",20,12,,,
"Legs","Sep 11, 2025, 8:42 PM","Sep 11, 2025, 9:33 PM","","Squat (Barbell)",,"",1,"warmup",60,10,,,
"Legs","Sep 11, 2025, 8:42 PM","Sep 11, 2025, 9:33 PM","","Squat (Barbell)",,"",2,"normal",80,8,,,
"Legs","Sep 11, 2025, 8:42 PM","Sep 11, 2025, 9:33 PM","","Squat (Barbell)",,"",3,"normal",100,12,,,
"Legs","Sep 11, 2025, 8:42 PM","Sep 11, 2025, 9:33 PM","","Squat (Barbell)",,"",4,"normal",110,7,,,
"Legs","Sep 11, 2025, 8:42 PM","Sep 11, 2025, 9:33 PM","","Squat (Barbell)",,"",5,"normal",110,10,,,
"Legs","Sep 11, 2025, 8:42 PM","Sep 11, 2025, 9:33 PM","","Deadlift (Barbell)",,"",0,"warmup",20,12,,,
"Legs","Sep 11, 2025, 8:42 PM","Sep 11, 2025, 9:33 PM","","Deadlift (Barbell)",,"",1,"normal",80,12,,,
"Legs","Sep 11, 2025, 8:42 PM","Sep 11, 2025, 9:33 PM","","Deadlift (Barbell)",,"",2,"normal",120,12,,,
"Legs","Sep 11, 2025, 8:42 PM","Sep 11, 2025, 9:33 PM","","Deadlift (Barbell)",,"",3,"normal",140,12,,,
"Legs","Sep 11, 2025, 8:42 PM","Sep 11, 2025, 9:33 PM","","Leg Extension (Machine)",,"",0,"normal",50,10,,,
"Legs","Sep 11, 2025, 8:42 PM","Sep 11, 2025, 9:33 PM","","Leg Extension (Machine)",,"",1,"normal",110,12,,,
"Legs","Sep 11, 2025, 8:42 PM","Sep 11, 2025, 9:33 PM","","Leg Extension (Machine)",,"",2,"normal",110,12,,,
"Legs","Sep 11, 2025, 8:42 PM","Sep 11, 2025, 9:33 PM","","Leg Extension (Machine)",,"",3,"normal",110,12,,,
"Push","Sep 8, 2025, 12:47 PM","Sep 8, 2025, 2:09 PM","","Chest Fly (Machine)",,"",0,"normal",65,12,,,
"Push","Sep 8, 2025, 12:47 PM","Sep 8, 2025, 2:09 PM","","Chest Fly (Machine)",,"",1,"normal",65,12,,,
"Push","Sep 8, 2025, 12:47 PM","Sep 8, 2025, 2:09 PM","","Chest Fly (Machine)",,"",2,"normal",65,12,,,
"Push","Sep 8, 2025, 12:47 PM","Sep 8, 2025, 2:09 PM","","Chest Dip",,"",0,"normal",,12,,,
"Push","Sep 8, 2025, 12:47 PM","Sep 8, 2025, 2:09 PM","","Chest Dip",,"",1,"normal",,19,,,
"Push","Sep 8, 2025, 12:47 PM","Sep 8, 2025, 2:09 PM","","Lateral Raise (Cable)",,"",0,"normal",7.5,20,,,
"Push","Sep 8, 2025, 12:47 PM","Sep 8, 2025, 2:09 PM","","Lateral Raise (Cable)",,"",1,"normal",7.5,20,,,
"Push","Sep 8, 2025, 12:47 PM","Sep 8, 2025, 2:09 PM","","Lateral Raise (Cable)",,"",2,"normal",7.5,20,,,
"Push","Sep 8, 2025, 12:47 PM","Sep 8, 2025, 2:09 PM","","Incline Bench Press (Barbell)",,"",0,"warmup",20,12,,,
"Push","Sep 8, 2025, 12:47 PM","Sep 8, 2025, 2:09 PM","","Incline Bench Press (Barbell)",,"",1,"normal",40,12,,,
"Push","Sep 8, 2025, 12:47 PM","Sep 8, 2025, 2:09 PM","","Incline Bench Press (Barbell)",,"",2,"normal",80,7,,,
"Push","Sep 8, 2025, 12:47 PM","Sep 8, 2025, 2:09 PM","","Incline Bench Press (Barbell)",,"",3,"normal",70,6,,,
"Push","Sep 8, 2025, 12:47 PM","Sep 8, 2025, 2:09 PM","","Incline Bench Press (Barbell)",,"",4,"normal",60,11,,,
"Push","Sep 8, 2025, 12:47 PM","Sep 8, 2025, 2:09 PM","","Triceps Pushdown",,"",0,"normal",35,12,,,
"Push","Sep 8, 2025, 12:47 PM","Sep 8, 2025, 2:09 PM","","Triceps Pushdown",,"",1,"normal",35,12,,,
"Push","Sep 8, 2025, 12:47 PM","Sep 8, 2025, 2:09 PM","","Triceps Pushdown",,"",2,"normal",35,12,,,
"Pull","Sep 3, 2025, 7:29 PM","Sep 3, 2025, 9:08 PM","","Lat Pulldown (Cable)",,"",0,"warmup",35,12,,,
"Pull","Sep 3, 2025, 7:29 PM","Sep 3, 2025, 9:08 PM","","Lat Pulldown (Cable)",,"",1,"normal",60,12,,,
"Pull","Sep 3, 2025, 7:29 PM","Sep 3, 2025, 9:08 PM","","Lat Pulldown (Cable)",,"",2,"normal",90,11,,,
"Pull","Sep 3, 2025, 7:29 PM","Sep 3, 2025, 9:08 PM","","Lat Pulldown (Cable)",,"",3,"normal",90,9,,,
"Pull","Sep 3, 2025, 7:29 PM","Sep 3, 2025, 9:08 PM","","Bent Over Row (Barbell)",,"",0,"warmup",90,12,,,
"Pull","Sep 3, 2025, 7:29 PM","Sep 3, 2025, 9:08 PM","","Bent Over Row (Barbell)",,"",1,"normal",80,15,,,
"Pull","Sep 3, 2025, 7:29 PM","Sep 3, 2025, 9:08 PM","","Straight Arm Lat Pulldown (Cable)",,"",0,"normal",37.5,12,,,
"Pull","Sep 3, 2025, 7:29 PM","Sep 3, 2025, 9:08 PM","","Straight Arm Lat Pulldown (Cable)",,"",1,"normal",37.5,12,,,
"Pull","Sep 3, 2025, 7:29 PM","Sep 3, 2025, 9:08 PM","","Seated Row (Machine)",,"",0,"normal",80,12,,,
"Pull","Sep 3, 2025, 7:29 PM","Sep 3, 2025, 9:08 PM","","Seated Row (Machine)",,"",1,"normal",80,12,,,
"Pull","Sep 3, 2025, 7:29 PM","Sep 3, 2025, 9:08 PM","","Seated Row (Machine)",,"",2,"normal",60,12,,,
"Pull","Sep 3, 2025, 7:29 PM","Sep 3, 2025, 9:08 PM","","Reverse Fly Single Arm (Cable)",,"",0,"normal",10,13,,,
"Pull","Sep 3, 2025, 7:29 PM","Sep 3, 2025, 9:08 PM","","Reverse Fly Single Arm (Cable)",,"",1,"normal",10,13,,,
"Pull","Sep 3, 2025, 7:29 PM","Sep 3, 2025, 9:08 PM","","Reverse Fly Single Arm (Cable)",,"",2,"normal",7.5,13,,,
"Pull","Sep 3, 2025, 7:29 PM","Sep 3, 2025, 9:08 PM","","Single Arm Triceps Pushdown (Cable)",,"",0,"normal",12.5,8,,,
"Pull","Sep 3, 2025, 7:29 PM","Sep 3, 2025, 9:08 PM","","Single Arm Triceps Pushdown (Cable)",,"",1,"normal",12.5,12,,,
"Pull","Sep 3, 2025, 7:29 PM","Sep 3, 2025, 9:08 PM","","Triceps Pushdown",,"",0,"normal",30,12,,,
"Pull","Sep 3, 2025, 7:29 PM","Sep 3, 2025, 9:08 PM","","Triceps Pushdown",,"",1,"normal",32.5,12,,,
"Pull","Sep 3, 2025, 7:29 PM","Sep 3, 2025, 9:08 PM","","Triceps Pushdown",,"",2,"normal",35,12,,,
"Pull","Sep 3, 2025, 7:29 PM","Sep 3, 2025, 9:08 PM","","Behind the Back Wrist Curl (Barbell)",,"",0,"normal",32,12,,,
"Pull","Sep 3, 2025, 7:29 PM","Sep 3, 2025, 9:08 PM","","Behind the Back Wrist Curl (Barbell)",,"",1,"normal",32,12,,,
"Pull","Sep 3, 2025, 7:29 PM","Sep 3, 2025, 9:08 PM","","Behind the Back Wrist Curl (Barbell)",,"",2,"normal",32,12,,,
"Legs","Sep 2, 2025, 7:48 PM","Sep 2, 2025, 9:47 PM","","Deadlift (Barbell)",,"",0,"warmup",20,12,,,
"Legs","Sep 2, 2025, 7:48 PM","Sep 2, 2025, 9:47 PM","","Deadlift (Barbell)",,"",1,"normal",80,12,,,
"Legs","Sep 2, 2025, 7:48 PM","Sep 2, 2025, 9:47 PM","","Deadlift (Barbell)",,"",2,"normal",120,12,,,
"Legs","Sep 2, 2025, 7:48 PM","Sep 2, 2025, 9:47 PM","","Deadlift (Barbell)",,"",3,"normal",120,12,,,
"Legs","Sep 2, 2025, 7:48 PM","Sep 2, 2025, 9:47 PM","","Leg Extension (Machine)",,"",0,"normal",91,15,,,
"Legs","Sep 2, 2025, 7:48 PM","Sep 2, 2025, 9:47 PM","","Leg Extension (Machine)",,"",1,"normal",111,12,,,
"Legs","Sep 2, 2025, 7:48 PM","Sep 2, 2025, 9:47 PM","","Split Squat (Dumbbell)",,"",0,"normal",25.5,12,,,
"Legs","Sep 2, 2025, 7:48 PM","Sep 2, 2025, 9:47 PM","","Split Squat (Dumbbell)",,"",1,"normal",45.5,12,,,
"Legs","Sep 2, 2025, 7:48 PM","Sep 2, 2025, 9:47 PM","","Split Squat (Dumbbell)",,"",2,"normal",45.5,12,,,
"Legs","Sep 2, 2025, 7:48 PM","Sep 2, 2025, 9:47 PM","","Standing Calf Raise (Machine)",,"",0,"normal",180,12,,,
"Legs","Sep 2, 2025, 7:48 PM","Sep 2, 2025, 9:47 PM","","Standing Calf Raise (Machine)",,"",1,"normal",180,12,,,
"Legs","Sep 2, 2025, 7:48 PM","Sep 2, 2025, 9:47 PM","","Standing Calf Raise (Machine)",,"",2,"normal",180,12,,,
"Push","Sep 1, 2025, 7:38 PM","Sep 1, 2025, 9:09 PM","Chest 🔥
Biceps 🔥","Lateral Raise (Cable)",,"",0,"normal",7.5,12,,,
"Push","Sep 1, 2025, 7:38 PM","Sep 1, 2025, 9:09 PM","Chest 🔥
Biceps 🔥","Lateral Raise (Cable)",,"",1,"normal",10,12,,,
"Push","Sep 1, 2025, 7:38 PM","Sep 1, 2025, 9:09 PM","Chest 🔥
Biceps 🔥","Lateral Raise (Cable)",,"",2,"normal",10,12,,,
"Push","Sep 1, 2025, 7:38 PM","Sep 1, 2025, 9:09 PM","Chest 🔥
Biceps 🔥","Bench Press (Dumbbell)",,"",0,"warmup",20,12,,,
"Push","Sep 1, 2025, 7:38 PM","Sep 1, 2025, 9:09 PM","Chest 🔥
Biceps 🔥","Bench Press (Dumbbell)",,"",1,"normal",28,12,,,
"Push","Sep 1, 2025, 7:38 PM","Sep 1, 2025, 9:09 PM","Chest 🔥
Biceps 🔥","Bench Press (Dumbbell)",,"",2,"normal",36,8,,,
"Push","Sep 1, 2025, 7:38 PM","Sep 1, 2025, 9:09 PM","Chest 🔥
Biceps 🔥","Bench Press (Dumbbell)",,"",3,"normal",36,8,,,
"Push","Sep 1, 2025, 7:38 PM","Sep 1, 2025, 9:09 PM","Chest 🔥
Biceps 🔥","Incline Bench Press (Smith Machine)",,"",0,"normal",35.5,12,,,
"Push","Sep 1, 2025, 7:38 PM","Sep 1, 2025, 9:09 PM","Chest 🔥
Biceps 🔥","Incline Bench Press (Smith Machine)",,"",1,"normal",70.5,12,,,
"Push","Sep 1, 2025, 7:38 PM","Sep 1, 2025, 9:09 PM","Chest 🔥
Biceps 🔥","Incline Bench Press (Smith Machine)",,"",2,"normal",70.5,12,,,
"Push","Sep 1, 2025, 7:38 PM","Sep 1, 2025, 9:09 PM","Chest 🔥
Biceps 🔥","Chest Fly (Dumbbell)",,"",0,"normal",12,12,,,
"Push","Sep 1, 2025, 7:38 PM","Sep 1, 2025, 9:09 PM","Chest 🔥
Biceps 🔥","Chest Fly (Dumbbell)",,"",1,"normal",20,12,,,
"Push","Sep 1, 2025, 7:38 PM","Sep 1, 2025, 9:09 PM","Chest 🔥
Biceps 🔥","Chest Fly (Dumbbell)",,"",2,"normal",20,12,,,
"Push","Sep 1, 2025, 7:38 PM","Sep 1, 2025, 9:09 PM","Chest 🔥
Biceps 🔥","Hammer Curl (Dumbbell)",,"",0,"normal",20,12,,,
"Push","Sep 1, 2025, 7:38 PM","Sep 1, 2025, 9:09 PM","Chest 🔥
Biceps 🔥","Hammer Curl (Dumbbell)",,"",1,"normal",20,12,,,
"Push","Sep 1, 2025, 7:38 PM","Sep 1, 2025, 9:09 PM","Chest 🔥
Biceps 🔥","Hammer Curl (Dumbbell)",,"",2,"normal",20,12,,,
"Push","Sep 1, 2025, 7:38 PM","Sep 1, 2025, 9:09 PM","Chest 🔥
Biceps 🔥","Preacher Curl (Barbell)",,"",0,"normal",30,12,,,
"Push","Sep 1, 2025, 7:38 PM","Sep 1, 2025, 9:09 PM","Chest 🔥
Biceps 🔥","Preacher Curl (Barbell)",,"",1,"normal",30,12,,,
"Push","Sep 1, 2025, 7:38 PM","Sep 1, 2025, 9:09 PM","Chest 🔥
Biceps 🔥","Preacher Curl (Barbell)",,"",2,"normal",30,12,,,
"Pull","Aug 29, 2025, 7:58 PM","Aug 29, 2025, 9:44 PM","","Lat Pulldown (Cable)",,"",0,"warmup",35,12,,,
"Pull","Aug 29, 2025, 7:58 PM","Aug 29, 2025, 9:44 PM","","Lat Pulldown (Cable)",,"",1,"normal",65,12,,,
"Pull","Aug 29, 2025, 7:58 PM","Aug 29, 2025, 9:44 PM","","Lat Pulldown (Cable)",,"",2,"normal",85,12,,,
"Pull","Aug 29, 2025, 7:58 PM","Aug 29, 2025, 9:44 PM","","Lat Pulldown (Cable)",,"",3,"normal",95,9,,,
"Pull","Aug 29, 2025, 7:58 PM","Aug 29, 2025, 9:44 PM","","Bent Over Row (Barbell)",,"",0,"warmup",20,12,,,
"Pull","Aug 29, 2025, 7:58 PM","Aug 29, 2025, 9:44 PM","","Bent Over Row (Barbell)",,"",1,"normal",70,12,,,
"Pull","Aug 29, 2025, 7:58 PM","Aug 29, 2025, 9:44 PM","","Bent Over Row (Barbell)",,"",2,"normal",90,12,,,
"Pull","Aug 29, 2025, 7:58 PM","Aug 29, 2025, 9:44 PM","","Straight Arm Lat Pulldown (Cable)",,"",0,"normal",35,12,,,
"Pull","Aug 29, 2025, 7:58 PM","Aug 29, 2025, 9:44 PM","","Straight Arm Lat Pulldown (Cable)",,"",1,"normal",35,12,,,
"Pull","Aug 29, 2025, 7:58 PM","Aug 29, 2025, 9:44 PM","","Seated Row (Machine)",,"",0,"normal",60,12,,,
"Pull","Aug 29, 2025, 7:58 PM","Aug 29, 2025, 9:44 PM","","Seated Row (Machine)",,"",1,"normal",80,12,,,
"Pull","Aug 29, 2025, 7:58 PM","Aug 29, 2025, 9:44 PM","","Seated Row (Machine)",,"",2,"normal",80,12,,,
"Pull","Aug 29, 2025, 7:58 PM","Aug 29, 2025, 9:44 PM","","Reverse Fly Single Arm (Cable)",,"",0,"normal",7.5,12,,,
"Pull","Aug 29, 2025, 7:58 PM","Aug 29, 2025, 9:44 PM","","Reverse Fly Single Arm (Cable)",,"",1,"normal",7.5,12,,,
"Pull","Aug 29, 2025, 7:58 PM","Aug 29, 2025, 9:44 PM","","Reverse Fly Single Arm (Cable)",,"",2,"normal",7.5,12,,,
"Pull","Aug 29, 2025, 7:58 PM","Aug 29, 2025, 9:44 PM","","Shrug (Cable)",,"",0,"normal",55,20,,,
"Pull","Aug 29, 2025, 7:58 PM","Aug 29, 2025, 9:44 PM","","Shrug (Cable)",,"",1,"normal",55,15,,,
"Pull","Aug 29, 2025, 7:58 PM","Aug 29, 2025, 9:44 PM","","Shrug (Cable)",,"",2,"normal",55,12,,,
"Pull","Aug 29, 2025, 7:58 PM","Aug 29, 2025, 9:44 PM","","Single Arm Triceps Pushdown (Cable)",,"",0,"normal",12.5,12,,,
"Pull","Aug 29, 2025, 7:58 PM","Aug 29, 2025, 9:44 PM","","Single Arm Triceps Pushdown (Cable)",,"",1,"normal",12.5,12,,,
"Pull","Aug 29, 2025, 7:58 PM","Aug 29, 2025, 9:44 PM","","Single Arm Triceps Pushdown (Cable)",,"",2,"normal",12.5,12,,,
"Pull","Aug 29, 2025, 7:58 PM","Aug 29, 2025, 9:44 PM","","Skullcrusher (Barbell)",,"",0,"normal",30,12,,,
"Pull","Aug 29, 2025, 7:58 PM","Aug 29, 2025, 9:44 PM","","Skullcrusher (Barbell)",,"",1,"normal",30,12,,,
"Pull","Aug 29, 2025, 7:58 PM","Aug 29, 2025, 9:44 PM","","Skullcrusher (Barbell)",,"",2,"normal",30,12,,,
"Push","Aug 27, 2025, 6:33 PM","Aug 27, 2025, 8:45 PM","Biceps are exploding","Chest Dip",,"",0,"normal",,15,,,
"Push","Aug 27, 2025, 6:33 PM","Aug 27, 2025, 8:45 PM","Biceps are exploding","Chest Dip",,"",1,"normal",,15,,,
"Push","Aug 27, 2025, 6:33 PM","Aug 27, 2025, 8:45 PM","Biceps are exploding","Behind the Back Curl (Cable)",,"",0,"normal",12.5,12,,,
"Push","Aug 27, 2025, 6:33 PM","Aug 27, 2025, 8:45 PM","Biceps are exploding","Behind the Back Curl (Cable)",,"",1,"normal",15,12,,,
"Push","Aug 27, 2025, 6:33 PM","Aug 27, 2025, 8:45 PM","Biceps are exploding","Lateral Raise (Cable)",,"",0,"normal",10,12,,,
"Push","Aug 27, 2025, 6:33 PM","Aug 27, 2025, 8:45 PM","Biceps are exploding","Lateral Raise (Cable)",,"",1,"normal",10,12,,,
"Push","Aug 27, 2025, 6:33 PM","Aug 27, 2025, 8:45 PM","Biceps are exploding","Lateral Raise (Cable)",,"",2,"normal",7.5,15,,,
"Push","Aug 27, 2025, 6:33 PM","Aug 27, 2025, 8:45 PM","Biceps are exploding","Bench Press (Dumbbell)",,"",0,"warmup",20,12,,,
"Push","Aug 27, 2025, 6:33 PM","Aug 27, 2025, 8:45 PM","Biceps are exploding","Bench Press (Dumbbell)",,"",1,"normal",28,12,,,
"Push","Aug 27, 2025, 6:33 PM","Aug 27, 2025, 8:45 PM","Biceps are exploding","Bench Press (Dumbbell)",,"",2,"normal",36,8,,,
"Push","Aug 27, 2025, 6:33 PM","Aug 27, 2025, 8:45 PM","Biceps are exploding","Bench Press (Dumbbell)",,"",3,"normal",36,8,,,
"Push","Aug 27, 2025, 6:33 PM","Aug 27, 2025, 8:45 PM","Biceps are exploding","Incline Bench Press (Barbell)",,"",0,"warmup",20,12,,,
"Push","Aug 27, 2025, 6:33 PM","Aug 27, 2025, 8:45 PM","Biceps are exploding","Incline Bench Press (Barbell)",,"",1,"normal",70,8,,,
"Push","Aug 27, 2025, 6:33 PM","Aug 27, 2025, 8:45 PM","Biceps are exploding","Incline Bench Press (Barbell)",,"",2,"normal",60,10,,,
"Push","Aug 27, 2025, 6:33 PM","Aug 27, 2025, 8:45 PM","Biceps are exploding","Incline Bench Press (Barbell)",,"",3,"normal",60,12,,,
"Push","Aug 27, 2025, 6:33 PM","Aug 27, 2025, 8:45 PM","Biceps are exploding","Low Cable Fly Crossovers",,"",0,"normal",12.5,12,,,
"Push","Aug 27, 2025, 6:33 PM","Aug 27, 2025, 8:45 PM","Biceps are exploding","Low Cable Fly Crossovers",,"",1,"normal",12.5,12,,,
"Push","Aug 27, 2025, 6:33 PM","Aug 27, 2025, 8:45 PM","Biceps are exploding","Low Cable Fly Crossovers",,"",2,"normal",12.5,12,,,
"Push","Aug 27, 2025, 6:33 PM","Aug 27, 2025, 8:45 PM","Biceps are exploding","Preacher Curl (Barbell)",,"",0,"normal",30,12,,,
"Push","Aug 27, 2025, 6:33 PM","Aug 27, 2025, 8:45 PM","Biceps are exploding","Preacher Curl (Barbell)",,"",1,"normal",30,12,,,
"Push","Aug 27, 2025, 6:33 PM","Aug 27, 2025, 8:45 PM","Biceps are exploding","Preacher Curl (Barbell)",,"",2,"normal",30,12,,,
"Push","Aug 27, 2025, 6:33 PM","Aug 27, 2025, 8:45 PM","Biceps are exploding","Hammer Curl (Dumbbell)",,"",0,"normal",20,10,,,
"Push","Aug 27, 2025, 6:33 PM","Aug 27, 2025, 8:45 PM","Biceps are exploding","Hammer Curl (Dumbbell)",,"",1,"normal",18,12,,,
"Push","Aug 27, 2025, 6:33 PM","Aug 27, 2025, 8:45 PM","Biceps are exploding","Hammer Curl (Dumbbell)",,"",2,"normal",18,10,,,
"Pull","Aug 26, 2025, 6:58 PM","Aug 26, 2025, 10:49 PM","","Lat Pulldown (Cable)",,"",0,"warmup",25,12,,,
"Pull","Aug 26, 2025, 6:58 PM","Aug 26, 2025, 10:49 PM","","Lat Pulldown (Cable)",,"",1,"normal",45,12,,,
"Pull","Aug 26, 2025, 6:58 PM","Aug 26, 2025, 10:49 PM","","Lat Pulldown (Cable)",,"",2,"normal",60,12,,,
"Pull","Aug 26, 2025, 6:58 PM","Aug 26, 2025, 10:49 PM","","Lat Pulldown (Cable)",,"",3,"normal",80,12,,,
"Pull","Aug 26, 2025, 6:58 PM","Aug 26, 2025, 10:49 PM","","Lat Pulldown (Cable)",,"",4,"normal",90,10,,,
"Pull","Aug 26, 2025, 6:58 PM","Aug 26, 2025, 10:49 PM","","Bent Over Row (Barbell)",,"",0,"warmup",20,12,,,
"Pull","Aug 26, 2025, 6:58 PM","Aug 26, 2025, 10:49 PM","","Bent Over Row (Barbell)",,"",1,"normal",60,12,,,
"Pull","Aug 26, 2025, 6:58 PM","Aug 26, 2025, 10:49 PM","","Bent Over Row (Barbell)",,"",2,"normal",70,15,,,
"Pull","Aug 26, 2025, 6:58 PM","Aug 26, 2025, 10:49 PM","","Bent Over Row (Barbell)",,"",3,"normal",82.5,12,,,
"Pull","Aug 26, 2025, 6:58 PM","Aug 26, 2025, 10:49 PM","","Reverse Fly Single Arm (Cable)",,"",0,"normal",10,12,,,
"Pull","Aug 26, 2025, 6:58 PM","Aug 26, 2025, 10:49 PM","","Reverse Fly Single Arm (Cable)",,"",1,"normal",8,12,,,
"Pull","Aug 26, 2025, 6:58 PM","Aug 26, 2025, 10:49 PM","","Reverse Fly Single Arm (Cable)",,"",2,"normal",8,12,,,
"Pull","Aug 26, 2025, 6:58 PM","Aug 26, 2025, 10:49 PM","","Overhead Triceps Extension (Cable)",,"",0,"warmup",20,12,,,
"Pull","Aug 26, 2025, 6:58 PM","Aug 26, 2025, 10:49 PM","","Overhead Triceps Extension (Cable)",,"",1,"normal",30,12,,,
"Pull","Aug 26, 2025, 6:58 PM","Aug 26, 2025, 10:49 PM","","Overhead Triceps Extension (Cable)",,"",2,"normal",30,12,,,
"Pull","Aug 26, 2025, 6:58 PM","Aug 26, 2025, 10:49 PM","","Overhead Triceps Extension (Cable)",,"",3,"normal",30,12,,,
"Push","Aug 23, 2025, 12:26 PM","Aug 23, 2025, 1:15 PM","","Incline Bench Press (Dumbbell)",,"",0,"warmup",20,12,,,
"Push","Aug 23, 2025, 12:26 PM","Aug 23, 2025, 1:15 PM","","Incline Bench Press (Dumbbell)",,"",1,"normal",34,11,,,
"Push","Aug 23, 2025, 12:26 PM","Aug 23, 2025, 1:15 PM","","Incline Bench Press (Dumbbell)",,"",2,"normal",34,9,,,
"Push","Aug 23, 2025, 12:26 PM","Aug 23, 2025, 1:15 PM","","Chest Fly (Machine)",,"",0,"normal",65,12,,,
"Push","Aug 23, 2025, 12:26 PM","Aug 23, 2025, 1:15 PM","","Chest Fly (Machine)",,"",1,"normal",65,12,,,
"Push","Aug 23, 2025, 12:26 PM","Aug 23, 2025, 1:15 PM","","Chest Dip",,"",0,"normal",,15,,,
"Push","Aug 23, 2025, 12:26 PM","Aug 23, 2025, 1:15 PM","","Chest Dip",,"",1,"normal",,15,,,
"Push","Aug 23, 2025, 12:26 PM","Aug 23, 2025, 1:15 PM","","Bicep Curl (Dumbbell)",,"",0,"normal",18,12,,,
"Push","Aug 23, 2025, 12:26 PM","Aug 23, 2025, 1:15 PM","","Bicep Curl (Dumbbell)",,"",1,"normal",18,10,,,
"Push","Aug 23, 2025, 12:26 PM","Aug 23, 2025, 1:15 PM","","Bench Press (Barbell)",,"",0,"normal",70,12,,,
"Push","Aug 23, 2025, 12:26 PM","Aug 23, 2025, 1:15 PM","","Bench Press (Barbell)",,"",1,"normal",75,10,,,
"Push","Aug 23, 2025, 12:26 PM","Aug 23, 2025, 1:15 PM","","Bench Press (Barbell)",,"",2,"normal",75,9,,,
"Pull","Aug 21, 2025, 5:17 PM","Aug 21, 2025, 7:16 PM","A little bit of rehab for my strained back nina made me go. Ended up actually being fine and i could lift just over half what i usually do without any strain","Lat Pulldown (Cable)",,"Testing how it felt at different intensities. I could feel it slightly during each time. Not particularly sore but more fatigue",0,"warmup",15,12,,,
"Pull","Aug 21, 2025, 5:17 PM","Aug 21, 2025, 7:16 PM","A little bit of rehab for my strained back nina made me go. Ended up actually being fine and i could lift just over half what i usually do without any strain","Lat Pulldown (Cable)",,"Testing how it felt at different intensities. I could feel it slightly during each time. Not particularly sore but more fatigue",1,"normal",35,12,,,
"Pull","Aug 21, 2025, 5:17 PM","Aug 21, 2025, 7:16 PM","A little bit of rehab for my strained back nina made me go. Ended up actually being fine and i could lift just over half what i usually do without any strain","Lat Pulldown (Cable)",,"Testing how it felt at different intensities. I could feel it slightly during each time. Not particularly sore but more fatigue",2,"normal",50,12,,,
"Pull","Aug 21, 2025, 5:17 PM","Aug 21, 2025, 7:16 PM","A little bit of rehab for my strained back nina made me go. Ended up actually being fine and i could lift just over half what i usually do without any strain","Seated Row (Machine)",,"I could barely feel my injured side at all so by the end I could push pretty close to normal without needing to think about my back",0,"normal",30,12,,,
"Pull","Aug 21, 2025, 5:17 PM","Aug 21, 2025, 7:16 PM","A little bit of rehab for my strained back nina made me go. Ended up actually being fine and i could lift just over half what i usually do without any strain","Seated Row (Machine)",,"I could barely feel my injured side at all so by the end I could push pretty close to normal without needing to think about my back",1,"normal",50,12,,,
"Pull","Aug 21, 2025, 5:17 PM","Aug 21, 2025, 7:16 PM","A little bit of rehab for my strained back nina made me go. Ended up actually being fine and i could lift just over half what i usually do without any strain","Seated Row (Machine)",,"I could barely feel my injured side at all so by the end I could push pretty close to normal without needing to think about my back",2,"normal",70,12,,,
"Pull","Aug 21, 2025, 5:17 PM","Aug 21, 2025, 7:16 PM","A little bit of rehab for my strained back nina made me go. Ended up actually being fine and i could lift just over half what i usually do without any strain","Reverse Fly Single Arm (Cable)",,"",0,"normal",10,12,,,
"Pull","Aug 21, 2025, 5:17 PM","Aug 21, 2025, 7:16 PM","A little bit of rehab for my strained back nina made me go. Ended up actually being fine and i could lift just over half what i usually do without any strain","Reverse Fly Single Arm (Cable)",,"",1,"normal",7.5,12,,,
"Pull","Aug 21, 2025, 5:17 PM","Aug 21, 2025, 7:16 PM","A little bit of rehab for my strained back nina made me go. Ended up actually being fine and i could lift just over half what i usually do without any strain","Reverse Fly Single Arm (Cable)",,"",2,"normal",7.5,12,,,
"Pull","Aug 21, 2025, 5:17 PM","Aug 21, 2025, 7:16 PM","A little bit of rehab for my strained back nina made me go. Ended up actually being fine and i could lift just over half what i usually do without any strain","Shrug (Cable)",,"",0,"normal",30,15,,,
"Pull","Aug 21, 2025, 5:17 PM","Aug 21, 2025, 7:16 PM","A little bit of rehab for my strained back nina made me go. Ended up actually being fine and i could lift just over half what i usually do without any strain","Shrug (Cable)",,"",1,"normal",50,15,,,
"Pull","Aug 21, 2025, 5:17 PM","Aug 21, 2025, 7:16 PM","A little bit of rehab for my strained back nina made me go. Ended up actually being fine and i could lift just over half what i usually do without any strain","Shrug (Cable)",,"",2,"normal",50,15,,,
"Pull","Aug 21, 2025, 5:17 PM","Aug 21, 2025, 7:16 PM","A little bit of rehab for my strained back nina made me go. Ended up actually being fine and i could lift just over half what i usually do without any strain","Overhead Triceps Extension (Cable)",,"",0,"warmup",20,12,,,
"Pull","Aug 21, 2025, 5:17 PM","Aug 21, 2025, 7:16 PM","A little bit of rehab for my strained back nina made me go. Ended up actually being fine and i could lift just over half what i usually do without any strain","Overhead Triceps Extension (Cable)",,"",1,"normal",30,12,,,
"Pull","Aug 21, 2025, 5:17 PM","Aug 21, 2025, 7:16 PM","A little bit of rehab for my strained back nina made me go. Ended up actually being fine and i could lift just over half what i usually do without any strain","Overhead Triceps Extension (Cable)",,"",2,"normal",30,12,,,
"Pull","Aug 21, 2025, 5:17 PM","Aug 21, 2025, 7:16 PM","A little bit of rehab for my strained back nina made me go. Ended up actually being fine and i could lift just over half what i usually do without any strain","Overhead Triceps Extension (Cable)",,"",3,"normal",30,12,,,
"Pull","Aug 21, 2025, 5:17 PM","Aug 21, 2025, 7:16 PM","A little bit of rehab for my strained back nina made me go. Ended up actually being fine and i could lift just over half what i usually do without any strain","Seated Palms Up Wrist Curl",,"",0,"normal",14,12,,,
"Pull","Aug 21, 2025, 5:17 PM","Aug 21, 2025, 7:16 PM","A little bit of rehab for my strained back nina made me go. Ended up actually being fine and i could lift just over half what i usually do without any strain","Seated Palms Up Wrist Curl",,"",1,"normal",14,12,,,
"Pull","Aug 21, 2025, 5:17 PM","Aug 21, 2025, 7:16 PM","A little bit of rehab for my strained back nina made me go. Ended up actually being fine and i could lift just over half what i usually do without any strain","Seated Palms Up Wrist Curl",,"",2,"normal",14,12,,,
"Pull","Aug 21, 2025, 5:17 PM","Aug 21, 2025, 7:16 PM","A little bit of rehab for my strained back nina made me go. Ended up actually being fine and i could lift just over half what i usually do without any strain","Seated Wrist Extension (Barbell)",,"",0,"normal",14,12,,,
"Pull","Aug 21, 2025, 5:17 PM","Aug 21, 2025, 7:16 PM","A little bit of rehab for my strained back nina made me go. Ended up actually being fine and i could lift just over half what i usually do without any strain","Seated Wrist Extension (Barbell)",,"",1,"normal",14,12,,,
"Pull","Aug 21, 2025, 5:17 PM","Aug 21, 2025, 7:16 PM","A little bit of rehab for my strained back nina made me go. Ended up actually being fine and i could lift just over half what i usually do without any strain","Seated Wrist Extension (Barbell)",,"",2,"normal",14,12,,,
"Legs","Aug 20, 2025, 3:42 PM","Aug 20, 2025, 5:16 PM","My back started getting sore in a bad eay on my injured side so i decided to stop doing abs","Squat (Barbell)",,"",0,"warmup",20,6,,,
"Legs","Aug 20, 2025, 3:42 PM","Aug 20, 2025, 5:16 PM","My back started getting sore in a bad eay on my injured side so i decided to stop doing abs","Squat (Barbell)",,"",1,"warmup",60,10,,,
"Legs","Aug 20, 2025, 3:42 PM","Aug 20, 2025, 5:16 PM","My back started getting sore in a bad eay on my injured side so i decided to stop doing abs","Squat (Barbell)",,"",2,"normal",100,10,,,
"Legs","Aug 20, 2025, 3:42 PM","Aug 20, 2025, 5:16 PM","My back started getting sore in a bad eay on my injured side so i decided to stop doing abs","Squat (Barbell)",,"",3,"normal",100,12,,,
"Legs","Aug 20, 2025, 3:42 PM","Aug 20, 2025, 5:16 PM","My back started getting sore in a bad eay on my injured side so i decided to stop doing abs","Deadlift (Barbell)",,"",0,"warmup",60,8,,,
"Legs","Aug 20, 2025, 3:42 PM","Aug 20, 2025, 5:16 PM","My back started getting sore in a bad eay on my injured side so i decided to stop doing abs","Deadlift (Barbell)",,"",1,"normal",100,12,,,
"Legs","Aug 20, 2025, 3:42 PM","Aug 20, 2025, 5:16 PM","My back started getting sore in a bad eay on my injured side so i decided to stop doing abs","Deadlift (Barbell)",,"",2,"normal",100,12,,,
"Legs","Aug 20, 2025, 3:42 PM","Aug 20, 2025, 5:16 PM","My back started getting sore in a bad eay on my injured side so i decided to stop doing abs","Deadlift (Barbell)",,"",3,"normal",100,12,,,
"Legs","Aug 20, 2025, 3:42 PM","Aug 20, 2025, 5:16 PM","My back started getting sore in a bad eay on my injured side so i decided to stop doing abs","Leg Extension (Machine)",,"",0,"normal",95,12,,,
"Legs","Aug 20, 2025, 3:42 PM","Aug 20, 2025, 5:16 PM","My back started getting sore in a bad eay on my injured side so i decided to stop doing abs","Leg Extension (Machine)",,"",1,"normal",95,12,,,
"Legs","Aug 20, 2025, 3:42 PM","Aug 20, 2025, 5:16 PM","My back started getting sore in a bad eay on my injured side so i decided to stop doing abs","Leg Extension (Machine)",,"",2,"normal",100,12,,,
"Legs","Aug 20, 2025, 3:42 PM","Aug 20, 2025, 5:16 PM","My back started getting sore in a bad eay on my injured side so i decided to stop doing abs","Standing Calf Raise (Machine)",,"",0,"normal",110,15,,,
"Legs","Aug 20, 2025, 3:42 PM","Aug 20, 2025, 5:16 PM","My back started getting sore in a bad eay on my injured side so i decided to stop doing abs","Standing Calf Raise (Machine)",,"",1,"normal",110,20,,,
"Legs","Aug 20, 2025, 3:42 PM","Aug 20, 2025, 5:16 PM","My back started getting sore in a bad eay on my injured side so i decided to stop doing abs","Standing Calf Raise (Machine)",,"",2,"normal",110,18,,,
"Legs","Aug 20, 2025, 3:42 PM","Aug 20, 2025, 5:16 PM","My back started getting sore in a bad eay on my injured side so i decided to stop doing abs","Spinning",,"",0,"normal",,,,1380,